scenario,dataset,angle_deg,thickness_um,weighted_rmse,affine_scale,affine_offset,effective_points,point_weight_sum
all_equal,SiC_10deg,10.0,7.2,0.005552521709508988,0.7427543728084027,0.04225143360020814,865,865.0
all_equal,SiC_15deg,15.0,7.2,0.005213132412026494,0.8863089415280303,0.024334477504481644,865,865.0
all_equal,joint,,7.2,0.005382827060767742,,,1730,1730.0
all_equal,SiC_10deg,10.0,7.205,0.005506682779159017,0.7469257766183004,0.0414948403681944,865,865.0
all_equal,SiC_15deg,15.0,7.205,0.00514607456854933,0.8910036213864759,0.023483099340193103,865,865.0
all_equal,joint,,7.205,0.005326378673854173,,,1730,1730.0
all_equal,SiC_10deg,10.0,7.21,0.005459283902660944,0.7511943693716112,0.040720576015888466,865,865.0
all_equal,SiC_15deg,15.0,7.21,0.00507752074685119,0.8957349496762019,0.022624936623897585,865,865.0
all_equal,joint,,7.21,0.005268402324756067,,,1730,1730.0
all_equal,SiC_10deg,10.0,7.215,0.005410310907944045,0.755557625239404,0.03992910119185161,865,865.0
all_equal,SiC_15deg,15.0,7.215,0.00500748690412937,0.9004986001830841,0.021760775937888194,865,865.0
all_equal,joint,,7.215,0.005208898906036708,,,1730,1730.0
all_equal,SiC_10deg,10.0,7.22,0.0053597503402419274,0.7600128812512438,0.039120901586849,865,865.0
all_equal,SiC_15deg,15.0,7.22,0.004935991543848078,0.9052901963781521,0.020891413413631127,865,865.0
all_equal,joint,,7.22,0.005147870942045003,,,1730,1730.0
all_equal,SiC_10deg,10.0,7.225,0.005307589527658525,0.7645573347282082,0.038296488389534006,865,865.0
all_equal,SiC_15deg,15.0,7.225,0.004863055876362753,0.9101053146311349,0.020017654139448338,865,865.0
all_equal,joint,,7.225,0.005085322702010639,,,1730,1730.0
all_equal,SiC_10deg,10.0,7.23,0.00525381665157487,0.7691880405126141,0.037456398777611644,865,865.0
all_equal,SiC_15deg,15.0,7.23,0.004788703998121635,0.9149394868436272,0.01914031167078281,865,865.0
all_equal,joint,,7.23,0.005021260324848253,,,1730,1730.0
all_equal,SiC_10deg,10.0,7.235,0.005198420822100271,0.7739019080310786,0.036601196437842015,865,865.0
all_equal,SiC_15deg,15.0,7.235,0.004712963092023626,0.9197882025168707,0.018260207640360127,865,865.0
all_equal,joint,,7.235,0.004955691957061948,,,1730,1730.0
all_equal,SiC_10deg,10.0,7.24,0.00514139215878057,0.7786956982338996,0.03573147210710423,865,865.0
all_equal,SiC_15deg,15.0,7.24,0.004635863651849487,0.9246469102805596,0.017378171463514253,865,865.0
all_equal,joint,,7.24,0.004888627905315028,,,1730,1730.0
all_equal,SiC_10deg,10.0,7.245,0.005082721876790046,0.7835660204597175,0.034847844125665856,865,865.0
all_equal,SiC_15deg,15.0,7.245,0.004557439734074801,0.9295110189201273,0.016495040131964483,865,865.0
all_equal,joint,,7.245,0.004820080805432423,,,1730,1730.0
all_equal,SiC_10deg,10.0,7.25,0.005022402378852722,0.7885093292799856,0.03395095899280651,865,865.0
all_equal,SiC_15deg,15.0,7.25,0.004477729240826091,0.9343758979505592,0.015611658087430563,865,865.0
all_equal,joint,,7.25,0.004750065809839407,,,1730,1730.0
all_equal,SiC_10deg,10.0,7.255,0.004960427353165677,0.7935219213827729,0.033041491914047455,865,865.0
all_equal,SiC_15deg,15.0,7.255,0.0043967742382668516,0.9392368777946675,0.01472887716470006,865,865.0
all_equal,joint,,7.255,0.0046786007957162635,,,1730,1730.0
all_equal,SiC_10deg,10.0,7.26,0.004896791877633169,0.7985999325598018,0.03212014732845675,865,865.0
all_equal,SiC_15deg,15.0,7.26,0.004314621315308634,0.9440892496328301,0.01384755659213635,865,865.0
all_equal,joint,,7.26,0.004605706596470901,,,1730,1730.0
all_equal,SiC_10deg,10.0,7.265,0.004831492530768289,0.8037393348643115,0.031187659403839968,865,865.0
all_equal,SiC_15deg,15.0,7.265,0.004231321988245241,0.9489282649993043,0.01296856303616184,865,865.0
all_equal,joint,,7.265,0.004531407259506765,,,1730,1730.0
all_equal,SiC_10deg,10.0,7.27,0.004764527509681415,0.8089359340102225,0.03024479248711498,865,865.0
all_equal,SiC_15deg,15.0,7.27,0.004146933157717705,0.9537491352072025,0.012092770674999781,865,865.0
all_equal,joint,,7.27,0.00445573033369956,,,1730,1730.0
all_equal,SiC_10deg,10.0,7.275,0.004695896755655622,0.814185367085141,0.02929234149680443,865,865.0
all_equal,SiC_15deg,15.0,7.275,0.004061517625344298,0.9585470306900074,0.011221061285925177,865,865.0
all_equal,joint,,7.275,0.0043787071904999595,,,1730,1730.0
all_equal,SiC_10deg,10.0,7.28,0.004625602087912348,0.8194831006508951,0.02833113224438008,865,865.0
all_equal,SiC_15deg,15.0,7.28,0.003975144678402811,0.9633170803519461,0.010354324329476694,865,865.0
all_equal,joint,,7.28,0.004300373383157579,,,1730,1730.0
all_equal,SiC_10deg,10.0,7.285,0.004553647346301595,0.8248244293054764,0.027362021671172215,865,865.0
all_equal,SiC_15deg,15.0,7.285,0.00388789075213446,0.9680543710226194,0.009493457013537793,865,865.0
all_equal,joint,,7.285,0.004220769049218027,,,1730,1730.0
all_equal,SiC_10deg,10.0,7.29,0.004480038543816124,0.8302044747794634,0.02638589798770774,865,865.0
all_equal,SiC_15deg,15.0,7.29,0.0037998401805477713,0.9727539471128659,0.008639364319915133,865,865.0
all_equal,joint,,7.29,0.004139939362181947,,,1730,1730.0
all_equal,SiC_10deg,10.0,7.295,0.0044047840300357926,0.8356181856381855,0.025403680702684256,865,865.0
all_equal,SiC_15deg,15.0,7.295,0.0037110860480164725,0.9774108105689812,0.007792958976022973,865,865.0
all_equal,joint,,7.295,0.0040579350390261325,,,1730,1730.0
all_equal,SiC_10deg,10.0,7.3,0.00432789466686684,0.8410603376580057,0.024416320529314556,865,865.0
all_equal,SiC_15deg,15.0,7.3,0.003621731155450052,0.982019921220988,0.006955161354548739,865,865.0
all_equal,joint,,7.3,0.003974812911158446,,,1730,1730.0
all_equal,SiC_10deg,10.0,7.305,0.0042493840182626875,0.8465255349411974,0.02342479915749568,865,865.0
all_equal,SiC_15deg,15.0,7.305,0.0035318891162955924,0.9865761976177339,0.00612689928450566,865,865.0
all_equal,joint,,7.305,0.00389063656727914,,,1730,1730.0
all_equal,SiC_10deg,10.0,7.31,0.004169268556013063,0.8520082118289543,0.022430128881158834,865,865.0
all_equal,SiC_15deg,15.0,7.31,0.00344168559898075,0.9910745184372103,0.005309107757878212,865,865.0
all_equal,joint,,7.31,0.003805477077496906,,,1730,1730.0
all_equal,SiC_10deg,10.0,7.315,0.004087567884184904,0.857502635666115,0.021433352071244832,865,865.0
all_equal,SiC_15deg,15.0,7.315,0.0033512597334332756,0.9955097245545834,0.004502728517137788,865,865.0
all_equal,joint,,7.315,0.00371941380880909,,,1730,1730.0
all_equal,SiC_10deg,10.0,7.32,0.004004304985415387,0.8630029104642877,0.020435540486008735,865,865.0
all_equal,SiC_15deg,15.0,7.32,0.0032607656997047465,0.9998766218432019,0.003708709510216096,865,865.0
all_equal,joint,,7.32,0.0036325353425600664,,,1730,1730.0
all_equal,SiC_10deg,10.0,7.325,0.003919506493022316,0.8685029815022854,0.019437794411772874,865,865.0
all_equal,SiC_15deg,15.0,7.325,0.0031703745160246966,1.004169984775268,0.002928004201080192,865,865.0
all_equal,joint,,7.325,0.003544940504523506,,,1730,1730.0
all_equal,SiC_10deg,10.0,7.33,0.0038332029938489944,0.8739966408941333,0.018441241628822436,865,865.0
all_equal,SiC_15deg,15.0,7.33,0.00308027604114049,1.0083845608790825,0.002161570725823375,865,865.0
all_equal,joint,,7.33,0.0034567395174947423,,,1730,1730.0
all_equal,SiC_10deg,10.0,7.335,0.0037454293679433396,0.879477534145622,0.017447036198827037,865,865.0
all_equal,SiC_15deg,15.0,7.335,0.002990681200587058,1.0125150760989008,0.001410370886155643,865,865.0
all_equal,joint,,7.335,0.0033680552842651986,,,1730,1730.0
all_equal,SiC_10deg,10.0,7.34,0.0036562251726464682,0.8849391677104607,0.016456357071975403,865,865.0
all_equal,SiC_15deg,15.0,7.34,0.002901824437225138,1.016556241091623,0.0006753689743165814,865,865.0
all_equal,joint,,7.34,0.003279024804935803,,,1730,1730.0
all_equal,SiC_10deg,10.0,7.345,0.003565635080508199,0.8903749175466994,0.015470406513894003,865,865.0
all_equal,SiC_15deg,15.0,7.345,0.0028139663711440497,1.0205027584819062,-4.246957428122311e-05,865,865.0
all_equal,joint,,7.345,0.003189800725826124,,,1730,1730.0
all_equal,SiC_10deg,10.0,7.35,0.0034737093827542915,0.8957780386634174,0.01449040835436069,865,865.0
all_equal,SiC_15deg,15.0,7.35,0.0027273966304318218,1.0243493310840384,-0.0007421797019714349,865,865.0
all_equal,joint,,7.35,0.003100553006593056,,,1730,1730.0
all_equal,SiC_10deg,10.0,7.355,0.003380504572926182,0.9011416756368703,0.013517606061779819,865,865.0
all_equal,SiC_15deg,15.0,7.355,0.002642436779359572,1.0280906710852287,-0.0014227984221362733,865,865.0
all_equal,joint,,7.355,0.003011470676142877,,,1730,1730.0
all_equal,SiC_10deg,10.0,7.36,0.003286084028959527,0.9064588740644826,0.012553260649346643,865,865.0
all_equal,SiC_15deg,15.0,7.36,0.0025594432207158356,1.0317215101710093,-0.002083366681188109,865,865.0
all_equal,joint,,7.36,0.0029227636248376813,,,1730,1730.0
all_equal,SiC_10deg,10.0,7.365,0.003190518816566718,0.9117225929145754,0.011598648420725832,865,865.0
all_equal,SiC_15deg,15.0,7.365,0.002478809880787485,1.0352366105595108,-0.0027229313830096913,865,865.0
all_equal,joint,,7.365,0.0028346643486771017,,,1730,1730.0
all_equal,SiC_10deg,10.0,7.37,0.0030938886426044314,0.9169257177195556,0.010655058564909586,865,865.0
all_equal,SiC_15deg,15.0,7.37,0.0024009703960663235,1.0386307768975442,-0.0033405475671342277,865,865.0
all_equal,joint,,7.37,0.0027474295193353777,,,1730,1730.0
all_equal,SiC_10deg,10.0,7.375,0.0029962829944719534,0.9220610745508303,0.00972379061162637,865,865.0
all_equal,SiC_15deg,15.0,7.375,0.002326399409902607,1.0418988689580997,-0.0039352807295452985,865,865.0
all_equal,joint,,7.375,0.0026613412021872806,,,1730,1730.0
all_equal,SiC_10deg,10.0,7.38,0.002897802510921297,0.9271214447050322,0.008806151760238023,865,865.0
all_equal,SiC_15deg,15.0,7.38,0.0022556124599870052,1.045035815066103,-0.004506209272671813,865,865.0
all_equal,joint,,7.38,0.0025767074854541514,,,1730,1730.0
all_equal,SiC_10deg,10.0,7.385,0.002798560641486633,0.9320995800234657,0.007903454096442358,865,865.0
all_equal,SiC_15deg,15.0,7.385,0.002189163807755294,1.0480366261674199,-0.005052427069021009,865,865.0
all_equal,joint,,7.385,0.0024938622246209637,,,1730,1730.0
all_equal,SiC_10deg,10.0,7.39,0.0026986856666892257,0.9369882187602084,0.0070170117122594355,865,865.0
all_equal,SiC_15deg,15.0,7.39,0.0021276414562310625,1.0508964104452951,-0.005573046120949998,865,865.0
all_equal,joint,,7.39,0.002413163561460144,,,1730,1730.0
all_equal,SiC_10deg,10.0,7.395,0.0025983231699755666,0.9417801019091445,0.006148137745699445,865,865.0
all_equal,SiC_15deg,15.0,7.395,0.002071658568337955,1.0536103883789067,-0.006067199297369763,865,865.0
all_equal,joint,,7.395,0.0023349908691567608,,,1730,1730.0
all_equal,SiC_10deg,10.0,7.4,0.0024976390757823564,0.94646798989654,0.005298141357156533,865,865.0
all_equal,SiC_15deg,15.0,7.4,0.00202184059482813,1.0561739081306987,-0.0065340431267426335,865,865.0
all_equal,joint,,7.4,0.002259739835305243,,,1730,1730.0
all_equal,SiC_10deg,10.0,7.405,0.002396823396894182,0.9510446795436484,0.004468324659941431,865,865.0
all_equal,SiC_15deg,15.0,7.405,0.0019788077179862993,1.0585824611427472,-0.006972760624592039,865,865.0
all_equal,joint,,7.405,0.0021878155574402407,,,1730,1730.0
all_equal,SiC_10deg,10.0,7.41,0.0022960948686977793,0.9555030212033989,0.0036599796224190406,865,865.0
all_equal,SiC_15deg,15.0,7.41,0.0019431527653715364,1.0608316978178465,-0.007382564132937641,865,865.0
all_equal,joint,,7.41,0.002119623817034658,,,1730,1730.0
all_equal,SiC_10deg,10.0,7.415,0.0021957066874047767,0.959835935976425,0.0028743849589805692,865,865.0
all_equal,SiC_15deg,15.0,7.415,0.001915415542944179,1.0629174431582922,-0.00776269814860267,865,865.0
all_equal,joint,,7.415,0.0020555611151744776,,,1730,1730.0
all_equal,SiC_10deg,10.0,7.42,0.002095953611052012,0.9640364329145931,0.0021128030265259445,865,865.0
all_equal,SiC_15deg,15.0,7.42,0.0018960554780375204,1.0648357122346386,-0.008112442117234414,865,865.0
all_equal,joint,,7.42,0.001996004544544766,,,1730,1730.0
all_equal,SiC_10deg,10.0,7.425,0.0019971807190792648,0.968097626124731,0.0013764767422869417,865,865.0
all_equal,SiC_15deg,15.0,7.425,0.0018854253327384857,1.0665827253580287,-0.008431113170148136,865,865.0
all_equal,joint,,7.425,0.0019413030259088752,,,1730,1730.0
all_equal,SiC_10deg,10.0,7.43,0.0018997941434356728,0.972012751691284,0.0006666265377000824,865,865.0
all_equal,SiC_15deg,15.0,7.43,0.0018837492495133333,1.0681549228330232,-0.008718068781730703,865,865.0
all_equal,joint,,7.43,0.001891771696474503,,,1730,1730.0
all_equal,SiC_10deg,10.0,7.435,0.0018042740518495566,0.9757751843441337,-1.555263834862597e-05,865,865.0
all_equal,SiC_15deg,15.0,7.435,0.0018911082489659605,1.0695489791731667,-0.008972709326131284,865,865.0
all_equal,joint,,7.435,0.0018476911504077586,,,1730,1730.0
all_equal,SiC_10deg,10.0,7.44,0.0017111900277020846,0.9793784538064403,-0.0006688942551750787,865,865.0
all_equal,SiC_15deg,15.0,7.44,0.001907435404902543,1.0707618166687671,-0.009194480513304903,865,865.0
all_equal,joint,,7.44,0.0018093127163023139,,,1730,1730.0
all_equal,SiC_10deg,10.0,7.445,0.0016212186572976202,0.9828162607671125,-0.0012922630649079558,865,865.0
all_equal,SiC_15deg,15.0,7.445,0.0019325214289521383,1.0717906182052859,-0.009382875686118619,865,865.0
all_equal,joint,,7.445,0.0017768700431248794,,,1730,1730.0
all_equal,SiC_10deg,10.0,7.45,0.0015351624559272305,0.9860824924329232,-0.001884557888036792,865,865.0
all_equal,SiC_15deg,15.0,7.45,0.0019660297017147174,1.0726328392413216,-0.009537437962173795,865,865.0
all_equal,joint,,7.45,0.001750596078820974,,,1730,1730.0
all_equal,SiC_10deg,10.0,7.455,0.001453968032043555,0.9891712376262204,-0.0024447143138826566,865,865.0
all_equal,SiC_15deg,15.0,7.455,0.0020075183710776138,1.0732862188670615,-0.009657762206181891,865,865.0
all_equal,joint,,7.455,0.0017307432015605843,,,1730,1730.0
all_equal,SiC_10deg,10.0,7.46,0.0013787393810132116,0.9920768014052725,-0.0029717073120147652,865,865.0
all_equal,SiC_15deg,15.0,7.46,0.002056466361948103,1.0737487898771378,-0.009743496821118608,865,865.0
all_equal,joint,,7.46,0.001717602871480657,,,1730,1730.0
all_equal,SiC_10deg,10.0,7.465,0.001310739337337244,0.9947937191952411,-0.0034645537526452608,865,865.0
all_equal,SiC_15deg,15.0,7.465,0.0021123001110772564,1.074018887805662,-0.009794345348917238,865,865.0
all_equal,joint,,7.465,0.0017115197242072503,,,1730,1730.0
all_equal,SiC_10deg,10.0,7.47,0.0012513689390813822,0.9973167704282263,-0.003922314835955593,865,865.0
all_equal,SiC_15deg,15.0,7.47,0.0021744184098745666,1.0740951588856549,-0.009810067874096884,865,865.0
all_equal,joint,,7.47,0.0017128936744779744,,,1730,1730.0
all_equal,SiC_10deg,10.0,7.475,0.0012021123441892435,0.9996409917005274,-0.004344098432084331,865,865.0
all_equal,SiC_15deg,15.0,7.475,0.002242213622185394,1.0739765669096708,-0.00979048222638676,865,865.0
all_equal,joint,,7.475,0.001722162983187319,,,1730,1730.0
all_equal,SiC_10deg,10.0,7.48,0.0011644371530205061,1.0017616894637977,-0.0047290613350791655,865,865.0
all_equal,SiC_15deg,15.0,7.48,0.0023150884571559705,1.0736623989829173,-0.009735464981052044,865,865.0
all_equal,joint,,7.48,0.0017397628050882382,,,1730,1730.0
all_equal,SiC_10deg,10.0,7.485,0.0011396504421337013,1.0036744522739462,-0.005076411435430861,865,865.0
all_equal,SiC_15deg,15.0,7.485,0.0023924682243718054,1.073152270174214,-0.009644952258186484,865,865.0
all_equal,joint,,7.485,0.0017660593332527535,,,1730,1730.0
all_equal,SiC_10deg,10.0,7.49,0.0011287305180790613,1.005375162627128,-0.00538540981682209,865,865.0
all_equal,SiC_15deg,15.0,7.49,0.0024738089981135494,1.0724461270833558,-0.009518940324646119,865,865.0
all_equal,joint,,7.49,0.0018012697580963052,,,1730,1730.0
all_equal,SiC_10deg,10.0,7.495,0.0011321761543958524,1.0068600084157495,-0.005655372783386486,865,865.0
all_equal,SiC_15deg,15.0,7.495,0.0025586023772917513,1.0715442503556518,-0.009357486004520355,865,865.0
all_equal,joint,,7.495,0.0018453892658438018,,,1730,1730.0
all_equal,SiC_10deg,10.0,7.5,0.0011499231426762315,1.0081254940389697,-0.005885673824068877,865,865.0
all_equal,SiC_15deg,15.0,7.5,0.0026463776020810657,1.0704472561851652,-0.009160706905992078,865,865.0
all_equal,joint,,7.5,0.0018981503723786485,,,1730,1730.0
all_equal,SiC_10deg,10.0,7.505,0.0011813597616309463,1.0091684512014962,-0.006075745520563947,865,865.0
all_equal,SiC_15deg,15.0,7.505,0.0027367017440310232,1.0691560968573735,-0.008928781474108138,865,865.0
all_equal,joint,,7.505,0.0019590307528309847,,,1730,1730.0
all_equal,SiC_10deg,10.0,7.51,0.0012254346599369116,1.0099860494315682,-0.006225081404791305,865,865.0
all_equal,SiC_15deg,15.0,7.51,0.002829178581115708,1.0676720603893086,-0.008661948880314602,865,865.0
all_equal,joint,,7.51,0.0020273066205263096,,,1730,1730.0
all_equal,SiC_10deg,10.0,7.515,0.001280816911648689,1.0105758063438337,-0.006333237770929756,865,865.0
all_equal,SiC_15deg,15.0,7.515,0.0029234466437711463,1.0659967693305814,-0.008360508760575647,865,865.0
all_equal,joint,,7.515,0.002102131777709918,,,1730,1730.0
all_equal,SiC_10deg,10.0,7.52,0.0013460587386836607,1.0109355976654553,-0.006399835445700691,865,865.0
all_equal,SiC_15deg,15.0,7.52,0.003019176797113007,1.0641321787919484,-0.008024820814482081,865,865.0
all_equal,joint,,7.52,0.002182617767898334,,,1730,1730.0
all_equal,SiC_10deg,10.0,7.525,0.0014197256687689557,1.0110636670343378,-0.00642456151887727,865,865.0
all_equal,SiC_15deg,15.0,7.525,0.0031160696203665047,1.0620805737692076,-0.007655304277951608,865,865.0
all_equal,joint,,7.525,0.0022678976445677304,,,1730,1730.0
all_equal,SiC_10deg,10.0,7.53,0.0015004812202840969,1.0109586355670692,-0.006407171033946307,865,865.0
all_equal,SiC_15deg,15.0,7.53,0.003213852761040594,1.0598445658290954,-0.007252437281910357,865,865.0
all_equal,joint,,7.53,0.002357166990662345,,,1730,1730.0
all_equal,SiC_10deg,10.0,7.535,0.0015871300731714758,1.0106195111812653,-0.006347488636502474,865,865.0
all_equal,SiC_15deg,15.0,7.535,0.0033122783779046773,1.0574270892207915,-0.006816756108779187,865,865.0
all_equal,joint,,7.535,0.0024497042255380765,,,1730,1730.0
all_equal,SiC_10deg,10.0,7.54,0.0016786310798670913,1.0100456976427943,-0.006245410175371335,865,865.0
all_equal,SiC_15deg,15.0,7.54,0.003411120740605064,1.0548313964714795,-0.006348854357635936,865,865.0
all_equal,joint,,7.54,0.0025448759102360773,,,1730,1730.0
all_equal,SiC_10deg,10.0,7.545,0.0017740918951707257,1.0092370032932765,-0.0061009042487094045,865,865.0
all_equal,SiC_15deg,15.0,7.545,0.0035101740213695077,1.0520610535175234,-0.00584938202766111,865,865.0
all_equal,joint,,7.545,0.0026421329582701166,,,1730,1730.0
all_equal,SiC_10deg,10.0,7.55,0.0018727543177099316,1.0081936493976462,-0.005914013684486019,865,865.0
all_equal,SiC_15deg,15.0,7.55,0.0036092502924034947,1.0491199344143787,-0.005319044527925171,865,865.0
all_equal,joint,,7.55,0.002741002305056713,,,1730,1730.0
all_equal,SiC_10deg,10.0,7.555,0.0019739762519718237,1.0069162780359167,-0.005684856941896382,865,865.0
all_equal,SiC_15deg,15.0,7.555,0.0037081777284744682,1.0460122156585399,-0.0047586016197745384,865,865.0
all_equal,joint,,7.555,0.002841076990223146,,,1730,1730.0
all_equal,SiC_10deg,10.0,7.56,0.0020772136419373744,1.0054059594480924,-0.0054136294174775,865,865.0
all_equal,SiC_15deg,15.0,7.56,0.003806799005568939,1.0427423701441416,-0.00416886629611532,865,865.0
all_equal,joint,,7.56,0.0029420063237531563,,,1730,1730.0
all_equal,SiC_10deg,10.0,7.565,0.002182004013060259,1.0036641987268824,-0.005100604637084172,865,865.0
all_equal,SiC_15deg,15.0,7.565,0.003904969881687997,1.03931516076538,-0.003550703599793148,865,865.0
all_equal,joint,,7.565,0.003043486947374128,,,1730,1730.0
all_equal,SiC_10deg,10.0,7.57,0.0022879522403778853,1.001692941739987,-0.0047461353125162475,865,865.0
all_equal,SiC_15deg,15.0,7.57,0.00400255794356539,1.035735633664283,-0.002905029381133073,865,865.0
all_equal,joint,,7.57,0.0031452550919716382,,,1730,1730.0
all_equal,SiC_10deg,10.0,7.575,0.002394718614718766,0.9994945801527257,-0.004350654239563767,865,865.0
all_equal,SiC_15deg,15.0,7.575,0.004099441502453216,1.0320091111117602,-0.0022328089925735817,865,865.0
all_equal,joint,,7.575,0.003247080058585991,,,1730,1730.0
all_equal,SiC_10deg,10.0,7.58,0.002502009020767586,0.9970719554130748,-0.0039146750126211605,865,865.0
all_equal,SiC_15deg,15.0,7.58,0.004195508622496048,1.0281411839987646,-0.001535055916289968,865,865.0
all_equal,joint,,7.58,0.0033487588216318176,,,1730,1730.0
all_equal,SiC_10deg,10.0,7.585,0.0026095669431930287,0.9944283615552069,-0.0034387925299045052,865,865.0
all_equal,SiC_15deg,15.0,7.585,0.0042906562661801095,1.0241377039041206,-0.0008128303188094377,865,865.0
all_equal,joint,,7.585,0.003450111604686569,,,1730,1730.0
all_equal,SiC_10deg,10.0,7.59,0.002717167002101151,0.9915675466746727,-0.002923683262724075,865,865.0
all_equal,SiC_15deg,15.0,7.59,0.004384789542612968,1.0200047746965228,-6.723752495055302e-05,865,865.0
all_equal,joint,,7.59,0.003550978272357059,,,1730,1730.0
all_equal,SiC_10deg,10.0,7.595,0.002824609742212811,0.9884937129287689,-0.0023701052622998875,865,865.0
all_equal,SiC_15deg,15.0,7.595,0.00447782104577828,1.0157487436206158,0.0007005735979876415,865,865.0
all_equal,joint,,7.595,0.0036512153939955456,,,1730,1730.0
all_equal,SiC_10deg,10.0,7.6,0.002931717437511781,0.9852115149194973,-0.0017788978782585507,865,865.0
all_equal,SiC_15deg,15.0,7.6,0.0045696702713033405,1.011376191811364,0.0014894123559254513,865,865.0
all_equal,joint,,7.6,0.003750693854407561,,,1730,1730.0
all_equal,SiC_10deg,10.0,7.605,0.0030383307127419003,0.9817260563240464,-0.0011509811642699264,865,865.0
all_equal,SiC_15deg,15.0,7.605,0.004660263101606399,1.006893924177169,0.0022980480544410598,865,865.0
all_equal,joint,,7.605,0.0038492969071741495,,,1730,1730.0
all_equal,SiC_10deg,10.0,7.61,0.003144305819663702,0.9780428846488441,-0.00048735494824841963,865,865.0
all_equal,SiC_15deg,15.0,7.61,0.004749531350518539,1.0023089585907292,0.0031252119470938644,865,865.0
all_equal,joint,,7.61,0.003946918585091121,,,1730,1730.0
all_equal,SiC_10deg,10.0,7.615,0.0032495124374419394,0.9741679839978734,0.0002109024528485215,865,865.0
all_equal,SiC_15deg,15.0,7.615,0.004837412359585182,0.9976285143275,0.003969599316652611,865,865.0
all_equal,joint,,7.615,0.004043462398513561,,,1730,1730.0
all_equal,SiC_10deg,10.0,7.62,0.0033538318926222945,0.9701077657639868,0.0009426358903683318,865,865.0
all_equal,SiC_15deg,15.0,7.62,0.004923848639239462,0.9928599996948982,0.004829871699681604,865,865.0
all_equal,joint,,7.62,0.004138840265930878,,,1730,1730.0
all_equal,SiC_10deg,10.0,7.625,0.003457155715311546,0.9658690571729829,0.0017066154264358535,865,865.0
all_equal,SiC_15deg,15.0,7.625,0.005008787548909924,0.9880109988010867,0.005704659263937206,865,865.0
all_equal,joint,,7.625,0.004232971632110736,,,1730,1730.0
all_equal,SiC_10deg,10.0,7.63,0.0035593844651016803,0.9614590876340271,0.0025015387702544134,865,865.0
all_equal,SiC_15deg,15.0,7.63,0.005092181010884304,0.9830892574201826,0.006592563346601077,865,865.0
all_equal,joint,,7.63,0.0043257827379929925,,,1730,1730.0
all_equal,SiC_10deg,10.0,7.635,0.0036604267737190507,0.9568854728759691,0.003326034112271725,865,865.0
all_equal,SiC_15deg,15.0,7.635,0.005173985253411506,0.9781026679209608,0.007492159159548012,865,865.0
all_equal,joint,,7.635,0.004417206013565278,,,1730,1730.0
all_equal,SiC_10deg,10.0,7.64,0.003760198562008252,0.9521561968768673,0.004178663355253798,865,865.0
all_equal,SiC_15deg,15.0,7.64,0.0052541605790958346,0.9730592532383111,0.008401998665662075,865,865.0
all_equal,joint,,7.64,0.004507179570552043,,,1730,1730.0
all_equal,SiC_10deg,10.0,7.645,0.003858622397255654,0.9472795916229031,0.00505792573610786,865,865.0
all_equal,SiC_15deg,15.0,7.645,0.005332671155133034,0.9679671498806134,0.009320613627713692,865,865.0
all_equal,joint,,7.645,0.004595646776194344,,,1730,1730.0
all_equal,SiC_10deg,10.0,7.65,0.003955626963492386,0.9422643147622362,0.005962261827000603,865,865.0
all_equal,SiC_15deg,15.0,7.65,0.005409484822366528,0.96283458998153,0.01024651882854763,865,865.0
all_equal,joint,,7.65,0.004682555892929457,,,1730,1730.0
all_equal,SiC_10deg,10.0,7.655,0.004051146622671713,0.9371193252486718,0.006890057899024554,865,865.0
all_equal,SiC_15deg,15.0,7.655,0.0054845729205148545,0.9576698824210709,0.011178215458384766,865,865.0
all_equal,joint,,7.655,0.004767859771593283,,,1730,1730.0
all_equal,SiC_10deg,10.0,7.66,0.004145121048792706,0.9318538570984657,0.007839650626524641,865,865.0
all_equal,SiC_15deg,15.0,7.66,0.005557910127246487,0.9524813930577887,0.012114194661964728,865,865.0
all_equal,joint,,7.66,0.004851515588019597,,,1730,1730.0
all_equal,SiC_10deg,10.0,7.665,0.004237494920375811,0.9264773914107524,0.008809332105282897,865,865.0
all_equal,SiC_15deg,15.0,7.665,0.00562947430906242,0.9472775241312512,0.013052941235135146,865,865.0
all_equal,joint,,7.665,0.004933484614719116,,,1730,1730.0
all_equal,SiC_10deg,10.0,7.67,0.004328217659372375,0.9209996268271761,0.009797355153214449,865,865.0
all_equal,SiC_15deg,15.0,7.67,0.005699246382198725,0.942066692910981,0.013992937457402432,865,865.0
all_equal,joint,,7.67,0.00501373202078555,,,1730,1730.0
all_equal,SiC_10deg,10.0,7.675,0.0044172432067505355,0.9154304486288903,0.010801938858129162,865,865.0
all_equal,SiC_15deg,15.0,7.675,0.005767210181984194,0.9368573096845528,0.014932667043969089,865,865.0
all_equal,joint,,7.675,0.005092226694367364,,,1730,1730.0
all_equal,SiC_10deg,10.0,7.68,0.004504529826756456,0.9097798966886635,0.011821274333557008,865,865.0
all_equal,SiC_15deg,15.0,7.68,0.00583335233928811,0.9316577551930049,0.0158706191979745,865,865.0
all_equal,joint,,7.68,0.0051689410830222824,,,1730,1730.0
all_equal,SiC_10deg,10.0,7.685,0.004590039933287728,0.9040581325119509,0.012853530640695082,865,865.0
all_equal,SiC_15deg,15.0,7.685,0.005897662162873551,0.9264763576358183,0.01680529274108883,865,865.0
all_equal,joint,,7.685,0.00524385104808064,,,1730,1730.0
all_equal,SiC_10deg,10.0,7.69,0.0046737399330019315,0.8982754056132186,0.013896860832258467,865,865.0
all_equal,SiC_15deg,15.0,7.69,0.005960131526635127,0.9213213693801029,0.01773520029835382,865,865.0
all_equal,joint,,7.69,0.005316935729818529,,,1730,1730.0
all_equal,SiC_10deg,10.0,7.695,0.004755600080768613,0.8924420194822537,0.014949408072460146,865,865.0
all_equal,SiC_15deg,15.0,7.695,0.006020754760849525,0.9162009435190013,0.01865887251126469,865,865.0
all_equal,joint,,7.695,0.005388177420809068,,,1730,1730.0
all_equal,SiC_10deg,10.0,7.7,0.004835594343897835,0.886568297399595,0.016009311786510744,865,865.0
all_equal,SiC_15deg,15.0,7.7,0.006079528546704174,0.9111231104324624,0.019574862251591496,865,865.0
all_equal,joint,,7.7,0.005457561445301005,,,1730,1730.0
frequency_screened,SiC_10deg,10.0,7.2,0.0054151151001443805,0.822644860484266,0.027780880557434745,519,519.0
frequency_screened,SiC_15deg,15.0,7.2,0.0013889755486641434,-0.8824147322917916,0.3598678896969081,173,173.0
frequency_screened,joint,,7.2,0.004408580212274321,,,692,692.0
frequency_screened,SiC_10deg,10.0,7.205,0.005369035353578092,0.8251352145183298,0.02733086223318615,519,519.0
frequency_screened,SiC_15deg,15.0,7.205,0.0014217148367610913,-0.8554303809220029,0.3547973391755197,173,173.0
frequency_screened,joint,,7.205,0.004382205224373842,,,692,692.0
frequency_screened,SiC_10deg,10.0,7.21,0.005321723684181648,0.8276666287245945,0.026873202903177934,519,519.0
frequency_screened,SiC_15deg,15.0,7.21,0.0014577226825968923,-0.8243715216228164,0.3489620945914051,173,173.0
frequency_screened,joint,,7.21,0.0043557234337854595,,,692,692.0
frequency_screened,SiC_10deg,10.0,7.215,0.005273160019561157,0.8302392782902518,0.026407876732185448,519,519.0
frequency_screened,SiC_15deg,15.0,7.215,0.0014960773264397773,-0.7895263004685981,0.3424162426273978,173,173.0
frequency_screened,joint,,7.215,0.004328889346280812,,,692,692.0
frequency_screened,SiC_10deg,10.0,7.22,0.005223324757874974,0.8328532979053281,0.025934865729988626,519,519.0
frequency_screened,SiC_15deg,15.0,7.22,0.0015358793887838798,-0.7512190843938108,0.3352206573347032,173,173.0
frequency_screened,joint,,7.22,0.004301463415602201,,,692,692.0
frequency_screened,SiC_10deg,10.0,7.225,0.005172198852529642,0.8355087716523236,0.025454161543397413,519,519.0
frequency_screened,SiC_15deg,15.0,7.225,0.0015762801039837253,-0.7098015151708503,0.3274413220769485,173,173.0
frequency_screened,joint,,7.225,0.004273219165393163,,,692,692.0
frequency_screened,SiC_10deg,10.0,7.23,0.005119763903673085,0.8382057225929724,0.024965767301580177,519,519.0
frequency_screened,SiC_15deg,15.0,7.23,0.0016165002701909019,-0.6656430013468461,0.3191475462406269,173,173.0
frequency_screened,joint,,7.23,0.0042439479953025406,,,692,692.0
frequency_screened,SiC_10deg,10.0,7.235,0.005066002256452806,0.8409441021540344,0.024469699496476732,519,519.0
frequency_screened,SiC_15deg,15.0,7.235,0.0016558412873554152,-0.6191211675974033,0.3104101741340067,173,173.0
frequency_screened,joint,,7.235,0.004213462014178458,,,692,692.0
frequency_screened,SiC_10deg,10.0,7.24,0.0050108971059950455,0.8437237794175683,0.023965989879435046,519,519.0
frequency_screened,SiC_15deg,15.0,7.24,0.0016936899379596483,-0.5706127388547833,0.30129987558972077,173,173.0
frequency_screened,joint,,7.24,0.004181595313986196,,,692,692.0
frequency_screened,SiC_10deg,10.0,7.245,0.004954432609058444,0.8465445304233857,0.023454687354801163,519,519.0
frequency_screened,SiC_15deg,15.0,7.245,0.0017295185053590259,-0.5204852598978543,0.29188559339813863,173,173.0
frequency_screened,joint,,7.245,0.004148204083133589,,,692,692.0
frequency_screened,SiC_10deg,10.0,7.25,0.004896594002322838,0.8494060275923854,0.022935859851001217,519,519.0
frequency_screened,SiC_15deg,15.0,7.25,0.0017628816032908721,-0.46908995193745623,0.2822332040966035,173,173.0
frequency_screened,joint,,7.25,0.004113165902564846,,,692,692.0
frequency_screened,SiC_10deg,10.0,7.255,0.004837367727292835,0.8523078293792492,0.022409596149688432,519,519.0
frequency_screened,SiC_15deg,15.0,7.255,0.0017934108235048984,-0.41675589907256594,0.2724044282580576,173,173.0
frequency_screened,joint,,7.255,0.0040763785013458505,,,692,692.0
frequency_screened,SiC_10deg,10.0,7.26,0.004776741561827596,0.8552493702615689,0.021876007653771484,519,519.0
frequency_screened,SiC_15deg,15.0,7.26,0.0018208080568923577,-0.3637856512365843,0.26245600649436757,173,173.0
frequency_screened,joint,,7.26,0.004037758185593787,,,692,692.0
frequency_screened,SiC_10deg,10.0,7.265,0.00471470475835478,0.8582299511699789,0.02133523007558194,519,519.0
frequency_screened,SiC_15deg,15.0,7.265,0.0018448381304962287,-0.3104522358240715,0.25243913968193255,173,173.0
frequency_screened,joint,,7.265,0.003997238101390142,,,692,692.0
frequency_screened,SiC_10deg,10.0,7.27,0.004651248188890105,0.8612487304602965,0.020787425027073175,519,519.0
frequency_screened,SiC_15deg,15.0,7.27,0.0018653212321273203,-0.2569974938022753,0.24239917759505455,173,173.0
frequency_screened,joint,,7.27,0.003954766449699409,,,692,692.0
frequency_screened,SiC_10deg,10.0,7.275,0.004586364497067227,0.8643047155241304,0.020232781494752605,519,519.0
frequency_screened,SiC_15deg,15.0,7.275,0.0018821254612535955,-0.2036316007063815,0.23237552974631626,173,173.0
frequency_screened,joint,,7.275,0.003910304738113819,,,692,692.0
frequency_screened,SiC_10deg,10.0,7.28,0.0045200482574882335,0.8673967551290104,0.01967151718301674,519,519.0
frequency_screened,SiC_15deg,15.0,7.28,0.0018951597423288724,-0.15053359857609228,0.22240176579787715,173,173.0
frequency_screened,joint,,7.28,0.003863826128698393,,,692,692.0
frequency_screened,SiC_10deg,10.0,7.285,0.004452296142838072,0.8705235325727751,0.019103879710688887,519,519.0
frequency_screened,SiC_15deg,15.0,7.285,0.0019043672581901974,-0.09785274956440368,0.21250587003826518,173,173.0
frequency_screened,joint,,7.285,0.003815313921676103,,,692,692.0
frequency_screened,SiC_10deg,10.0,7.29,0.0043831070993705715,0.8736835597299556,0.018530147646816875,519,519.0
frequency_screened,SiC_15deg,15.0,7.29,0.0019097195013069094,-0.04571052226491629,0.20271061448304398,173,173.0
frequency_screened,joint,,7.29,0.003764760199854656,,,692,692.0
frequency_screened,SiC_10deg,10.0,7.295,0.004312482531575726,0.8768751720601594,0.017950631373176457,519,519.0
frequency_screened,SiC_15deg,15.0,7.295,0.00191121099555289,0.005796966185027477,0.19303401741425208,173,173.0
frequency_screened,joint,,7.295,0.003712164647570017,,,692,692.0
frequency_screened,SiC_10deg,10.0,7.3,0.0042404264970854425,0.880096524640119,0.017365673762428646,519,519.0
frequency_screened,SiC_15deg,15.0,7.3,0.0019088547078689054,0.05659620938755666,0.1834898578863315,173,173.0
frequency_screened,joint,,7.3,0.0036575335497813083,,,692,692.0
frequency_screened,SiC_10deg,10.0,7.305,0.004166945913176292,0.883345589272167,0.016775650662482683,519,519.0
frequency_screened,SiC_15deg,15.0,7.305,0.0019026781454715425,0.10663340546575571,0.17408822123899723,173,173.0
frequency_screened,joint,,7.305,0.0036008789712501043,,,692,692.0
frequency_screened,SiC_10deg,10.0,7.31,0.0040920507765953166,0.8866201527125223,0.016180971179307585,519,519.0
frequency_screened,SiC_15deg,15.0,7.31,0.001892720118414343,0.15587149298948105,0.1648360554349186,173,173.0
frequency_screened,joint,,7.31,0.003542218112050073,,,692,692.0
frequency_screened,SiC_10deg,10.0,7.315,0.0040157543988814486,0.8899178160529401,0.015582077752212403,519,519.0
frequency_screened,SiC_15deg,15.0,7.315,0.0018790281379096503,0.20428721194295438,0.1557377226822771,173,173.0
frequency_screened,joint,,7.315,0.003481572833638499,,,692,692.0
frequency_screened,SiC_10deg,10.0,7.32,0.003938073659899126,0.8932359952791304,0.014979446017447412,519,519.0
frequency_screened,SiC_15deg,15.0,7.32,0.0018616564167212213,0.2518682500474147,0.1467955350379227,173,173.0
frequency_screened,joint,,7.32,0.0034189693491046497,,,692,692.0
frequency_screened,SiC_10deg,10.0,7.325,0.003859029282961939,0.8965719230188746,0.014373584457875899,519,519.0
frequency_screened,SiC_15deg,15.0,7.325,0.0018406644382030109,0.2986105151875994,0.13801026635569205,173,173.0
frequency_screened,joint,,7.325,0.003354438071772207,,,692,692.0
frequency_screened,SiC_10deg,10.0,7.33,0.0037786461357314422,0.8999226514821044,0.013765033838394142,519,519.0
frequency_screened,SiC_15deg,15.0,7.33,0.00181611606447062,0.3445155585349705,0.12938163597361207,173,173.0
frequency_screened,joint,,7.33,0.003288013617916237,,,692,692.0
frequency_screened,SiC_10deg,10.0,7.335,0.003696953562059833,0.903285056584404,0.013154366428737269,519,519.0
frequency_screened,SiC_15deg,15.0,7.335,0.0017880791612605714,0.38958816026408144,0.12090876191376831,173,173.0
frequency_screened,joint,,7.335,0.003219734961860018,,,692,692.0
frequency_screened,SiC_10deg,10.0,7.34,0.003613985751148172,0.9066558432345564,0.01254218501727039,519,519.0
frequency_screened,SiC_15deg,15.0,7.34,0.001756625727026701,0.43383408034478227,0.1125905831327222,173,173.0
frequency_screened,joint,,7.34,0.003149645745117804,,,692,692.0
frequency_screened,SiC_10deg,10.0,7.345,0.0035297821518635395,0.9100315517559554,0.011929121721323294,519,519.0
frequency_screened,SiC_15deg,15.0,7.345,0.0017218325268027572,0.4772579704574205,0.10442625156569253,173,173.0
frequency_screened,joint,,7.345,0.003077794745598344,,,692,692.0
frequency_screened,SiC_10deg,10.0,7.35,0.003444387941862763,0.9134085654010817,0.011315836601554385,519,519.0
frequency_screened,SiC_15deg,15.0,7.35,0.0016837822477366899,0.5198614392533965,0.09641549542320017,173,173.0
frequency_screened,joint,,7.35,0.0030042365183312447,,,692,692.0
frequency_screened,SiC_10deg,10.0,7.355,0.0033578545633846366,0.9167831189078889,0.010703016089704587,519,519.0
frequency_screened,SiC_15deg,15.0,7.355,0.0016425652138186294,0.5616412615922579,0.08855895549524354,173,173.0
frequency_screened,joint,,7.355,0.0029290322259931346,,,692,692.0
frequency_screened,SiC_10deg,10.0,7.36,0.003270240340293749,0.9201513080369775,0.01009137124091214,519,519.0
frequency_screened,SiC_15deg,15.0,7.36,0.0015982817235832213,0.6025877226695762,0.08085849616273398,173,173.0
frequency_screened,joint,,7.36,0.002852250686116117,,,692,692.0
frequency_screened,SiC_10deg,10.0,7.365,0.003181611194304443,0.9235091000190512,0.009481635823458429,519,519.0
frequency_screened,SiC_15deg,15.0,7.365,0.0015510451086024838,0.6426830897823529,0.07331749246978118,173,173.0
frequency_screened,joint,,7.365,0.0027739696728789533,,,692,692.0
frequency_screened,SiC_10deg,10.0,7.37,0.0030920414824274272,0.9268523448333554,0.008874564260411,519,519.0
frequency_screened,SiC_15deg,15.0,7.37,0.0015009856555085377,0.6819002075709965,0.06594109402781972,173,173.0
frequency_screened,joint,,7.37,0.002694277525697705,,,692,692.0
frequency_screened,SiC_10deg,10.0,7.375,0.003001614982733724,0.9301767872298995,0.008270929439058633,519,519.0
frequency_screened,SiC_15deg,15.0,7.375,0.0014482555944809892,0.7202012166741103,0.05873646575132402,173,173.0
frequency_screened,joint,,7.375,0.0026132751356705403,,,692,692.0
frequency_screened,SiC_10deg,10.0,7.38,0.002910426061721144,0.9334780794012686,0.007671520405300614,519,519.0
frequency_screened,SiC_15deg,15.0,7.38,0.0013930354385781867,0.7575364005973826,0.05171300450947383,173,173.0
frequency_screened,joint,,7.38,0.0025310784059354046,,,692,692.0
frequency_screened,SiC_10deg,10.0,7.385,0.002818581064119135,0.936751794203933,0.007077139961217838,519,519.0
frequency_screened,SiC_15deg,15.0,7.385,0.0013355420687143228,0.7938431710042912,0.0448825297611509,173,173.0
frequency_screened,joint,,7.385,0.0024478213152679318,,,692,692.0
frequency_screened,SiC_10deg,10.0,7.39,0.0027261999751094367,0.9399934388243091,0.006488602184891862,519,519.0
frequency_screened,SiC_15deg,15.0,7.39,0.0012760391075299416,0.8290452073456641,0.0382594451668902,173,173.0
frequency_screened,joint,,7.39,0.002363659758214563,,,692,692.0
frequency_screened,SiC_10deg,10.0,7.395,0.0026334184158782964,0.9431984687814928,0.005906729892135615,519,519.0
frequency_screened,SiC_15deg,15.0,7.395,0.0012148503200597404,0.8630517724983576,0.03186086708960281,173,173.0
frequency_screened,joint,,7.395,0.0022787763919236577,,,692,692.0
frequency_screened,SiC_10deg,10.0,7.4,0.002540390046265053,0.9463623021567169,0.005332352060131301,519,519.0
frequency_screened,SiC_15deg,15.0,7.4,0.0011523770207504177,0.8957572315797687,0.02570671486259704,173,173.0
frequency_screened,joint,,7.4,0.002193386789886394,,,692,692.0
frequency_screened,SiC_10deg,10.0,7.405,0.0024472894629269546,0.9494803339392258,0.004766301233025155,519,519.0
frequency_screened,SiC_15deg,15.0,7.405,0.0010891207315540657,0.9270408059986971,0.019819756783759523,173,173.0
frequency_screened,joint,,7.405,0.0021077472800837323,,,692,692.0
frequency_screened,SiC_10deg,10.0,7.41,0.0023543156973524913,0.9525479503795173,0.00420941092929053,519,519.0
frequency_screened,SiC_15deg,15.0,7.41,0.0010257125372626625,0.9567665986947942,0.01422560506389356,173,173.0
frequency_screened,joint,,7.41,0.002022164907330034,,,692,692.0
frequency_screened,SiC_10deg,10.0,7.415,0.002261696433838788,0.9555605432437492,0.003662513070140927,519,519.0
frequency_screened,SiC_15deg,15.0,7.415,0.0009629504851834888,0.9847839289597434,0.008952652499617103,173,173.0
frequency_screened,joint,,7.415,0.0019370099466749634,,,692,692.0
frequency_screened,SiC_10deg,10.0,7.42,0.002169693080310879,0.9585135238675982,0.003126435447447562,519,519.0
frequency_screened,SiC_15deg,15.0,7.42,0.0009018454226587121,1.010928015741595,0.004031943547578909,173,173.0
frequency_screened,joint,,7.42,0.0018527311658978374,,,692,692.0
frequency_screened,SiC_10deg,10.0,7.425,0.0020786068291250978,0.9614023369139241,0.0026019992484990206,519,519.0
frequency_screened,SiC_15deg,15.0,7.425,0.0008436727144828489,1.0350210464170058,-0.0005030271602963488,173,173.0
frequency_screened,joint,,7.425,0.0017698733004645356,,,692,692.0
frequency_screened,SiC_10deg,10.0,7.43,0.0019887858309932185,0.964222473746163,0.0020900166535533504,519,519.0
frequency_screened,SiC_15deg,15.0,7.43,0.0007900203452963826,1.0568736632140951,-0.004616594914646027,173,173.0
frequency_screened,joint,,7.43,0.0016890944595690095,,,692,692.0
frequency_screened,SiC_10deg,10.0,7.435,0.0019006335563094966,0.9669694853383697,0.0015912885204824867,519,519.0
frequency_screened,SiC_15deg,15.0,7.435,0.0007428105829062709,1.0762868914037131,-0.008271288173320901,173,173.0
frequency_screened,joint,,7.435,0.00161117781295869,,,692,692.0
frequency_screened,SiC_10deg,10.0,7.44,0.001814618307680086,0.9696389946530553,0.0011066021689377092,519,519.0
frequency_screened,SiC_15deg,15.0,7.44,0.0007042528238260668,1.093054521817706,-0.011428277308514923,173,173.0
frequency_screened,joint,,7.44,0.0015370269367165814,,,692,692.0
frequency_screened,SiC_10deg,10.0,7.445,0.0017312836346026134,0.9722267084293202,0.0006367292743869046,519,519.0
frequency_screened,SiC_15deg,15.0,7.445,0.0006766702902712271,1.1069659451841454,-0.014047908373575946,173,173.0
frequency_screened,joint,,7.445,0.0014676302985197668,,,692,692.0
frequency_screened,SiC_10deg,10.0,7.45,0.0016512590290792602,0.9747284283359631,0.00018242388014680366,519,519.0
frequency_screened,SiC_15deg,15.0,7.45,0.0006621633940412033,1.1178094174590716,-0.016090317958353,173,173.0
frequency_screened,joint,,7.45,0.001403985120319746,,,692,692.0
frequency_screened,SiC_10deg,10.0,7.455,0.0015752696805764843,0.9771400614570994,-0.00025557946681678545,519,519.0
frequency_screened,SiC_15deg,15.0,7.455,0.0006621620284950261,1.1253757143889282,-0.01751612125809235,173,173.0
frequency_screened,joint,,7.455,0.0013469927675561198,,,692,692.0
frequency_screened,SiC_10deg,10.0,7.46,0.0015041431803553464,0.979457630091024,-0.0006765674529587429,519,519.0
frequency_screened,SiC_15deg,15.0,7.46,0.0006770474755598442,1.1294621109328173,-0.018287161225293835,173,173.0
frequency_screened,joint,,7.46,0.0012973692541564709,,,692,692.0
frequency_screened,SiC_10deg,10.0,7.465,0.0014388098929169933,0.9816772808563604,-0.0010798496071669772,519,519.0
frequency_screened,SiC_15deg,15.0,7.465,0.0007060562402206867,1.1298765982479833,-0.018367302358769377,173,173.0
frequency_screened,joint,,7.465,0.0012556214797429166,,,692,692.0
frequency_screened,SiC_10deg,10.0,7.47,0.001380292431243465,0.9837952931126436,-0.001464759783181807,519,519.0
frequency_screened,SiC_15deg,15.0,7.47,0.0007475202496510805,1.1264422293429717,-0.01772324861962299,173,173.0
frequency_screened,joint,,7.47,0.0012220993858453688,,,692,692.0
frequency_screened,SiC_10deg,10.0,7.475,0.001329678783278246,0.9858080867150981,-0.0018306575191929242,519,519.0
frequency_screened,SiC_15deg,15.0,7.475,0.0007992870070644878,1.1190014660785346,-0.01632536149786598,173,173.0
frequency_screened,joint,,7.475,0.0011970808392248063,,,692,692.0
frequency_screened,SiC_10deg,10.0,7.48,0.0012880740838477336,0.9877122291351789,-0.002176929280543388,519,519.0
frequency_screened,SiC_15deg,15.0,7.48,0.0008591080102959305,1.1074203868368375,-0.014148451741693435,173,173.0
frequency_screened,joint,,7.48,0.0011808325654597827,,,692,692.0
frequency_screened,SiC_10deg,10.0,7.485,0.00125652905016229,0.9895044419892194,-0.002502989593438254,519,519.0
frequency_screened,SiC_15deg,15.0,7.485,0.0009248844607533628,1.0915926076151659,-0.011172517029673229,173,173.0
frequency_screened,joint,,7.485,0.0011736179028100581,,,692,692.0
frequency_screened,SiC_10deg,10.0,7.49,0.001235949509143558,0.9911816070269233,-0.0028082820792755814,519,519.0
frequency_screened,SiC_15deg,15.0,7.49,0.000994772734356557,1.0714427708859946,-0.007383398169076405,173,173.0
frequency_screened,joint,,7.49,0.0011756553154468076,,,692,692.0
frequency_screened,SiC_10deg,10.0,7.495,0.001227000288799907,0.9927407716392945,-0.0030922804006554283,519,519.0
frequency_screened,SiC_15deg,15.0,7.495,0.0010671999713003227,1.0469294670686298,-0.002773328385539564,173,173.0
frequency_screened,joint,,7.495,0.001187050209425011,,,692,692.0
frequency_screened,SiC_10deg,10.0,7.5,0.001230024315894888,0.9941791539516323,-0.003354489131231597,519,519.0
frequency_screened,SiC_15deg,15.0,7.5,0.00114083745009061,1.0180474728987794,0.0026586460663499956,173,173.0
frequency_screened,joint,,7.5,0.0012077275994438186,,,692,692.0
frequency_screened,SiC_10deg,10.0,7.505,0.0012449987361101947,0.9954941475713456,-0.0035944445623287413,519,519.0
frequency_screened,SiC_15deg,15.0,7.505,0.001214561257005999,0.9848292185441142,0.008906390549308807,173,173.0
frequency_screened,joint,,7.505,0.001237389366334146,,,692,692.0
frequency_screened,SiC_10deg,10.0,7.51,0.0012715412133244618,0.9966833260623172,-0.003811715459619558,519,519.0
frequency_screened,SiC_15deg,15.0,7.51,0.0012874143432916277,0.9473454293557172,0.015956562112453804,173,173.0
frequency_screened,joint,,7.51,0.0012755094958162533,,,692,692.0
frequency_screened,SiC_10deg,10.0,7.515,0.001308964222658571,0.9977444472174191,-0.004005903783142223,519,519.0
frequency_screened,SiC_15deg,15.0,7.515,0.0013585750137605653,0.9057049263239281,0.02378864795978053,173,173.0
frequency_screened,joint,,7.515,0.0013213669204340695,,,692,692.0
frequency_screened,SiC_10deg,10.0,7.52,0.0013563610103246252,0.9986754571984184,-0.00417664538351839,519,519.0
frequency_screened,SiC_15deg,15.0,7.52,0.0014273325927844425,0.8600536087974336,0.03237515785937631,173,173.0
frequency_screened,joint,,7.52,0.0013741039059395796,,,692,692.0
frequency_screened,SiC_10deg,10.0,7.525,0.0014127008929783046,0.9994744946079666,-0.004323610686416762,519,519.0
frequency_screened,SiC_15deg,15.0,7.525,0.0014930693518175673,0.8105726808126954,0.041681958921237744,173,173.0
frequency_screened,joint,,7.525,0.0014327930076881202,,,692,692.0
frequency_screened,SiC_10deg,10.0,7.53,0.0014769148072682936,1.000139894551744,-0.004446505376110493,519,519.0
frequency_screened,SiC_15deg,15.0,7.53,0.0015552473572110154,0.757476215588783,0.05166873492152363,173,173.0
frequency_screened,joint,,7.53,0.0014964979447539741,,,692,692.0
frequency_screened,SiC_10deg,10.0,7.535,0.0015479603667246482,1.0006701927402013,-0.004545071087419111,519,519.0
frequency_screened,SiC_15deg,15.0,7.535,0.0016133989705038351,0.7010081789370599,0.062289547422393926,173,173.0
frequency_screened,joint,,7.535,0.0015643200176694448,,,692,692.0
frequency_screened,SiC_10deg,10.0,7.54,0.0016248640164878922,1.0010641296689125,-0.0046190861134357,519,519.0
frequency_screened,SiC_15deg,15.0,7.54,0.0016671199648328342,0.6414390497747791,0.07349347265676134,173,173.0
frequency_screened,joint,,7.54,0.0016354280035741275,,,692,692.0
frequency_screened,SiC_10deg,10.0,7.545,0.0017067432977936415,1.0013206549045517,-0.004668366134266716,519,519.0
frequency_screened,SiC_15deg,15.0,7.545,0.0017160644700780663,0.5790621837225852,0.08522528668427715,173,173.0
frequency_screened,joint,,7.545,0.0017090735908647475,,,692,692.0
frequency_screened,SiC_10deg,10.0,7.55,0.0017928144259479865,1.0014389314901881,-0.004692764969595031,519,519.0
frequency_screened,SiC_15deg,15.0,7.55,0.0017599411764699763,0.5141900639034578,0.09742617167923004,173,173.0
frequency_screened,joint,,7.55,0.001784596113578484,,,692,692.0
frequency_screened,SiC_10deg,10.0,7.555,0.0018823903728810137,1.0014183404692527,-0.004692175355274303,519,519.0
frequency_screened,SiC_15deg,15.0,7.555,0.001798510400126113,0.4471505723663001,0.11003441822778627,173,173.0
frequency_screened,joint,,7.555,0.0018614203796922884,,,692,692.0
frequency_screened,SiC_10deg,10.0,7.56,0.0019748736098162503,1.0012584855125382,-0.004666529741438441,519,519.0
frequency_screened,SiC_15deg,15.0,7.56,0.0018315817468809634,0.37828339752290185,0.12298610191005335,173,173.0
frequency_screened,joint,,7.56,0.0019390506440824286,,,692,692.0
frequency_screened,SiC_10deg,10.0,7.565,0.0020697464133992223,1.0009591976172774,-0.004615801106825079,519,519.0
frequency_screened,SiC_15deg,15.0,7.565,0.0018590122094208398,0.30793666956401683,0.13621571685423084,173,173.0
frequency_screened,joint,,7.565,0.0020170628624046265,,,692,692.0
frequency_screened,SiC_10deg,10.0,7.57,0.0021665605596204746,1.0005205398321062,-0.0045400037812377,519,519.0
frequency_screened,SiC_15deg,15.0,7.57,0.0018807046040556212,0.23646388918700084,0.1496567539654775,173,173.0
frequency_screened,joint,,7.57,0.0020950965707292614,,,692,692.0
frequency_screened,SiC_10deg,10.0,7.575,0.0022649274382621374,0.9999428119469292,-0.004439194265375701,519,519.0
frequency_screened,SiC_15deg,15.0,7.575,0.0018966063035044446,0.16422118730121735,0.16324221674118777,173,173.0
frequency_screened,joint,,7.575,0.0021728471545727143,,,692,692.0
frequency_screened,SiC_10deg,10.0,7.58,0.00236450909694145,0.9992265550727665,-0.0043134720347173805,519,519.0
frequency_screened,SiC_15deg,15.0,7.58,0.0019067082558225617,0.09156492667758959,0.17690507261084035,173,173.0
frequency_screened,joint,,7.58,0.0022500588866617276,,,692,692.0
frequency_screened,SiC_10deg,10.0,7.585,0.0024650104045787677,0.9983725560239474,-0.0041629803118136965,519,519.0
frequency_screened,SiC_15deg,15.0,7.585,0.0019110443010682276,0.018849632449361317,0.19057864226746876,173,173.0
frequency_screened,joint,,7.585,0.0023265188787011328,,,692,692.0
frequency_screened,SiC_10deg,10.0,7.59,0.002566172344454596,0.9973818514038688,-0.003987906789307161,519,519.0
frequency_screened,SiC_15deg,15.0,7.59,0.0019096908097136391,-0.0535737817606849,0.2041969332470357,173,173.0
frequency_screened,joint,,7.59,0.002402051960769357,,,692,692.0
frequency_screened,SiC_10deg,10.0,7.595,0.002667766355714495,0.9962557312863155,-0.0037884842842885458,519,519.0
frequency_screened,SiC_15deg,15.0,7.595,0.001902766672682749,-0.12535954065506924,0.21769492689980716,173,173.0
frequency_screened,joint,,7.595,0.0024765164349565584,,,692,692.0
frequency_screened,SiC_10deg,10.0,7.6,0.0027695896034331483,0.9949957423773074,-0.003564991303299736,519,519.0
frequency_screened,SiC_15deg,15.0,7.6,0.0018904336741859054,-0.196168345682628,0.23100882979783693,173,173.0
frequency_screened,joint,,7.6,0.0025498006211213376,,,692,692.0
frequency_screened,SiC_10deg,10.0,7.605,0.00287146104796931,0.9936036905378528,-0.0033177524964232707,519,519.0
frequency_screened,SiC_15deg,15.0,7.605,0.001872897276551084,-0.26566858848008446,0.24407630151681162,173,173.0
frequency_screened,joint,,7.605,0.0026218201051147532,,,692,692.0
frequency_screened,SiC_10deg,10.0,7.61,0.0029732181901188583,0.9920816425460528,-0.003047138978512498,519,519.0
frequency_screened,SiC_15deg,15.0,7.61,0.0018504078416879462,-0.3335375023597411,0.2568366706577748,173,173.0
frequency_screened,joint,,7.61,0.00269251560301113,,,692,692.0
frequency_screened,SiC_10deg,10.0,7.615,0.003074714381200013,0.9904319269778254,-0.00275356849572303,519,519.0
frequency_screened,SiC_15deg,15.0,7.615,0.0018232623065007286,-0.3994623097926603,0.269231150019804,173,173.0
frequency_screened,joint,,7.615,0.0027618513625251922,,,692,692.0
frequency_screened,SiC_10deg,10.0,7.62,0.003175816602063783,0.9886571340891956,-0.0024375054161325793,519,519.0
frequency_screened,SiC_15deg,15.0,7.62,0.0017918063182309695,-0.4631414147130734,0.28120306011908697,173,173.0
frequency_screened,joint,,7.62,0.00282981403110558,,,692,692.0
frequency_screened,SiC_10deg,10.0,7.625,0.0032764036297107924,0.9867601145896077,-0.002099460524369351,519,519.0
frequency_screened,SiC_15deg,15.0,7.625,0.0017564368175977186,-0.5242856760864605,0.29269806792131087,173,173.0
frequency_screened,joint,,7.625,0.002896411926682524,,,692,692.0
frequency_screened,SiC_10deg,10.0,7.63,0.003376364523577974,0.9847439772050189,-0.0017399906018117361,519,519.0
frequency_screened,SiC_15deg,15.0,7.63,0.0017176050278765412,-0.5826197844303708,0.30366444488022215,173,173.0
frequency_screened,joint,,7.63,0.0029616746496526156,,,692,692.0
frequency_screened,SiC_10deg,10.0,7.635,0.0034755973752156437,0.9826120849414577,-0.0013596977760360618,519,519.0
frequency_screened,SiC_15deg,15.0,7.635,0.0016758197591005444,-0.6378837468213299,0.31405334533763285,173,173.0
frequency_screened,joint,,7.635,0.0030256529711868685,,,692,692.0
frequency_screened,SiC_10deg,10.0,7.64,0.0035740082749526505,0.9803680499740923,-0.0009592286257472382,519,519.0
frequency_screened,SiC_15deg,15.0,7.64,0.001631650857253201,-0.6898344693720597,0.3238191032287538,173,173.0
frequency_screened,joint,,7.64,0.003088418920527788,,,692,692.0
frequency_screened,SiC_10deg,10.0,7.645,0.0036715104573751037,0.9780157271034113,-0.000539273030383286,519,519.0
frequency_screened,SiC_15deg,15.0,7.645,0.0015857325036540333,-0.7382474102395304,0.33291954204302454,173,173.0
frequency_screened,joint,,7.645,0.0031500659689448363,,,692,692.0
frequency_screened,SiC_10deg,10.0,7.65,0.0037680235942227054,0.9755592057384829,-0.00010056275686887162,519,519.0
frequency_screened,SiC_15deg,15.0,7.65,0.0015387658816396722,-0.7829182619156813,0.34131629030055755,173,173.0
frequency_screened,joint,,7.65,0.003210709166076947,,,692,692.0
frequency_screened,SiC_10deg,10.0,7.655,0.003863473208854617,0.9730028003871501,0.00035613022043942677,519,519.0
frequency_screened,SiC_15deg,15.0,7.655,0.0014915204585228452,-0.8236646097687961,0.3489750925888641,173,173.0
frequency_screened,joint,,7.655,0.0032704850212716737,,,692,692.0
frequency_screened,SiC_10deg,10.0,7.66,0.003957790190961548,0.9703510396539273,0.0008299956668247899,519,519.0
frequency_screened,SiC_15deg,15.0,7.66,0.0014448327724607911,-0.8603275053259044,0.35586610461046897,173,173.0
frequency_screened,joint,,7.66,0.003329550836336359,,,692,692.0
frequency_screened,SiC_10deg,10.0,7.665,0.004050910393885017,0.9676086537679601,0.001320187297623121,519,519.0
frequency_screened,SiC_15deg,15.0,7.665,0.0013996011850359342,-0.8927728882092604,0.3619641598309219,173,173.0
frequency_screened,joint,,7.665,0.003388083091672746,,,692,692.0
frequency_screened,SiC_10deg,10.0,7.67,0.004142774299907918,0.9647805606851343,0.0018258252443946743,519,519.0
frequency_screened,SiC_15deg,15.0,7.67,0.0013567746352600792,-0.9208927903218979,0.36724899525596866,173,173.0
frequency_screened,joint,,7.67,0.0034462743837459582,,,692,692.0
frequency_screened,SiC_10deg,10.0,7.675,0.004233326741331427,0.961871850829909,0.002345998765399926,519,519.0
frequency_screened,SiC_15deg,15.0,7.675,0.0013173331745047207,-0.9446062599016329,0.3717054246218253,173,173.0
frequency_screened,joint,,7.675,0.0035043283496247503,,,692,692.0
frequency_screened,SiC_10deg,10.0,7.68,0.004322516667161439,0.9588877705631654,0.0028797691851877583,519,519.0
frequency_screened,SiC_15deg,15.0,7.68,0.0012822582536929329,-0.9638599512172289,0.37532344881364677,173,173.0
frequency_screened,joint,,7.68,0.0035624520637943125,,,692,692.0
frequency_screened,SiC_10deg,10.0,7.685,0.004410296946879336,0.9558337044819623,0.0034261730445647176,519,519.0
frequency_screened,SiC_15deg,15.0,7.685,0.0012524917341153752,-0.9786283374609794,0.37809829553970553,173,173.0
frequency_screened,joint,,7.685,0.0036208456436883463,,,692,692.0
frequency_screened,SiC_10deg,10.0,7.69,0.004496624204138123,0.9527151566750812,0.0039842254389570175,519,519.0
frequency_screened,SiC_15deg,15.0,7.69,0.0012288846934191016,-0.98891351903294,0.3800303830386192,173,173.0
frequency_screened,joint,,7.69,0.003679689326458368,,,692,692.0
frequency_screened,SiC_10deg,10.0,7.695,0.0045814586743613194,0.9495377310743639,0.00455292352025749,519,519.0
frequency_screened,SiC_15deg,15.0,7.695,0.0012121402333226921,-0.994744615944366,0.38112520570209496,173,173.0
frequency_screened,joint,,7.695,0.0037391290641016627,,,692,692.0
frequency_screened,SiC_10deg,10.0,7.7,0.004664764081174379,0.946307111055694,0.005131250134729537,519,519.0
frequency_screened,SiC_15deg,15.0,7.7,0.0012027579269745085,-0.9961767503948438,0.38139314275006597,173,173.0
frequency_screened,joint,,7.7,0.0037992625426244114,,,692,692.0
frequency_downweighted,SiC_10deg,10.0,7.2,0.00549555059736498,0.7925935546188673,0.03322077893377992,865,640.0999999999999
frequency_downweighted,SiC_15deg,15.0,7.2,0.004919770572506071,0.935050184747078,0.01633135380368153,865,415.2
frequency_downweighted,joint,,7.2,0.005269014194141802,,,1730,1055.3
frequency_downweighted,SiC_10deg,10.0,7.205,0.005449072558027872,0.7957202371873351,0.03265451531655558,865,640.0999999999999
frequency_downweighted,SiC_15deg,15.0,7.205,0.004863704276251959,0.9392605145350286,0.015560660946615873,865,415.2
frequency_downweighted,joint,,7.205,0.005218763725853741,,,1730,1055.3
frequency_downweighted,SiC_10deg,10.0,7.21,0.0054011944163776665,0.7989094602616404,0.032076792178216934,865,640.0999999999999
frequency_downweighted,SiC_15deg,15.0,7.21,0.0048061028133093465,0.9435205551207226,0.014780627142283564,865,415.2
frequency_downweighted,joint,,7.21,0.005167060015170458,,,1730,1055.3
frequency_downweighted,SiC_10deg,10.0,7.215,0.005351900596495997,0.8021603169996634,0.03148777828196145,865,640.0999999999999
frequency_downweighted,SiC_15deg,15.0,7.215,0.004746977915290972,0.9478257725427309,0.013992083350129192,865,415.2
frequency_downweighted,joint,,7.215,0.005113898230120249,,,1730,1055.3
frequency_downweighted,SiC_10deg,10.0,7.22,0.005301176143989758,0.8054718222571177,0.030887656904064226,865,640.0999999999999
frequency_downweighted,SiC_15deg,15.0,7.22,0.0046863436107907564,0.9521716149769605,0.01319586461343944,865,415.2
frequency_downweighted,joint,,7.22,0.005059274819452445,,,1730,1055.3
frequency_downweighted,SiC_10deg,10.0,7.225,0.005249006792606636,0.8088429059827029,0.030276627006749962,865,640.0999999999999
frequency_downweighted,SiC_15deg,15.0,7.225,0.004624216329620608,0.9565535207576321,0.012392808589812732,865,415.2
frequency_downweighted,joint,,7.225,0.005003187594054756,,,1730,1055.3
frequency_downweighted,SiC_10deg,10.0,7.23,0.0051953790367630336,0.8122724063408608,0.029654904459108594,865,640.0999999999999
frequency_downweighted,SiC_15deg,15.0,7.23,0.004560615025835178,0.9609669246681158,0.011583754393893336,865,415.2
frequency_downweighted,joint,,7.23,0.004945635819348796,,,1730,1055.3
frequency_downweighted,SiC_10deg,10.0,7.235,0.00514028021014078,0.8157590626317615,0.029022723293543218,865,640.0999999999999
frequency_downweighted,SiC_15deg,15.0,7.235,0.004495561322144264,0.9654072624751878,0.010769541757152085,865,415.2
frequency_downweighted,joint,,7.235,0.004886620319781494,,,1730,1055.3
frequency_downweighted,SiC_10deg,10.0,7.24,0.005083698570504469,0.8193015080832808,0.028380336984313304,865,640.0999999999999
frequency_downweighted,SiC_15deg,15.0,7.24,0.004429079678552895,0.9698699737121026,0.00995101050371941,865,415.2
frequency_downweighted,joint,,7.24,0.004826143596621883,,,1730,1055.3
frequency_downweighted,SiC_10deg,10.0,7.245,0.005025623390893034,0.8228982625940275,0.027728019733961162,865,640.0999999999999
frequency_downweighted,SiC_15deg,15.0,7.245,0.004361197588343169,0.9743505027476258,0.009129000335511145,865,415.2
frequency_downweighted,joint,,7.245,0.004764209960381611,,,1730,1055.3
frequency_downweighted,SiC_10deg,10.0,7.25,0.004966045057347709,0.8265477255098889,0.02706606775279205,865,640.0999999999999
frequency_downweighted,SiC_15deg,15.0,7.25,0.004291945804826084,0.9788442982093272,0.00830435091423043,865,415.2
frequency_downweighted,joint,,7.25,0.004700825679306414,,,1730,1055.3
frequency_downweighted,SiC_10deg,10.0,7.255,0.00490495517335633,0.8302481685190911,0.02639480051612325,865,640.0999999999999
frequency_downweighted,SiC_15deg,15.0,7.255,0.004221358602655025,0.9833468108593576,0.007477902222392724,865,415.2
frequency_downweighted,joint,,7.255,0.004635999145539423,,,1730,1055.3
frequency_downweighted,SiC_10deg,10.0,7.26,0.004842346671222397,0.8339977287523509,0.025714561983731593,865,640.0999999999999
frequency_downweighted,SiC_15deg,15.0,7.26,0.004149474077913804,0.9878534900491667,0.0066504951803924295,865,415.2
frequency_downweighted,joint,,7.26,0.004569741060740328,,,1730,1055.3
frequency_downweighted,SiC_10deg,10.0,7.265,0.004778213930608792,0.837794402175344,0.0250257217658095,865,640.0999999999999
frequency_downweighted,SiC_15deg,15.0,7.265,0.004076334491681113,0.9923597789056766,0.005822972491892536,865,415.2
frequency_downweighted,joint,,7.265,0.004502064643161837,,,1730,1055.3
frequency_downweighted,SiC_10deg,10.0,7.27,0.004712552904563316,0.8416360373604352,0.024328676219792705,865,640.0999999999999
frequency_downweighted,SiC_15deg,15.0,7.27,0.00400198666234054,0.9968611084248472,0.004996179685563762,865,415.2
frequency_downweighted,joint,,7.27,0.004432985858442879,,,1730,1055.3
frequency_downweighted,SiC_10deg,10.0,7.275,0.004645361253409437,0.8455203297233522,0.023623849462649144,865,640.0999999999999
frequency_downweighted,SiC_15deg,15.0,7.275,0.003926482412560149,1.0013528906690474,0.0041709663174727685,865,415.2
frequency_downweighted,joint,,7.275,0.004362523676681848,,,1730,1055.3
frequency_downweighted,SiC_10deg,10.0,7.28,0.0045766384869845135,0.8494448163083564,0.02291169428360426,865,640.0999999999999
frequency_downweighted,SiC_15deg,15.0,7.28,0.0038498790776177057,1.0058305112818418,0.0033481872952961234,865,415.2
frequency_downweighted,joint,,7.28,0.004290700358709048,,,1730,1055.3
frequency_downweighted,SiC_10deg,10.0,7.285,0.004506386115834511,0.8534068712023283,0.02219269294284687,865,640.0999999999999
frequency_downweighted,SiC_15deg,15.0,7.285,0.0037722400826016586,1.01028932154749,0.0025287042830428874,865,415.2
frequency_downweighted,joint,,7.285,0.004217541774890437,,,1730,1055.3
frequency_downweighted,SiC_10deg,10.0,7.29,0.004434607812134177,0.8574037016542235,0.021467357842474943,865,640.0999999999999
frequency_downweighted,SiC_15deg,15.0,7.29,0.0036936355969765526,1.014724630232454,0.0017133871431537773,865,415.2
frequency_downweighted,joint,,7.29,0.004143077760268882,,,1730,1055.3
frequency_downweighted,SiC_10deg,10.0,7.295,0.004361309581301712,0.8614323449714689,0.020736232056830145,865,640.0999999999999
frequency_downweighted,SiC_15deg,15.0,7.295,0.003614143276055386,1.0191316954524707,0.000903115371703761,865,415.2
frequency_downweighted,joint,,7.295,0.004067342510385125,,,1730,1055.3
frequency_downweighted,SiC_10deg,10.0,7.3,0.004286499945526362,0.8654896662591396,0.01999988971040395,865,640.0999999999999
frequency_downweighted,SiC_15deg,15.0,7.3,0.0035338491000503074,1.0235057168111144,9.877948200798237e-05,865,415.2
frequency_downweighted,joint,,7.3,0.003990375022716111,,,1730,1055.3
frequency_downweighted,SiC_10deg,10.0,7.305,0.004210190140735829,0.869572357061236,0.019258936192686482,865,640.0999999999999
frequency_downweighted,SiC_15deg,15.0,7.305,0.0034528483225346805,1.027841828054366,-0.0006987177078114359,865,415.2
frequency_downweighted,joint,,7.305,0.003912219589312427,,,1730,1055.3
frequency_downweighted,SiC_10deg,10.0,7.31,0.004132394328911777,0.873676934956061,0.018514008200652576,865,640.0999999999999
frequency_downweighted,SiC_15deg,15.0,7.31,0.0033712465412686315,1.0321350904805298,-0.0014884599267921406,865,415.2
frequency_downweighted,joint,,7.31,0.003832926346888244,,,1730,1055.3
frequency_downweighted,SiC_10deg,10.0,7.315,0.00405312982813134,0.877799744149674,0.017765773601038315,865,640.0999999999999
frequency_downweighted,SiC_15deg,15.0,7.315,0.0032891609052964218,1.0363804873359768,-0.0022695164845066007,865,415.2
frequency_downweighted,joint,,7.315,0.0037525518912782576,,,1730,1055.3
frequency_downweighted,SiC_10deg,10.0,7.32,0.003972417363291453,0.8819369571027057,0.017014931106138775,865,640.0999999999999
frequency_downweighted,SiC_15deg,15.0,7.32,0.0032067214728258788,1.040572919414854,-0.003040941525466717,865,415.2
frequency_downweighted,joint,,7.32,0.003671159963764014,,,1730,1055.3
frequency_downweighted,SiC_10deg,10.0,7.325,0.0038902813411845222,0.8860845772165624,0.01626220975853737,865,640.0999999999999
frequency_downweighted,SiC_15deg,15.0,7.325,0.0031240727343595158,1.0447072020652033,-0.003801773541307396,865,415.2
frequency_downweighted,joint,,7.325,0.0035888222171877983,,,1730,1055.3
frequency_downweighted,SiC_10deg,10.0,7.33,0.003806750154471846,0.890238442595234,0.015508368221958752,865,640.0999999999999
frequency_downweighted,SiC_15deg,15.0,7.33,0.0030413753144380054,1.048778063785131,-0.004551035174063162,865,415.2
frequency_downweighted,joint,,7.33,0.003505619069868368,,,1730,1055.3
frequency_downweighted,SiC_10deg,10.0,7.335,0.0037218565201818914,0.8943942308887389,0.014754193877286687,865,640.0999999999999
frequency_downweighted,SiC_15deg,15.0,7.335,0.002958807862562113,1.0527801465709892,-0.005287733339886719,865,415.2
frequency_downweighted,joint,,7.335,0.0034216406548888637,,,1730,1055.3
frequency_downweighted,SiC_10deg,10.0,7.34,0.0036356378596953008,0.8985474652137377,0.014000501724693193,865,640.0999999999999
frequency_downweighted,SiC_15deg,15.0,7.34,0.002876569138511918,1.0567080081552533,-0.0060108596981174045,865,415.2
frequency_downweighted,joint,,7.34,0.0033369878710329858,,,1730,1055.3
frequency_downweighted,SiC_10deg,10.0,7.345,0.00354813672882803,0.9026935211361201,0.013248133094772185,865,640.0999999999999
frequency_downweighted,SiC_15deg,15.0,7.345,0.0027948802881844577,1.0605561262451866,-0.0067193914857427706,865,415.2
frequency_downweighted,joint,,7.345,0.003251773539066624,,,1730,1055.3
frequency_downweighted,SiC_10deg,10.0,7.35,0.0034594013086667354,0.9068276346896367,0.012497954173519954,865,640.0999999999999
frequency_downweighted,SiC_15deg,15.0,7.35,0.0027139872916242865,1.064318904844833,-0.007412292732072501,865,415.2
frequency_downweighted,joint,,7.35,0.003166123662617247,,,1730,1055.3
frequency_downweighted,SiC_10deg,10.0,7.355,0.0033694859703440917,0.9109449113939528,0.01175085434794182,865,640.0999999999999
frequency_downweighted,SiC_15deg,15.0,7.355,0.002634163543066148,1.0679906827126868,-0.008088515862918172,865,415.2
frequency_downweighted,joint,,7.355,0.003080178785841294,,,1730,1055.3
frequency_downweighted,SiC_10deg,10.0,7.36,0.003278451930090007,0.9150403362250393,0.011007744380963969,865,640.0999999999999
frequency_downweighted,SiC_15deg,15.0,7.36,0.002555712491027564,1.0715657439759414,-0.008747003697815892,865,415.2
frequency_downweighted,joint,,7.36,0.002994095429475275,,,1730,1055.3
frequency_downweighted,SiC_10deg,10.0,7.365,0.0031863680148110484,0.9191087844807999,0.010269554426141525,865,640.0999999999999
frequency_downweighted,SiC_15deg,15.0,7.365,0.002478970221936508,1.075038330889958,-0.009386691837924788,865,415.2
frequency_downweighted,joint,,7.365,0.0029080475717128684,,,1730,1055.3
frequency_downweighted,SiC_10deg,10.0,7.37,0.0030933115633280752,0.9231450334752814,0.009537231894385712,865,640.0999999999999
frequency_downweighted,SiC_15deg,15.0,7.37,0.0024043078106641903,1.0784026586988695,-0.010006511436242732,865,415.2
frequency_downweighted,joint,,7.37,0.002822228119657038,,,1730,1055.3
frequency_downweighted,SiC_10deg,10.0,7.375,0.0029993694944756657,0.9271437749860987,0.008811739186507767,865,640.0999999999999
frequency_downweighted,SiC_15deg,15.0,7.375,0.002332133183703495,1.0816529325205972,-0.010605392335807595,865,415.2
frequency_downweighted,joint,,7.375,0.0027368502902374347,,,1730,1055.3
frequency_downweighted,SiC_10deg,10.0,7.38,0.0029046395808231705,0.9310996283717904,0.008094051306807737,865,640.0999999999999
frequency_downweighted,SiC_15deg,15.0,7.38,0.0022628921459035382,1.084783366147394,-0.011182266555665676,865,415.2
frequency_downweighted,joint,,7.38,0.0026521487867564295,,,1730,1055.3
frequency_downweighted,SiC_10deg,10.0,7.385,0.002809231976151912,0.93500715426903,0.007385153374160236,865,640.0999999999999
frequency_downweighted,SiC_15deg,15.0,7.385,0.0021970681144433683,1.0877882026219008,-0.011736072098693151,865,415.2
frequency_downweighted,joint,,7.385,0.0025683806207255997,,,1730,1055.3
frequency_downweighted,SiC_10deg,10.0,7.39,0.0027132710563937935,0.9388608687739869,0.006686038048061865,865,640.0999999999999
frequency_downweighted,SiC_15deg,15.0,7.39,0.00213517999648061,1.0906617364190396,-0.01226575704993213,865,415.2
frequency_downweighted,joint,,7.39,0.002485825393477131,,,1730,1055.3
frequency_downweighted,SiC_10deg,10.0,7.395,0.002616897647894239,0.9426552580078937,0.0059977028878620275,865,640.0999999999999
frequency_downweighted,SiC_15deg,15.0,7.395,0.0020777775630782896,1.093398337036488,-0.012770283929059795,865,415.2
frequency_downweighted,joint,,7.395,0.0024047848276387836,,,1730,1055.3
frequency_downweighted,SiC_10deg,10.0,7.4,0.0025202717339421663,0.9463847929640711,0.005321147663895992,865,640.0999999999999
frequency_downweighted,SiC_15deg,15.0,7.4,0.002025433648685729,1.0959924737713582,-0.013248634256021491,865,415.2
frequency_downweighted,joint,,7.4,0.002325581339742912,,,1730,1055.3
frequency_downweighted,SiC_10deg,10.0,7.405,0.00242357575065051,0.9500439445324249,0.004657371639448987,865,640.0999999999999
frequency_downweighted,SiC_15deg,15.0,7.405,0.001978732592504472,1.0984387414386227,-0.013699813284829443,865,415.2
frequency_downweighted,joint,,7.405,0.0022485554917078066,,,1730,1055.3
frequency_downweighted,SiC_10deg,10.0,7.41,0.0023270186061440305,0.9536271985978579,0.004007370842386976,865,640.0999999999999
frequency_downweighted,SiC_15deg,15.0,7.41,0.001938254590099761,1.100731886768235,-0.014122854857140016,865,415.2
frequency_downweighted,joint,,7.41,0.002174062271962678,,,1730,1055.3
frequency_downweighted,SiC_10deg,10.0,7.415,0.0022308405813216635,0.9571290711110697,0.003372135344903937,865,640.0999999999999
frequency_downweighted,SiC_15deg,15.0,7.415,0.0019045560811285565,1.1028668352031568,-0.014516826324548537,865,415.2
frequency_downweighted,joint,,7.415,0.00210246635173749,,,1730,1055.3
frequency_downweighted,SiC_10deg,10.0,7.42,0.002135319293052972,0.9605441230339816,0.0027526465691353197,865,640.0999999999999
frequency_downweighted,SiC_15deg,15.0,7.42,0.001878146958943405,1.1048387178100663,-0.014880833486651313,865,415.2
frequency_downweighted,joint,,7.42,0.0020341367353705194,,,1730,1055.3
frequency_downweighted,SiC_10deg,10.0,7.425,0.002040776915005808,0.9638669750673688,0.002149874635397675,865,640.0999999999999
frequency_downweighted,SiC_15deg,15.0,7.425,0.001859466171375132,1.1066428980086271,-0.015214025490876942,865,415.2
frequency_downweighted,joint,,7.425,0.001969441540462591,,,1730,1055.3
frequency_downweighted,SiC_10deg,10.0,7.43,0.001947588844934693,0.9670923220751937,0.0015647757685412766,865,640.0999999999999
frequency_downweighted,SiC_15deg,15.0,7.43,0.0018488580192573727,1.1082749978240896,-0.015515599639917471,865,415.2
frequency_downweighted,joint,,7.43,0.0019087439299141078,,,1730,1055.3
frequency_downweighted,SiC_10deg,10.0,7.435,0.0018561939578797312,0.9702149471285041,0.0009982897763622656,865,640.0999999999999
frequency_downweighted,SiC_15deg,15.0,7.435,0.0018465519138746414,1.1097309233718198,-0.01578480605332727,865,415.2
frequency_downweighted,joint,,7.435,0.0018524003667957614,,,1730,1055.3
frequency_downweighted,SiC_10deg,10.0,7.44,0.0017671064544771862,0.9732297351013581,0.0004513376122601831,865,640.0999999999999
frequency_downweighted,SiC_15deg,15.0,7.44,0.0018526483007702225,1.1110068892911047,-0.01602095213150015,865,415.2
frequency_downweighted,joint,,7.44,0.0018007622628547744,,,1730,1055.3
frequency_downweighted,SiC_10deg,10.0,7.445,0.001680929042061598,0.9761316857619877,-7.51809676468318e-05,865,640.0999999999999
frequency_downweighted,SiC_15deg,15.0,7.445,0.0018671127886486856,1.1120994418592032,-0.01622340677277126,865,415.2
frequency_downweighted,joint,,7.445,0.0017541816636696323,,,1730,1055.3
frequency_downweighted,SiC_10deg,10.0,7.45,0.0015983666848520292,0.9789159263139753,-0.00058038964485424,865,640.0999999999999
frequency_downweighted,SiC_15deg,15.0,7.45,0.0018897793342460304,1.113005480534923,-0.016391604297789658,865,415.2
frequency_downweighted,joint,,7.45,0.0017130208419906523,,,1730,1055.3
frequency_downweighted,SiC_10deg,10.0,7.455,0.0015202393152503133,0.9815777233544226,-0.0010634376703924364,865,640.0999999999999
frequency_downweighted,SiC_15deg,15.0,7.455,0.0019203619213840925,1.1137222777036315,-0.016525048039494478,865,415.2
frequency_downweighted,joint,,7.455,0.001677664602909505,,,1730,1055.3
frequency_downweighted,SiC_10deg,10.0,7.46,0.0014474906052501248,0.9841124942285926,-0.0015235018847656878,865,640.0999999999999
frequency_downweighted,SiC_15deg,15.0,7.46,0.001958472920269085,1.1142474964222788,-0.01662331356196134,865,415.2
frequency_downweighted,joint,,7.46,0.0016485328275526664,,,1730,1055.3
frequency_downweighted,SiC_10deg,10.0,7.465,0.0013811881485101252,0.9865158177730942,-0.0019597886246439933,865,640.0999999999999
frequency_downweighted,SiC_15deg,15.0,7.465,0.002003645539052831,1.1145792059929969,-0.016686051476921843,865,415.2
frequency_downweighted,joint,,7.465,0.00162608941692037,,,1730,1055.3
frequency_downweighted,SiC_10deg,10.0,7.47,0.0013225084833167519,0.9887834444519115,-0.002371535517279255,865,640.0999999999999
frequency_downweighted,SiC_15deg,15.0,7.47,0.0020553576140454025,1.1147158952267304,-0.01671298983282818,865,415.2
frequency_downweighted,joint,,7.47,0.0016108425675378604,,,1730,1055.3
frequency_downweighted,SiC_10deg,10.0,7.475,0.0012726991516472939,0.9909113059013311,-0.0027580131657687634,865,640.0999999999999
frequency_downweighted,SiC_15deg,15.0,7.475,0.0021130543510810263,1.1146564832933203,-0.01670393605778317,865,415.2
frequency_downweighted,joint,,7.475,0.0016033307055228607,,,1730,1055.3
frequency_downweighted,SiC_10deg,10.0,7.48,0.0012330110728482402,0.9928955239105762,-0.0031185267302575315,865,640.0999999999999
frequency_downweighted,SiC_15deg,15.0,7.48,0.0021761683177375112,1.1144003280908068,-0.016658778444352457,865,415.2
frequency_downweighted,joint,,7.48,0.0016040893331325434,,,1730,1055.3
frequency_downweighted,SiC_10deg,10.0,7.485,0.0012045999623232833,0.9947324188746249,-0.0034524174119421047,865,640.0999999999999
frequency_downweighted,SiC_15deg,15.0,7.485,0.002244135757337602,1.113947232103619,-0.016577487171072908,865,415.2
frequency_downweighted,joint,,7.485,0.0016135976521649824,,,1730,1055.3
frequency_downweighted,SiC_10deg,10.0,7.49,0.0011884062789437537,0.9964185177638497,-0.003759063848232741,865,640.0999999999999
frequency_downweighted,SiC_15deg,15.0,7.49,0.0023164089703171828,1.1132974457559677,-0.01646011486221552,865,415.2
frequency_downweighted,joint,,7.49,0.0016322106165332995,,,1730,1055.3
frequency_downweighted,SiC_10deg,10.0,7.495,0.0011850365658973188,0.9979505616616077,-0.004037883428624461,865,640.0999999999999
frequency_downweighted,SiC_15deg,15.0,7.495,0.002392464994566486,1.1124516683023582,-0.0163067966939128,865,415.2
frequency_downweighted,joint,,7.495,0.0016600903738983024,,,1730,1055.3
frequency_downweighted,SiC_10deg,10.0,7.5,0.0011946777064649262,0.9993255129255108,-0.004288333541673489,865,640.0999999999999
frequency_downweighted,SiC_15deg,15.0,7.5,0.002471811099688527,1.111411046330836,-0.01611775006095384,865,415.2
frequency_downweighted,joint,,7.5,0.0016971564185529,,,1730,1055.3
frequency_downweighted,SiC_10deg,10.0,7.505,0.0012170712993068325,1.0005405620306447,-0.004509912763948076,865,640.0999999999999
frequency_downweighted,SiC_15deg,15.0,7.505,0.0025539877246141458,1.1101771699856902,-0.0158932738242695,865,415.2
frequency_downweighted,joint,,7.505,0.0017430712043457754,,,1730,1055.3
frequency_downweighted,SiC_10deg,10.0,7.51,0.0012515567342093528,1.0015931341533795,-0.00470216200190135,865,640.0999999999999
frequency_downweighted,SiC_15deg,15.0,7.51,0.002638569485510829,1.108752067044216,-0.015633747164247924,865,415.2
frequency_downweighted,joint,,7.51,0.0017972666691476386,,,1730,1055.3
frequency_downweighted,SiC_10deg,10.0,7.515,0.0012971680246096514,1.002480895552565,-0.004864665597285489,865,640.0999999999999
frequency_downweighted,SiC_15deg,15.0,7.515,0.0027251648111581046,1.1071381950060566,-0.015339628069409444,865,415.2
frequency_downweighted,joint,,7.515,0.0018590028258746163,,,1730,1055.3
frequency_downweighted,SiC_10deg,10.0,7.52,0.0013527544957626537,1.0032017598008263,-0.004997052405995128,865,640.0999999999999
frequency_downweighted,SiC_15deg,15.0,7.52,0.002813414664177961,1.1053384313733277,-0.015011451493576244,865,415.2
frequency_downweighted,joint,,7.52,0.001927440463663758,,,1730,1055.3
frequency_downweighted,SiC_10deg,10.0,7.525,0.001417095452883139,1.003753893912398,-0.005098996859093957,865,640.0999999999999
frequency_downweighted,SiC_15deg,15.0,7.525,0.0029029907036661096,1.1033560623146637,-0.014649827217405653,865,415.2
frequency_downweighted,joint,,7.525,0.0020017099777813567,,,1730,1055.3
frequency_downweighted,SiC_10deg,10.0,7.53,0.0014889898241356007,1.0041357244056444,-0.005170220013277993,865,640.0999999999999
frequency_downweighted,SiC_15deg,15.0,7.53,0.0029935931516481403,1.101194769916314,-0.014255437451974162,865,415.2
frequency_downweighted,joint,,7.53,0.002080964903812665,,,1730,1055.3
frequency_downweighted,SiC_10deg,10.0,7.535,0.001567314832254412,1.0043459433281654,-0.00521049059617168,865,640.0999999999999
frequency_downweighted,SiC_15deg,15.0,7.535,0.0030849485482782363,1.0988586182284292,-0.013829034223005993,865,415.2
frequency_downweighted,joint,,7.535,0.002164416622165425,,,1730,1055.3
frequency_downweighted,SiC_10deg,10.0,7.54,0.0016510569472200102,1.0043835142605206,-0.0052196260497008595,865,640.0999999999999
frequency_downweighted,SiC_15deg,15.0,7.54,0.0031768075198754415,1.0963520383146734,-0.01337143657431844,865,415.2
frequency_downweighted,joint,,7.54,0.0022513522544942784,,,1730,1055.3
frequency_downweighted,SiC_10deg,10.0,7.545,0.001739322350928003,1.0042476783012997,-0.005197493572368955,865,640.0999999999999
frequency_downweighted,SiC_15deg,15.0,7.545,0.0032689426382869606,1.0936798125084364,-0.012883527628143987,865,415.2
frequency_downweighted,joint,,7.545,0.002341140168905298,,,1730,1055.3
frequency_downweighted,SiC_10deg,10.0,7.55,0.0018313343771067766,1.003937960021919,-0.005144011158656203,865,640.0999999999999
frequency_downweighted,SiC_15deg,15.0,7.55,0.003361146417166846,1.0908470580695964,-0.01236625153825513,865,415.2
frequency_downweighted,joint,,7.55,0.0024332276387697546,,,1730,1055.3
frequency_downweighted,SiC_10deg,10.0,7.555,0.0019264238706565063,1.00345417336442,-0.005059148631014393,865,640.0999999999999
frequency_downweighted,SiC_15deg,15.0,7.555,0.0034532294678661164,1.0878592104222302,-0.011820610369306234,865,415.2
frequency_downweighted,joint,,7.555,0.002527134269558648,,,1730,1055.3
frequency_downweighted,SiC_10deg,10.0,7.56,0.002024016526207352,1.0027964274401404,-0.00494292865712298,865,640.0999999999999
frequency_downweighted,SiC_15deg,15.0,7.56,0.0035450188222928346,1.0847220061365994,-0.011247660932645343,865,415.2
frequency_downweighted,joint,,7.56,0.002622443659093443,,,1730,1055.3
frequency_downweighted,SiC_10deg,10.0,7.565,0.002123619668150788,1.0019651321717675,-0.004795427742275288,865,640.0999999999999
frequency_downweighted,SiC_15deg,15.0,7.565,0.003636356420276042,1.0814414657985012,-0.010648511605112432,865,415.2
frequency_downweighted,joint,,7.565,0.0027187947837410517,,,1730,1055.3
frequency_downweighted,SiC_10deg,10.0,7.57,0.002224809796964193,1.0009610037064545,-0.004616777184054621,865,640.0999999999999
frequency_downweighted,SiC_15deg,15.0,7.57,0.0037270977530480076,1.0780238768865824,-0.010024319153179778,865,415.2
frequency_downweighted,joint,,7.57,0.0028158739108332343,,,1730,1055.3
frequency_downweighted,SiC_10deg,10.0,7.575,0.002327221502555512,0.999785069513747,-0.00440716397391358,865,640.0999999999999
frequency_downweighted,SiC_15deg,15.0,7.575,0.0038171106512299388,1.0744757767539235,-0.009376285580305538,865,415.2
frequency_downweighted,joint,,7.575,0.0029134073971159424,,,1730,1055.3
frequency_downweighted,SiC_10deg,10.0,7.58,0.0024305379241561166,0.9984386730694701,-0.004166831627961609,865,640.0999999999999
frequency_downweighted,SiC_15deg,15.0,7.58,0.0039062742042735655,1.0708039357850614,-0.008705655010729674,865,415.2
frequency_downweighted,joint,,7.58,0.0030111554769892113,,,1730,1055.3
frequency_downweighted,SiC_10deg,10.0,7.585,0.00253448271319543,0.9969234780158843,-0.0038960809272726715,865,640.0999999999999
frequency_downweighted,SiC_15deg,15.0,7.585,0.0039944777980389385,1.067015340774177,-0.008013710618239411,865,415.2
frequency_downweighted,joint,,7.585,0.0031089070088715647,,,1730,1055.3
frequency_downweighted,SiC_10deg,10.0,7.59,0.002638813352137868,0.9952414716796343,-0.0035952705464001866,865,640.0999999999999
frequency_downweighted,SiC_15deg,15.0,7.59,0.004081620257628532,1.0631171785453286,-0.007301771603844542,865,415.2
frequency_downweighted,joint,,7.59,0.00320647508544567,,,1730,1055.3
frequency_downweighted,SiC_10deg,10.0,7.595,0.0027433156462667676,0.9933949678226701,-0.0032648175476029107,865,640.0999999999999
frequency_downweighted,SiC_15deg,15.0,7.595,0.004167609083445168,1.059116819811924,-0.006571190221920764,865,415.2
frequency_downweighted,joint,,7.595,0.003303693392041876,,,1730,1055.3
frequency_downweighted,SiC_10deg,10.0,7.6,0.0028477992046723314,0.9913866084976471,-0.0029051977175816868,865,640.0999999999999
frequency_downweighted,SiC_15deg,15.0,7.6,0.004252359769491673,1.0550218032508192,-0.00582334885035099,865,415.2
frequency_downweighted,joint,,7.6,0.003400413197388138,,,1730,1055.3
frequency_downweighted,SiC_10deg,10.0,7.605,0.00295209374249776,0.9892193648785308,-0.0025169457233461257,865,640.0999999999999
frequency_downweighted,SiC_15deg,15.0,7.605,0.0043357951940506834,1.050839819747072,-0.005059657096604803,865,415.2
frequency_downweighted,joint,,7.605,0.0034965008709775982,,,1730,1055.3
frequency_downweighted,SiC_10deg,10.0,7.61,0.0030560460584765363,0.9868965369393934,-0.0021006550641981536,865,640.0999999999999
frequency_downweighted,SiC_15deg,15.0,7.61,0.004417845073991045,1.046578696748958,-0.004281548928654316,865,415.2
frequency_downweighted,joint,,7.61,0.0035918358350724086,,,1730,1055.3
frequency_downweighted,SiC_10deg,10.0,7.615,0.0031595175645953368,0.9844217518597489,-0.0016569777977469835,865,640.0999999999999
frequency_downweighted,SiC_15deg,15.0,7.615,0.004498445474994149,1.0422463826597694,-0.003490479817189418,865,415.2
frequency_downweighted,joint,,7.615,0.0036863088736047056,,,1730,1055.3
frequency_downweighted,SiC_10deg,10.0,7.62,0.0032623822658104603,0.9817989610432348,-0.0011866240193580402,865,640.0999999999999
frequency_downweighted,SiC_15deg,15.0,7.62,0.00457753837095164,1.0378509311835602,-0.002687923873844228,865,415.2
frequency_downweighted,joint,,7.62,0.00377982073340699,,,1730,1055.3
frequency_downweighted,SiC_10deg,10.0,7.625,0.0033645251061472435,0.9790324356479103,-0.0006903610764732171,865,640.0999999999999
frequency_downweighted,SiC_15deg,15.0,7.625,0.0046550712466465576,1.0334004855364347,-0.0018753709690945142,865,415.2
frequency_downweighted,joint,,7.625,0.0038722809647043503,,,1730,1055.3
frequency_downweighted,SiC_10deg,10.0,7.63,0.0034658406130243465,0.9761267605407604,-0.00016901250178641414,865,640.0999999999999
frequency_downweighted,SiC_15deg,15.0,7.63,0.0047309967385887755,1.028903262433414,-0.0010543238131654198,865,415.2
frequency_downweighted,joint,,7.63,0.003963606957508712,,,1730,1055.3
frequency_downweighted,SiC_10deg,10.0,7.635,0.003566231784455604,0.9730868266059044,0.0003765433477179725,865,640.0999999999999
frequency_downweighted,SiC_15deg,15.0,7.635,0.004805272309538527,1.0243675357632998,-0.00022629498369494683,865,415.2
frequency_downweighted,joint,,7.635,0.0040537231385865905,,,1730,1055.3
frequency_downweighted,SiC_10deg,10.0,7.64,0.0036656091742238665,0.9699178213552064,0.0009453749554210189,865,640.0999999999999
frequency_downweighted,SiC_15deg,15.0,7.64,0.004877859952825329,1.0198016198701185,0.000607196115000902,865,415.2
frequency_downweighted,joint,,7.64,0.004142560300230999,,,1730,1055.3
frequency_downweighted,SiC_10deg,10.0,7.645,0.003763890138567646,0.9666252178111246,0.0015364996191843394,865,640.0999999999999
frequency_downweighted,SiC_15deg,15.0,7.645,0.004948725923063448,1.0152138523694638,0.0014446263744592736,865,415.2
frequency_downweighted,joint,,7.645,0.004230055037385666,,,1730,1055.3
frequency_downweighted,SiC_10deg,10.0,7.65,0.0038609982147234214,0.9632147616542273,0.002148885736633216,865,640.0999999999999
frequency_downweighted,SiC_15deg,15.0,7.65,0.005017840490288172,1.01061257644107,0.0022844721974348003,865,415.2
frequency_downweighted,joint,,7.65,0.004316149273962012,,,1730,1055.3
frequency_downweighted,SiC_10deg,10.0,7.655,0.003956862607134912,0.9596924566514548,0.002781455399061772,865,640.0999999999999
frequency_downweighted,SiC_15deg,15.0,7.655,0.005085177714899622,1.0060061225547317,0.003125212814262812,865,415.2
frequency_downweighted,joint,,7.655,0.0044007898626488955,,,1730,1055.3
frequency_downweighted,SiC_10deg,10.0,7.66,0.004051417761537946,0.9560645484053185,0.0034330872870740603,865,640.0999999999999
frequency_downweighted,SiC_15deg,15.0,7.66,0.005150715241111649,1.001402789604822,0.0039653337050847,865,415.2
frequency_downweighted,joint,,7.66,0.004483928245304649,,,1730,1055.3
frequency_downweighted,SiC_10deg,10.0,7.665,0.004144603010670456,0.9523375064884252,0.004102619856712952,865,640.0999999999999
frequency_downweighted,SiC_15deg,15.0,7.665,0.00521443410686982,0.9968108254486022,0.004803330129153988,865,415.2
frequency_downweighted,joint,,7.665,0.004565520163273484,,,1730,1055.3
frequency_downweighted,SiC_10deg,10.0,7.67,0.004236362278218511,0.9485180050512951,0.0047888548005725895,865,640.0999999999999
frequency_downweighted,SiC_15deg,15.0,7.67,0.0052763185684334005,0.9922384068646154,0.005637710758592096,865,415.2
frequency_downweighted,joint,,7.67,0.004645525408794861,,,1730,1055.3
frequency_downweighted,SiC_10deg,10.0,7.675,0.004326643829929267,0.9446129020140956,0.005490560764298297,865,640.0999999999999
frequency_downweighted,SiC_15deg,15.0,7.675,0.005336355938016402,0.9876936189691699,0.006467001409984435,865,415.2
frequency_downweighted,joint,,7.675,0.004723907610160271,,,1730,1055.3
frequency_downweighted,SiC_10deg,10.0,7.68,0.004415400062713306,0.9406292169739999,0.006206477295060325,865,640.0999999999999
frequency_downweighted,SiC_15deg,15.0,7.68,0.005394536433058334,0.983184434150618,0.0072897488632368,865,415.2
frequency_downweighted,joint,,7.68,0.004800634044488399,,,1730,1055.3
frequency_downweighted,SiC_10deg,10.0,7.685,0.004502587324109512,0.9365741079790619,0.006935318995113626,865,640.0999999999999
frequency_downweighted,SiC_15deg,15.0,7.685,0.005450853035850808,0.9787186906022005,0.008104524753248105,865,415.2
frequency_downweighted,joint,,7.685,0.004875675472991333,,,1730,1055.3
frequency_downweighted,SiC_10deg,10.0,7.69,0.0045881657557654545,0.9324548473363422,0.0076757798504940855,865,640.0999999999999
frequency_downweighted,SiC_15deg,15.0,7.69,0.00550530136238459,0.9743040705541433,0.008909929516298237,865,415.2
frequency_downweighted,joint,,7.69,0.004949005994435278,,,1730,1055.3
frequency_downweighted,SiC_10deg,10.0,7.695,0.004672099155649332,0.9282787966362271,0.008426537702317244,865,640.0999999999999
frequency_downweighted,SiC_15deg,15.0,7.695,0.005557879539406795,0.9699480783238823,0.009704596369705554,865,415.2
frequency_downweighted,joint,,7.695,0.005020602913193252,,,1730,1055.3
frequency_downweighted,SiC_10deg,10.0,7.7,0.004754354854599769,0.9240533811861409,0.009186258826085036,865,640.0999999999999
frequency_downweighted,SiC_15deg,15.0,7.7,0.005608588088791108,0.9656580183194088,0.010487195300339147,865,415.2
frequency_downweighted,joint,,7.7,0.00509044661887177,,,1730,1055.3
continuous_frequency_weight,SiC_10deg,10.0,7.2,0.005433878728912788,0.7696787735158502,0.037473306857923244,865,692.0792610487848
continuous_frequency_weight,SiC_15deg,15.0,7.2,0.005125757022957025,0.9019895017410847,0.021758397697337117,865,634.881959649348
continuous_frequency_weight,joint,,7.2,0.005286458510871468,,,1730,1326.9612206981328
continuous_frequency_weight,SiC_10deg,10.0,7.205,0.00538958024335155,0.7732448963985533,0.03682540472180337,865,692.0792610487848
continuous_frequency_weight,SiC_15deg,15.0,7.205,0.005061955888572079,0.9065236534491934,0.02093345376674577,865,634.881959649348
continuous_frequency_weight,joint,,7.205,0.0052328290217282004,,,1730,1326.9612206981328
continuous_frequency_weight,SiC_10deg,10.0,7.21,0.005343796117327496,0.7768932507425363,0.03616247244350196,865,692.0792610487848
continuous_frequency_weight,SiC_15deg,15.0,7.21,0.004996648107762279,0.9110983497936106,0.020100966054508868,865,634.881959649348
continuous_frequency_weight,joint,,7.21,0.005177703841861314,,,1730,1326.9612206981328
continuous_frequency_weight,SiC_10deg,10.0,7.215,0.005296510919349128,0.7806222036502929,0.035484810284074825,865,692.0792610487848
continuous_frequency_weight,SiC_15deg,15.0,7.215,0.004929848300495801,0.9157092458009625,0.019261726960769582,865,634.881959649348
continuous_frequency_weight,joint,,7.215,0.0051210819178404855,,,1730,1326.9612206981328
continuous_frequency_weight,SiC_10deg,10.0,7.22,0.005247709862998724,0.7844300127014656,0.034792738668453116,865,692.0792610487848
continuous_frequency_weight,SiC_15deg,15.0,7.22,0.0048615735672209275,0.9203519523130469,0.018416537458036897,865,634.881959649348
continuous_frequency_weight,joint,,7.22,0.005062963719455682,,,1730,1326.9612206981328
continuous_frequency_weight,SiC_10deg,10.0,7.225,0.005197378869221573,0.7883148211298575,0.034086599045535904,865,692.0792610487848
continuous_frequency_weight,SiC_15deg,15.0,7.225,0.004791843636966675,0.925022040039461,0.017566206346169927,865,634.881959649348
continuous_frequency_weight,joint,,7.225,0.00500335134306268,,,1730,1326.9612206981328
continuous_frequency_weight,SiC_10deg,10.0,7.23,0.0051455046343029725,0.7922746526863704,0.03336675480393553,865,692.0792610487848
continuous_frequency_weight,SiC_15deg,15.0,7.23,0.004720681034019749,0.9297150427721778,0.016711549656641206,865,634.881959649348
continuous_frequency_weight,joint,,7.23,0.00494224862678287,,,1730,1326.9612206981328
continuous_frequency_weight,SiC_10deg,10.0,7.235,0.0050920747037411064,0.7963074062433537,0.0326335922333415,865,692.0792610487848
continuous_frequency_weight,SiC_15deg,15.0,7.235,0.004648111265732575,0.9344264597718305,0.01585339020431953,865,634.881959649348
continuous_frequency_weight,joint,,7.235,0.004879661278888174,,,1730,1326.9612206981328
continuous_frequency_weight,SiC_10deg,10.0,7.24,0.0050370775522214205,0.800410850202941,0.0318875215201854,865,692.0792610487848
continuous_frequency_weight,SiC_15deg,15.0,7.24,0.0045741630343259475,0.9391517573513295,0.014992557282153762,865,634.881959649348
continuous_frequency_weight,joint,,7.24,0.0048155970208484025,,,1730,1326.9612206981328
continuous_frequency_weight,SiC_10deg,10.0,7.245,0.004980502669900641,0.8045826167783519,0.031128977765136012,865,692.0792610487848
continuous_frequency_weight,SiC_15deg,15.0,7.245,0.0044988684759062975,0.9438863696979457,0.01412988649134897,865,634.881959649348
continuous_frequency_weight,joint,,7.245,0.004750065746690189,,,1730,1326.9612206981328
continuous_frequency_weight,SiC_10deg,10.0,7.25,0.004922340655216158,0.8088201962228857,0.030358422008915975,865,692.0792610487848
continuous_frequency_weight,SiC_15deg,15.0,7.25,0.004422263430329191,0.9486256989899566,0.013266219696927373,865,634.881959649348
continuous_frequency_weight,joint,,7.25,0.0046830797005175655,,,1730,1326.9612206981328
continuous_frequency_weight,SiC_10deg,10.0,7.255,0.004862583314451872,0.8131209310862456,0.029576342252044946,865,692.0792610487848
continuous_frequency_weight,SiC_15deg,15.0,7.255,0.004344387746017674,0.9533651148780744,0.012402405096024305,865,634.881959649348
continuous_frequency_weight,joint,,7.255,0.004614653674280455,,,1730,1326.9612206981328
continuous_frequency_weight,SiC_10deg,10.0,7.26,0.004801223768316172,0.8174820105818931,0.028783254453382923,865,692.0792610487848
continuous_frequency_weight,SiC_15deg,15.0,7.26,0.00426528562439602,0.9580999534149277,0.011539297383918262,865,634.881959649348
continuous_frequency_weight,joint,,7.26,0.0045448052281542774,,,1730,1326.9612206981328
continuous_frequency_weight,SiC_10deg,10.0,7.265,0.004738256565823653,0.8219004651522858,0.027979703491780167,865,692.0792610487848
continuous_frequency_weight,SiC_15deg,15.0,7.265,0.004185006009237315,0.9628255155277152,0.010677758000657372,865,634.881959649348
continuous_frequency_weight,joint,,7.265,0.0044735549362177555,,,1730,1326.9612206981328
continuous_frequency_weight,SiC_10deg,10.0,7.27,0.004673677805822593,0.8263731613210186,0.02716626407475231,865,692.0792610487848
continuous_frequency_weight,SiC_15deg,15.0,7.27,0.004103603026958065,0.9675370651394936,0.009818655439284313,865,634.881959649348
continuous_frequency_weight,joint,,7.27,0.004400926660493897,,,1730,1326.9612206981328
continuous_frequency_weight,SiC_10deg,10.0,7.275,0.004607485266578203,0.8308967969220369,0.02634354157789487,865,692.0792610487848
continuous_frequency_weight,SiC_15deg,15.0,7.275,0.004021136484734582,0.9722298270533312,0.008962865595080555,865,634.881959649348
continuous_frequency_weight,joint,,7.275,0.004326947856857191,,,1730,1326.9612206981328
continuous_frequency_weight,SiC_10deg,10.0,7.28,0.004539678543911169,0.8354678967962008,0.025512172798737937,865,692.0792610487848
continuous_frequency_weight,SiC_15deg,15.0,7.28,0.003937672434272603,0.9768989847205795,0.008111272133989156,865,634.881959649348
continuous_frequency_weight,joint,,7.28,0.004251649916814492,,,1730,1326.9612206981328
continuous_frequency_weight,SiC_10deg,10.0,7.285,0.00447025919850722,0.8400828090444916,0.02467282660892539,865,692.0792610487848
continuous_frequency_weight,SiC_15deg,15.0,7.285,0.0038532838101366512,0.9815396780196795,0.007264766857446925,865,634.881959649348
continuous_frequency_weight,joint,,7.285,0.004175068549742035,,,1730,1326.9612206981328
continuous_frequency_weight,SiC_10deg,10.0,7.29,0.004399230913162239,0.8447377019250526,0.023826204488990255,865,692.0792610487848
continuous_frequency_weight,SiC_15deg,15.0,7.29,0.0037680511527369066,0.9861470011750967,0.006424250040288404,865,634.881959649348
continuous_frequency_weight,joint,,7.29,0.004097244210808561,,,1730,1326.9612206981328
continuous_frequency_weight,SiC_10deg,10.0,7.295,0.004326599660915654,0.8494285614780838,0.02297304093057967,865,692.0792610487848
continuous_frequency_weight,SiC_15deg,15.0,7.295,0.0036820634273610543,0.9907160009472624,0.005590630718159212,865,634.881959649348
continuous_frequency_weight,joint,,7.295,0.004018222580529789,,,1730,1326.9612206981328
continuous_frequency_weight,SiC_10deg,10.0,7.3,0.0042523738852622926,0.8541511899582754,0.022114103691775883,865,692.0792610487848
continuous_frequency_weight,SiC_15deg,15.0,7.3,0.0035954189519932012,0.9952416752235235,0.0047648269010416855,865,634.881959649348
continuous_frequency_weight,joint,,7.3,0.00393805510267138,,,1730,1326.9612206981328
continuous_frequency_weight,SiC_10deg,10.0,7.305,0.004176564693929734,0.8589012051490663,0.021250193892146246,865,692.0792610487848
continuous_frequency_weight,SiC_15deg,15.0,7.305,0.0035082264480157262,0.9997189721372979,0.003947765690008709,865,634.881959649348
continuous_frequency_weight,joint,,7.305,0.0038567995880201167,,,1730,1326.9612206981328
continuous_frequency_weight,SiC_10deg,10.0,7.31,0.004099186068078795,0.8636740406265137,0.02038214593534307,865,692.0792610487848
continuous_frequency_weight,SiC_15deg,15.0,7.31,0.0034206062291324535,1.0041427898377784,0.003140383275210823,865,634.881959649348
continuous_frequency_weight,joint,,7.31,0.0037745208923307557,,,1730,1326.9612206981328
continuous_frequency_weight,SiC_10deg,10.0,7.315,0.004020255089245628,0.8684649470330308,0.019510827248446383,865,692.0792610487848
continuous_frequency_weight,SiC_15deg,15.0,7.315,0.0033326915448074865,1.0085079770257057,0.002343624794341498,865,634.881959649348
continuous_frequency_weight,joint,,7.315,0.0036912916774537756,,,1730,1326.9612206981328
continuous_frequency_weight,SiC_10deg,10.0,7.32,0.0039397921869167895,0.8732689944127215,0.018637137828800943,865,692.0792610487848
continuous_frequency_weight,SiC_15deg,15.0,7.32,0.0032446300949102126,1.012809334362045,0.0015584440324082072,865,634.881959649348
continuous_frequency_weight,joint,,7.32,0.0036071932651375394,,,1730,1326.9612206981328
continuous_frequency_weight,SiC_10deg,10.0,7.325,0.0038578214103391234,0.878081075650605,0.01776200959081639,865,692.0792610487848
continuous_frequency_weight,SiC_15deg,15.0,7.325,0.003156585731685167,1.0170416168459309,0.0007858029455404814,865,634.881959649348
continuous_frequency_weight,joint,,7.325,0.003522316593095378,,,1730,1326.9612206981328
continuous_frequency_weight,SiC_10deg,10.0,7.33,0.0037743707290497377,0.8828959110477191,0.016886405507079816,865,692.0792610487848
continuous_frequency_weight,SiC_15deg,15.0,7.33,0.003068740363027359,1.0211995372460838,2.667099377734461e-05,865,634.881959649348
continuous_frequency_weight,joint,,7.33,0.0034367632823658926,,,1730,1326.9612206981328
continuous_frequency_weight,SiC_10deg,10.0,7.335,0.0036894723677076686,0.8877080540530802,0.016011318540135683,865,692.0792610487848
continuous_frequency_weight,SiC_15deg,15.0,7.335,0.0029812960664804683,1.0252777706562546,-0.0007179757297428868,865,634.881959649348
continuous_frequency_weight,joint,,7.335,0.0033506468233833165,,,1730,1326.9612206981328
continuous_frequency_weight,SiC_10deg,10.0,7.34,0.003603163182173855,0.8925118981618481,0.015137770363404468,865,692.0792610487848
continuous_frequency_weight,SiC_15deg,15.0,7.34,0.0028944774151904583,1.0292709602302506,-0.0014471555830410099,865,634.881959649348
continuous_frequency_weight,joint,,7.34,0.003264093884970652,,,1730,1326.9612206981328
continuous_frequency_weight,SiC_10deg,10.0,7.345,0.0035154850854865745,0.8973016849769155,0.014266809871922914,865,692.0792610487848
continuous_frequency_weight,SiC_15deg,15.0,7.345,0.002808534003610272,1.0331737241359156,-0.00215988267991446,865,634.881959649348
continuous_frequency_weight,joint,,7.345,0.003177245744926405,,,1730,1326.9612206981328
continuous_frequency_weight,SiC_10deg,10.0,7.35,0.003426485534503395,0.9020715134187189,0.013399511485845589,865,692.0792610487848
continuous_frequency_weight,SiC_15deg,15.0,7.35,0.0027237431399233986,1.0369806637503312,-0.0028551684187165804,865,634.881959649348
continuous_frequency_weight,joint,,7.35,0.003090259832018364,,,1730,1326.9612206981328
continuous_frequency_weight,SiC_10deg,10.0,7.355,0.00333621809063805,0.9068153500554921,0.012536973251937644,865,692.0792610487848
continuous_frequency_weight,SiC_15deg,15.0,7.355,0.002640412641251551,1.040686373100692,-0.003532023235867071,865,634.881959649348
continuous_frequency_weight,joint,,7.355,0.0030033113557985927,,,1730,1326.9612206981328
continuous_frequency_weight,SiC_10deg,10.0,7.36,0.0032447430714542063,0.9115270405136432,0.011680314750567161,865,692.0792610487848
continuous_frequency_weight,SiC_15deg,15.0,7.36,0.002558883623590604,1.0442854495369829,-0.004189458581332128,865,634.881959649348
continuous_frequency_weight,joint,,7.36,0.0029165949812827597,,,1730,1326.9612206981328
continuous_frequency_weight,SiC_10deg,10.0,7.365,0.0031521283140672264,0.9162003219156769,0.01083067481793254,865,692.0792610487848
continuous_frequency_weight,SiC_15deg,15.0,7.365,0.0024795331177891945,1.0477725056041312,-0.0048264891099679685,865,634.881959649348
continuous_frequency_weight,joint,,7.365,0.0028303264787136097,,,1730,1326.9612206981328
continuous_frequency_weight,SiC_10deg,10.0,7.37,0.0030584500765810482,0.9208288362812171,0.009989209095414203,865,692.0792610487848
continuous_frequency_weight,SiC_15deg,15.0,7.37,0.002402776263039482,1.0511421820628415,-0.005442135079265886,865,634.881959649348
continuous_frequency_weight,joint,,7.37,0.0027447442431784547,,,1730,1326.9612206981328
continuous_frequency_weight,SiC_10deg,10.0,7.375,0.002963794110438795,0.9254061448155774,0.00915708741995544,865,692.0792610487848
continuous_frequency_weight,SiC_15deg,15.0,7.375,0.002329067729536515,1.0543891619903134,-0.006035424940774969,865,634.881959649348
continuous_frequency_weight,joint,,7.375,0.002660110534564312,,,1730,1326.9612206981328
continuous_frequency_weight,SiC_10deg,10.0,7.38,0.0028682569449572483,0.9299257430000526,0.008335491071235462,865,692.0792610487848
continuous_frequency_weight,SiC_15deg,15.0,7.38,0.002258901905667133,1.057508185874619,-0.0066053981093193714,865,634.881959649348
continuous_frequency_weight,joint,,7.38,0.0025767122370695702,,,1730,1326.9612206981328
continuous_frequency_weight,SiC_10deg,10.0,7.385,0.0027719474358932363,0.9343810763889541,0.0075256098930562565,865,692.0792610487848
continuous_frequency_weight,SiC_15deg,15.0,7.385,0.0021928112633297072,1.0604940676001016,-0.00715110789115328,865,634.881959649348
continuous_frequency_weight,joint,,7.385,0.0024948608847523424,,,1730,1326.9612206981328
continuous_frequency_weight,SiC_10deg,10.0,7.39,0.002674988643189821,0.9387655570105867,0.006728639307771372,865,692.0792610487848
continuous_frequency_weight,SiC_15deg,15.0,7.39,0.0021313622103575113,1.0633417112059602,-0.00767162454944928,865,634.881959649348
continuous_frequency_weight,joint,,7.39,0.0024148916564729226,,,1730,1326.9612206981328
continuous_frequency_weight,SiC_10deg,10.0,7.395,0.002577520119684589,0.9430725802630181,0.005945777243730466,865,692.0792610487848
continuous_frequency_weight,SiC_15deg,15.0,7.395,0.002075147689275079,1.066046128286552,-0.008166038483050891,865,634.881959649348
continuous_frequency_weight,joint,,7.395,0.0023371610284638276,,,1730,1326.9612206981328
continuous_frequency_weight,SiC_10deg,10.0,7.4,0.0024797007131755447,0.9472955421908344,0.0051782209965412496,865,692.0792610487848
continuous_frequency_weight,SiC_15deg,15.0,7.4,0.002024775840207078,1.0686024558900877,-0.008633463492283028,865,634.881959649348
continuous_frequency_weight,joint,,7.4,0.002262042811544104,,,1730,1326.9612206981328
continuous_frequency_weight,SiC_10deg,10.0,7.405,0.0023817120093910533,0.9514278570261732,0.00442716404546295,865,692.0792610487848
continuous_frequency_weight,SiC_15deg,15.0,7.405,0.0019808542751463838,1.071005974762597,-0.009073040103852958,865,634.881959649348
continuous_frequency_weight,joint,,7.405,0.002189922422861947,,,1730,1326.9612206981328
continuous_frequency_weight,SiC_10deg,10.0,7.41,0.0022837625733206942,0.9554629748764059,0.0036937928463931513,865,692.0792610487848
continuous_frequency_weight,SiC_15deg,15.0,7.41,0.001943969963979019,1.0732521277765326,-0.009483938925530344,865,634.881959649348
continuous_frequency_weight,joint,,7.41,0.002121189474477828,,,1730,1326.9612206981328
continuous_frequency_weight,SiC_10deg,10.0,7.415,0.002186093180415964,0.9593943994417962,0.002979283622715573,865,692.0792610487848
continuous_frequency_weight,SiC_15deg,15.0,7.415,0.0019146654213724472,1.0753365383782756,-0.009865364000391202,865,634.881959649348
continuous_frequency_weight,joint,,7.415,0.0020562291083716304,,,1730,1326.9612206981328
continuous_frequency_weight,SiC_10deg,10.0,7.42,0.002088983264939844,0.9632157056494839,0.0022847991747038943,865,692.0792610487848
continuous_frequency_weight,SiC_15deg,15.0,7.42,0.0018934127400085637,1.0772550288863243,-0.010216556129985732,865,634.881959649348
continuous_frequency_weight,joint,,7.42,0.001995412935844094,,,1730,1326.9612206981328
continuous_frequency_weight,SiC_10deg,10.0,7.425,0.00199275884425396,0.9669205570950979,0.0016114857272546135,865,692.0792610487848
continuous_frequency_weight,SiC_15deg,15.0,7.425,0.0018805878673231894,1.0790036384721455,-0.010536796135854204,865,634.881959649348
continuous_frequency_weight,joint,,7.425,0.0019390908632016411,,,1730,1326.9612206981328
continuous_frequency_weight,SiC_10deg,10.0,7.43,0.001897802192446425,0.9705027231901308,0.000960469834452915,865,692.0792610487848
continuous_frequency_weight,SiC_15deg,15.0,7.43,0.0018764481099973135,1.0805786406585518,-0.0108254080293676,865,634.881959649348
continuous_frequency_weight,joint,,7.43,0.0018875853741247312,,,1730,1326.9612206981328
continuous_frequency_weight,SiC_10deg,10.0,7.435,0.0018045635099490467,0.9739560959218551,0.00033285535788110665,865,692.0792610487848
continuous_frequency_weight,SiC_15deg,15.0,7.435,0.0018811159037919129,1.081976560176103,-0.011081762060926537,865,634.881959649348
continuous_frequency_weight,joint,,7.435,0.0018411898506896127,,,1730,1326.9612206981328
continuous_frequency_weight,SiC_10deg,10.0,7.44,0.0017135747232039688,0.9772747061427279,-0.00027027946629759603,865,692.0792610487848
continuous_frequency_weight,SiC_15deg,15.0,7.44,0.0018945712514448628,1.0831941890262535,-0.011305277621077608,865,634.881959649348
continuous_frequency_weight,joint,,7.44,0.0018001721525386792,,,1730,1326.9612206981328
continuous_frequency_weight,SiC_10deg,10.0,7.445,0.0016254652741449478,0.9804527393178408,-0.0008478848585820875,865,692.0792610487848
continuous_frequency_weight,SiC_15deg,15.0,7.445,0.0019166539767299456,1.0842286016106941,-0.01149542596808914,865,634.881959649348
continuous_frequency_weight,joint,,7.445,0.001764783930365852,,,1730,1326.9612206981328
continuous_frequency_weight,SiC_10deg,10.0,7.45,0.0015409792034408465,0.9834845506716506,-0.0013989422151374498,865,692.0792610487848
continuous_frequency_weight,SiC_15deg,15.0,7.45,0.0019470753755623455,1.085077168799389,-0.011651732758934052,865,634.881959649348
continuous_frequency_weight,joint,,7.45,0.0017352751101644443,,,1730,1326.9612206981328
continuous_frequency_weight,SiC_10deg,10.0,7.455,0.0014609918259739997,0.9863646796887291,-0.0019224667064743073,865,692.0792610487848
continuous_frequency_weight,SiC_15deg,15.0,7.455,0.001985437401725937,1.0857375708248298,-0.011773780363389552,865,634.881959649348
continuous_frequency_weight,joint,,7.455,0.0017119117697291346,,,1730,1326.9612206981328
continuous_frequency_weight,SiC_10deg,10.0,7.46,0.0013865226544757488,0.9890878639372398,-0.0024175097502835696,865,692.0792610487848
continuous_frequency_weight,SiC_15deg,15.0,7.46,0.00203125658807993,1.0862078089069145,-0.011861209944066337,865,634.881959649348
continuous_frequency_weight,joint,,7.46,0.0016949943240575477,,,1730,1326.9612206981328
continuous_frequency_weight,SiC_10deg,10.0,7.465,0.001318738855868074,0.9916490521979815,-0.0028831613554977376,865,692.0792610487848
continuous_frequency_weight,SiC_15deg,15.0,7.465,0.0020839896514981138,1.0864862155309902,-0.01191372328850504,865,634.881959649348
continuous_frequency_weight,joint,,7.465,0.0016848715786444133,,,1730,1326.9612206981328
continuous_frequency_weight,SiC_10deg,10.0,7.47,0.0012589407060086364,0.9940434168956688,-0.003318552337191333,865,692.0792610487848
continuous_frequency_weight,SiC_15deg,15.0,7.47,0.0021430580956662915,1.0865714633208836,-0.011931084383012408,865,634.881959649348
continuous_frequency_weight,joint,,7.47,0.0016819449145344932,,,1730,1326.9612206981328
continuous_frequency_weight,SiC_10deg,10.0,7.475,0.00120851836832862,0.9962663658423914,-0.0037228564043639834,865,692.0792610487848
continuous_frequency_weight,SiC_15deg,15.0,7.475,0.002207869877926876,1.086462572468488,-0.011913120721527282,865,634.881959649348
continuous_frequency_weight,joint,,7.475,0.0016866561125940263,,,1730,1326.9612206981328
continuous_frequency_weight,SiC_10deg,10.0,7.48,0.0011688702687312055,0.9983135533154444,-0.004095292124900007,865,692.0792610487848
continuous_frequency_weight,SiC_15deg,15.0,7.48,0.002277837071228661,1.0861589167014616,-0.011859724346462264,865,634.881959649348
continuous_frequency_weight,joint,,7.48,0.0016994532321016338,,,1730,1326.9612206981328
continuous_frequency_weight,SiC_10deg,10.0,7.485,0.0011412806636503228,1.0001808905026564,-0.004435124774004734,865,692.0792610487848
continuous_frequency_weight,SiC_15deg,15.0,7.485,0.0023523892167300374,1.0856602277902383,-0.011770852622061484,865,634.881959649348
continuous_frequency_weight,joint,,7.485,0.0017207331446525943,,,1730,1326.9612206981328
continuous_frequency_weight,SiC_10deg,10.0,7.49,0.0011267694269007091,1.0018645553576175,-0.0047416680741208805,865,692.0792610487848
continuous_frequency_weight,SiC_15deg,15.0,7.49,0.002430982615609134,1.0849665986144663,-0.011646528744270385,865,634.881959649348
continuous_frequency_weight,joint,,7.49,0.0017507676358401504,,,1730,1326.9612206981328
continuous_frequency_weight,SiC_10deg,10.0,7.495,0.00112594646003266,1.0033610019145323,-0.005014285835676119,865,692.0792610487848
continuous_frequency_weight,SiC_15deg,15.0,7.495,0.002513106130987869,1.0840784848267804,-0.011486841994364533,865,634.881959649348
continuous_frequency_weight,joint,,7.495,0.0017896302486058097,,,1730,1326.9612206981328
continuous_frequency_weight,SiC_10deg,10.0,7.5,0.0011389145579886587,1.0046669691175598,-0.00525239350896009,865,692.0792610487848
continuous_frequency_weight,SiC_15deg,15.0,7.5,0.0025982842004473425,1.082996705167994,-0.01129194774653522,865,634.881959649348
continuous_frequency_weight,joint,,7.5,0.001837147063961575,,,1730,1326.9612206981328
continuous_frequency_weight,SiC_10deg,10.0,7.505,0.0011652553852836507,1.0057794892222705,-0.00545545965794475,865,692.0792610487848
continuous_frequency_weight,SiC_15deg,15.0,7.505,0.0026860777559112982,1.0817224405021015,-0.011062067242239876,865,634.881959649348
continuous_frequency_weight,joint,,7.505,0.001892889826955324,,,1730,1326.9612206981328
continuous_frequency_weight,SiC_10deg,10.0,7.51,0.0012041035959801983,1.0066958958270922,-0.005623007366915789,865,692.0792610487848
continuous_frequency_weight,SiC_15deg,15.0,7.51,0.0027760836679416568,1.080257231651559,-0.01079748714632478,865,634.881959649348
continuous_frequency_weight,joint,,7.51,0.0019562143382154088,,,1730,1326.9612206981328
continuous_frequency_weight,SiC_10deg,10.0,7.515,0.0012542813880254094,1.007413831590308,-0.005754615590370632,865,692.0792610487848
continuous_frequency_weight,SiC_15deg,15.0,7.515,0.0028679332195663387,1.0786029761228697,-0.010498558901664068,865,634.881959649348
continuous_frequency_weight,joint,,7.515,0.0020263299008383704,,,1730,1326.9612206981328
continuous_frequency_weight,SiC_10deg,10.0,7.52,0.0013144500493272764,1.0079312556832851,-0.005849920455756996,865,692.0792610487848
continuous_frequency_weight,SiC_15deg,15.0,7.52,0.0029612899990229453,1.0767619238194448,-0.010165697900321818,865,634.881959649348
continuous_frequency_weight,joint,,7.52,0.002102377351333541,,,1730,1326.9612206981328
continuous_frequency_weight,SiC_10deg,10.0,7.525,0.001383241594892839,1.008246451023229,-0.005908616527287275,865,692.0792610487848
continuous_frequency_weight,SiC_15deg,15.0,7.525,0.003055847496697566,1.0747366718428426,-0.009799382489983743,865,634.881959649348
continuous_frequency_weight,joint,,7.525,0.0021834965654941394,,,1730,1326.9612206981328
continuous_frequency_weight,SiC_10deg,10.0,7.53,0.0014593520362780033,1.0083580313190668,-0.005930458037302189,865,692.0792610487848
continuous_frequency_weight,SiC_15deg,15.0,7.53,0.00315132660547898,1.0725301584847717,-0.009400152834633718,865,634.881959649348
continuous_frequency_weight,joint,,7.53,0.0022688739073135587,,,1730,1326.9612206981328
continuous_frequency_weight,SiC_10deg,10.0,7.535,0.0015415949890177686,1.0082649479522252,-0.005915260089506186,865,692.0792610487848
continuous_frequency_weight,SiC_15deg,15.0,7.535,0.0032474731566931054,1.0701456565107732,-0.00896860964816426,865,634.881959649348
continuous_frequency_weight,joint,,7.535,0.0023577690091198477,,,1730,1326.9612206981328
continuous_frequency_weight,SiC_10deg,10.0,7.54,0.001628923857845664,1.0079664967003834,-0.005862899835903546,865,692.0792610487848
continuous_frequency_weight,SiC_15deg,15.0,7.54,0.0033440555738794378,1.0675867658322975,-0.008505412818835212,865,634.881959649348
continuous_frequency_weight,joint,,7.54,0.002449525219774977,,,1730,1326.9612206981328
continuous_frequency_weight,SiC_10deg,10.0,7.545,0.0017204332669731824,1.0074623242971428,-0.0057733176265068464,865,692.0792610487848
continuous_frequency_weight,SiC_15deg,15.0,7.545,0.0034408626909620725,1.0648574056571887,-0.00801127994125353,865,634.881959649348
continuous_frequency_weight,joint,,7.545,0.002543569306748186,,,1730,1326.9612206981328
continuous_frequency_weight,SiC_10deg,10.0,7.55,0.0018153488881656927,1.0067524348042824,-0.005646518127921635,865,692.0792610487848
continuous_frequency_weight,SiC_15deg,15.0,7.55,0.0035377017567442865,1.0619618061996052,-0.007486984770895017,865,634.881959649348
continuous_frequency_weight,joint,,7.55,0.002639405196183159,,,1730,1326.9612206981328
continuous_frequency_weight,SiC_10deg,10.0,7.555,0.001913012088404393,1.0058371957563588,-0.005482571403824188,865,692.0792610487848
continuous_frequency_weight,SiC_15deg,15.0,7.555,0.003634396631332915,1.0589045000194781,-0.00693335561417649,865,634.881959649348
continuous_frequency_weight,joint,,7.555,0.002736605102938442,,,1730,1326.9612206981328
continuous_frequency_weight,SiC_10deg,10.0,7.56,0.0020128633116854935,1.0047173440203139,-0.005281613947227981,865,692.0792610487848
continuous_frequency_weight,SiC_15deg,15.0,7.56,0.003730786169781668,1.0556903130490394,-0.006351273664777862,865,634.881959649348
continuous_frequency_weight,joint,,7.56,0.0028348000899891482,,,1730,1326.9612206981328
continuous_frequency_weight,SiC_10deg,10.0,7.565,0.0021144262885619473,1.0033939912959873,-0.005043849651365118,865,692.0792610487848
continuous_frequency_weight,SiC_15deg,15.0,7.565,0.0038267227821439567,1.0523243553501986,-0.005741671294383882,865,634.881959649348
continuous_frequency_weight,joint,,7.565,0.002933671143942206,,,1730,1326.9612206981328
continuous_frequency_weight,SiC_10deg,10.0,7.57,0.0022172940130635566,1.001868629167478,-0.0047695507030891815,865,692.0792610487848
continuous_frequency_weight,SiC_15deg,15.0,7.57,0.0039220711559053816,1.0488120116320117,-0.00510553030334443,865,634.881959649348
continuous_frequency_weight,joint,,7.57,0.0030329412500215472,,,1730,1326.9612206981328
continuous_frequency_weight,SiC_10deg,10.0,7.575,0.0023211167673026123,1.0001431336006639,-0.004459058380018116,865,692.0792610487848
continuous_frequency_weight,SiC_15deg,15.0,7.575,0.004016707125450094,1.0451589315426153,-0.004443880134020195,865,634.881959649348
continuous_frequency_weight,joint,,7.575,0.003132368605375809,,,1730,1326.9612206981328
continuous_frequency_weight,SiC_10deg,10.0,7.58,0.0024255921344968935,0.9982197687693888,-0.004112783730281205,865,692.0792610487848
continuous_frequency_weight,SiC_15deg,15.0,7.58,0.004110516673111202,1.0413710197353008,-0.0037577960468728466,865,634.881959649348
continuous_frequency_weight,joint,,7.58,0.0032317409324051903,,,1730,1326.9612206981328
continuous_frequency_weight,SiC_10deg,10.0,7.585,0.0025304567901206117,0.9961011900822768,-0.0037312081117821805,865,692.0792610487848
continuous_frequency_weight,SiC_15deg,15.0,7.585,0.00420339504698647,1.0374544256942615,-0.003048397256760038,865,634.881959649348
continuous_frequency_weight,joint,,7.585,0.00333087077534059,,,1730,1326.9612206981328
continuous_frequency_weight,SiC_10deg,10.0,7.59,0.0026354798127586265,0.9937904462742329,-0.0033148835664193743,865,692.0792610487848
continuous_frequency_weight,SiC_15deg,15.0,7.59,0.0042952459817397325,1.0334155332924757,-0.002316845024483899,865,634.881959649348
continuous_frequency_weight,joint,,7.59,0.003429591638700322,,,1730,1326.9612206981328
continuous_frequency_weight,SiC_10deg,10.0,7.595,0.0027404572596297447,0.9912909804218585,-0.0028644330037855825,865,692.0792610487848
continuous_frequency_weight,SiC_15deg,15.0,7.595,0.004385981009842696,1.0292609500425538,-0.001564340696493416,865,634.881959649348
continuous_frequency_weight,joint,,7.595,0.0035277548286085157,,,1730,1326.9612206981328
continuous_frequency_weight,SiC_10deg,10.0,7.6,0.0028452077777888535,0.9886066297404361,-0.0023805501685420782,865,692.0792610487848
continuous_frequency_weight,SiC_15deg,15.0,7.6,0.004475518852002593,1.0249974959915873,-0.0007921236838292767,865,634.881959649348
continuous_frequency_weight,joint,,7.6,0.0036252268721601987,,,1730,1326.9612206981328
continuous_frequency_weight,SiC_10deg,10.0,7.605,0.002949569055444462,0.9857416240220662,-0.0018639993659667065,865,692.0792610487848
continuous_frequency_weight,SiC_15deg,15.0,7.605,0.004563784876784189,1.0206321922033577,-1.4693699684487083e-06,865,634.881959649348
continuous_frequency_weight,joint,,7.605,0.0037218874080561276,,,1730,1326.9612206981328
continuous_frequency_weight,SiC_10deg,10.0,7.61,0.0030533949511417757,0.9827005825801234,-0.001315614921145264,865,692.0792610487848
continuous_frequency_weight,SiC_15deg,15.0,7.61,0.004650710620620605,1.016172248766057,0.0008063130637522287,865,634.881959649348
continuous_frequency_weight,joint,,7.61,0.0038176274596726538,,,1730,1326.9612206981328
continuous_frequency_weight,SiC_10deg,10.0,7.615,0.003156553168502918,0.9794885095743521,-0.000736300348887664,865,692.0792610487848
continuous_frequency_weight,SiC_15deg,15.0,7.615,0.004736233360491985,1.0116250522609802,0.0016298829069767151,865,634.881959649348
continuous_frequency_weight,joint,,7.615,0.003912348017866814,,,1730,1326.9612206981328
continuous_frequency_weight,SiC_10deg,10.0,7.62,0.0032589233697170117,0.9761107876036905,-0.0001270272137260109,865,692.0792610487848
continuous_frequency_weight,SiC_15deg,15.0,7.62,0.004820295732522628,1.0069981526278156,0.0024678702952781184,865,634.881959649348
continuous_frequency_weight,joint,,7.62,0.004005958874581903,,,1730,1326.9612206981328
continuous_frequency_weight,SiC_10deg,10.0,7.625,0.0033603956420329172,0.9725731694700083,0.0005111663377750375,865,692.0792610487848
continuous_frequency_weight,SiC_15deg,15.0,7.625,0.00490284539060807,1.002299249364956,0.003318878702580519,865,634.881959649348
continuous_frequency_weight,joint,,7.625,0.004098377659714509,,,1730,1326.9612206981328
continuous_frequency_weight,SiC_10deg,10.0,7.63,0.0034608692485754633,0.9688817680352106,0.0011771773867103597,865,692.0792610487848
continuous_frequency_weight,SiC_15deg,15.0,7.63,0.004983834699936852,0.997536177008911,0.004181487561419367,865,634.881959649348
continuous_frequency_weight,joint,,7.63,0.004189529042966343,,,1730,1326.9612206981328
continuous_frequency_weight,SiC_10deg,10.0,7.635,0.0035602516084871274,0.9650430441161245,0.0018698404038994254,865,692.0792610487848
continuous_frequency_weight,SiC_15deg,15.0,7.635,0.005063220460927803,0.9927168898451256,0.005054255019937226,865,634.881959649348
continuous_frequency_weight,joint,,7.635,0.004279344069853441,,,1730,1326.9612206981328
continuous_frequency_weight,SiC_10deg,10.0,7.64,0.0036584574622908293,0.9610637923859102,0.0025879297703176873,865,692.0792610487848
continuous_frequency_weight,SiC_15deg,15.0,7.64,0.00514096365967163,0.9878494458132109,0.0059357208425890595,865,634.881959649348
continuous_frequency_weight,joint,,7.64,0.0043677596069987504,,,1730,1326.9612206981328
continuous_frequency_weight,SiC_10deg,10.0,7.645,0.003755408187017977,0.9569511252768863,0.003330162657176644,865,692.0792610487848
continuous_frequency_weight,SiC_15deg,15.0,7.645,0.005217029241456996,0.9829419895824426,0.0068244094592181115,865,634.881959649348
continuous_frequency_weight,joint,,7.645,0.004454717876579801,,,1730,1326.9612206981328
continuous_frequency_weight,SiC_10deg,10.0,7.65,0.0038510312325056046,0.9527124549070062,0.004095202262003661,865,692.0792610487848
continuous_frequency_weight,SiC_15deg,15.0,7.65,0.005291385904385464,0.978002734788163,0.007718833164493594,865,634.881959649348
continuous_frequency_weight,joint,,7.65,0.004540166063583841,,,1730,1326.9612206981328
continuous_frequency_weight,SiC_10deg,10.0,7.655,0.003945259655713123,0.9483554730803108,0.004881661391997916,865,692.0792610487848
continuous_frequency_weight,SiC_15deg,15.0,7.655,0.005364005910446804,0.9730399454359421,0.008617495466768516,865,634.881959649348
continuous_frequency_weight,joint,,7.655,0.004624055982539164,,,1730,1326.9612206981328
continuous_frequency_weight,SiC_10deg,10.0,7.66,0.004038031734244875,0.9438881294397191,0.005688106380871943,865,692.0792610487848
continuous_frequency_weight,SiC_15deg,15.0,7.66,0.0054348649117452125,0.9680619164976723,0.009518894582277337,865,634.881959649348
continuous_frequency_weight,joint,,7.66,0.004706343792805312,,,1730,1326.9612206981328
continuous_frequency_weight,SiC_10deg,10.0,7.665,0.004129290643727484,0.939318607878039,0.006513061320408603,865,692.0792610487848
continuous_frequency_weight,SiC_15deg,15.0,7.665,0.005503941789844477,0.9630769537417474,0.010421527067334846,865,634.881959649348
continuous_frequency_weight,joint,,7.665,0.0047869897534436046,,,1730,1326.9612206981328
continuous_frequency_weight,SiC_10deg,10.0,7.67,0.004218984186471202,0.9346553013393445,0.00735501258320212,865,692.0792610487848
continuous_frequency_weight,SiC_15deg,15.0,7.67,0.0055712185064445766,0.9580933528575807,0.011323891577907585,865,634.881959649348
continuous_frequency_weight,joint,,7.67,0.004865958010256441,,,1730,1326.9612206981328
continuous_frequency_weight,SiC_10deg,10.0,7.675,0.004307064561087425,0.9299067851673686,0.008212413608609193,865,692.0792610487848
continuous_frequency_weight,SiC_15deg,15.0,7.675,0.005636679963817603,0.953119377952559,0.012224492742686083,865,634.881959649348
continuous_frequency_weight,joint,,7.675,0.004943216408856702,,,1730,1326.9612206981328
continuous_frequency_weight,SiC_10deg,10.0,7.68,0.004393488164556822,0.9250817891797571,0.00908368991990241,865,692.0792610487848
continuous_frequency_weight,SiC_15deg,15.0,7.68,0.005700313873623008,0.9481632395166084,0.013121845132675974,865,634.881959649348
continuous_frequency_weight,joint,,7.68,0.005018736328670904,,,1730,1326.9612206981328
continuous_frequency_weight,SiC_10deg,10.0,7.685,0.00447821541973256,0.9201891686664053,0.009967244337089204,865,692.0792610487848
continuous_frequency_weight,SiC_15deg,15.0,7.685,0.005762110632894836,0.9432330719654455,0.014014477307426582,865,634.881959649348
continuous_frequency_weight,joint,,7.685,0.005092492533639503,,,1730,1326.9612206981328
continuous_frequency_weight,SiC_10deg,10.0,7.69,0.004561210622491088,0.9152378745263304,0.010861462346899803,865,692.0792610487848
continuous_frequency_weight,SiC_15deg,15.0,7.69,0.0058220632061494765,0.9383369108879065,0.014900935915399566,865,634.881959649348
continuous_frequency_weight,joint,,7.69,0.005164463036092769,,,1730,1326.9612206981328
continuous_frequency_weight,SiC_10deg,10.0,7.695,0.004642441803762159,0.9102369227702434,0.011764717589115653,865,692.0792610487848
continuous_frequency_weight,SiC_15deg,15.0,7.695,0.0058801670127047,0.9334826701351489,0.015779789823708146,865,634.881959649348
continuous_frequency_weight,joint,,7.695,0.005234628970880286,,,1730,1326.9612206981328
continuous_frequency_weight,SiC_10deg,10.0,7.7,0.004721880602522771,0.9051953636250007,0.012675377416747319,865,692.0792610487848
continuous_frequency_weight,SiC_15deg,15.0,7.7,0.0059364198184306514,0.9286781188997072,0.016649634250585243,865,634.881959649348
continuous_frequency_weight,joint,,7.7,0.00530297447733917,,,1730,1326.9612206981328
