dataset,angle_deg,thickness_um,wavenumber_cm,observed_reflectance,model_raw_reflectance,fitted_reflectance,residual
SiC_10deg,10.0,7.455,1500.347,0.1443565194,0.14306014226635766,0.1384487646020015,0.005907754797998488
SiC_10deg,10.0,7.455,1503.24,0.14496072299999999,0.1436282231590194,0.1390179103613491,0.005942812638650874
SiC_10deg,10.0,7.455,1506.133,0.14626487700000002,0.14427403706010372,0.13966493483951395,0.006599942160486066
SiC_10deg,10.0,7.455,1509.025,0.1478220472,0.14499303095232635,0.14038527648458843,0.0074367707154115725
SiC_10deg,10.0,7.455,1511.918,0.14874472519999998,0.14578093999572678,0.14117466246217666,0.007570062737823319
SiC_10deg,10.0,7.455,1514.811,0.1497519751,0.1466323428362647,0.14202766125591923,0.00772431384408076
SiC_10deg,10.0,7.455,1517.703,0.1507932595,0.147541360325257,0.1429383826966786,0.007854876803321392
SiC_10deg,10.0,7.455,1520.596,0.1515868491,0.14850274992573947,0.14390157442036383,0.007685274679636173
SiC_10deg,10.0,7.455,1523.489,0.1524925269,0.14951007035149194,0.14491078306657437,0.007581743833425636
SiC_10deg,10.0,7.455,1526.381,0.1521778937,0.15055660694029663,0.1459592813864694,0.006218612313530603
SiC_10deg,10.0,7.455,1529.274,0.1525942497,0.15163658197898722,0.14704128083656887,0.005552968863431124
SiC_10deg,10.0,7.455,1532.167,0.1533039237,0.1527430325526513,0.14814980544998796,0.005154118250012052
SiC_10deg,10.0,7.455,1535.06,0.1546591588,0.1538692980408805,0.14927818212099653,0.005380976679003474
SiC_10deg,10.0,7.455,1537.952,0.1552090704,0.15500831866858988,0.15041933784097292,0.004789732559027093
SiC_10deg,10.0,7.455,1540.845,0.15680834629999998,0.15615426300219684,0.15156743024532204,0.005240916054677941
SiC_10deg,10.0,7.455,1543.738,0.156567751,0.15730020613885665,0.15271552145048037,0.003852229549519637
SiC_10deg,10.0,7.455,1546.63,0.1558737664,0.1584393532670837,0.15385680390809944,0.002016962491900559
SiC_10deg,10.0,7.455,1549.523,0.1553173403,0.15956626061917437,0.1549858236461422,0.00033151665385780515
SiC_10deg,10.0,7.455,1552.416,0.1548782588,0.1606745051045913,0.15609614553399873,-0.0012178867339987243
SiC_10deg,10.0,7.455,1555.308,0.1550556363,0.16175792809427092,0.1571815993982656,-0.0021259630982655986
SiC_10deg,10.0,7.455,1558.201,0.1559556426,0.1628117604535423,0.15823740716453688,-0.002281764564536881
SiC_10deg,10.0,7.455,1561.094,0.1572054468,0.16383039889933604,0.15925795504639842,-0.00205250824639841
SiC_10deg,10.0,7.455,1563.987,0.15742744679999998,0.16480893918099299,0.16023832960018136,-0.00281088280018138
SiC_10deg,10.0,7.455,1566.879,0.158218104,0.16574250323415102,0.16117364361760006,-0.0029555396176000615
SiC_10deg,10.0,7.455,1569.772,0.1594626209,0.16662753315147807,0.16206033252203111,-0.0025977116220311236
SiC_10deg,10.0,7.455,1572.665,0.1605825163,0.16745986734961582,0.16289422692923514,-0.002311710629235131
SiC_10deg,10.0,7.455,1575.557,0.1620856503,0.16823580329807464,0.16367161736833524,-0.0015859670683352478
SiC_10deg,10.0,7.455,1578.45,0.16336315240000002,0.16895283058118904,0.164389988717896,-0.0010268363178959905
SiC_10deg,10.0,7.455,1581.343,0.1643363953,0.16960802700272534,0.16504641330403177,-0.0007100180040317816
SiC_10deg,10.0,7.455,1584.235,0.1652964659,0.17019896469618542,0.1656384587092127,-0.00034199280921271
SiC_10deg,10.0,7.455,1587.128,0.1659574643,0.1707242301682525,0.16616470879053113,-0.0002072444905311388
SiC_10deg,10.0,7.455,1590.021,0.1661166121,0.17118219832082948,0.16662353540364636,-0.0005069233036463505
SiC_10deg,10.0,7.455,1592.914,0.1664076808,0.17157187181044126,0.16701393933556452,-0.0006062585355645078
SiC_10deg,10.0,7.455,1595.806,0.1666798889,0.1718925637865882,0.1673352324482859,-0.0006553435482859193
SiC_10deg,10.0,7.455,1598.699,0.1664984254,0.17214431304139138,0.16758745360664737,-0.0010890282066473578
SiC_10deg,10.0,7.455,1601.592,0.16666057469999998,0.17232721242196147,0.1677706958318013,-0.0011101211318013116
SiC_10deg,10.0,7.455,1604.484,0.1664060967,0.17244184069576135,0.16788553897610922,-0.0014794422761092163
SiC_10deg,10.0,7.455,1607.377,0.1662788627,0.17248926532389974,0.16793305250163398,-0.0016541898016339818
SiC_10deg,10.0,7.455,1610.27,0.1657685929,0.17247079449335045,0.16791454704754363,-0.0021459541475436217
SiC_10deg,10.0,7.455,1613.162,0.1654002169,0.17238818630904207,0.16783178401433152,-0.002431567114331512
SiC_10deg,10.0,7.455,1616.055,0.16490292039999999,0.17224344735907104,0.16768677375144017,-0.0027838533514401853
SiC_10deg,10.0,7.455,1618.948,0.164674138,0.17203899044377702,0.16748193358199942,-0.0028077955819994227
SiC_10deg,10.0,7.455,1621.841,0.1643948545,0.17177752572798713,0.16721997875103584,-0.002825124251035843
SiC_10deg,10.0,7.455,1624.733,0.1641781964,0.17146217904445454,0.1669040409506709,-0.002725844550670903
SiC_10deg,10.0,7.455,1627.626,0.1639082356,0.17109601829807608,0.16653719383658402,-0.002628958236584017
SiC_10deg,10.0,7.455,1630.519,0.1637648177,0.17068268970139494,0.16612309045613774,-0.0023582727561377304
SiC_10deg,10.0,7.455,1633.411,0.16340204719999998,0.17022614302943845,0.16566568798820608,-0.002263640788206095
SiC_10deg,10.0,7.455,1636.304,0.1631585445,0.16973006274790714,0.1651686778050144,-0.0020101333050144
SiC_10deg,10.0,7.455,1639.197,0.1627975825,0.1691987941706679,0.16463641336571316,-0.0018388308657131536
SiC_10deg,10.0,7.455,1642.089,0.1624714465,0.16863690038499218,0.16407346631107328,-0.0016020198110732742
SiC_10deg,10.0,7.455,1644.982,0.1620072155,0.16804849961532567,0.16348396258514536,-0.0014767470851453635
SiC_10deg,10.0,7.455,1647.875,0.1610744099,0.16743840732137627,0.16287272667420843,-0.0017983167742084416
SiC_10deg,10.0,7.455,1650.768,0.16076283109999998,0.16681134110314927,0.16224448502140118,-0.0014816539214012048
SiC_10deg,10.0,7.455,1653.66,0.1602198571,0.1661723049631168,0.16160425100919,-0.0013843939091899848
SiC_10deg,10.0,7.455,1656.553,0.1599294512,0.16552567290390408,0.16095640683926069,-0.001026955639260696
SiC_10deg,10.0,7.455,1659.446,0.1594580367,0.16487648877428812,0.16030600581507645,-0.0008479691150764523
SiC_10deg,10.0,7.455,1662.338,0.1588048518,0.1642297786349018,0.1596580834186124,-0.0008532316186123934
SiC_10deg,10.0,7.455,1665.231,0.1580943897,0.16358984710856486,0.15901695234169663,-0.0009225626416966282
SiC_10deg,10.0,7.455,1668.124,0.1574940518,0.16296159283477768,0.158387520406321,-0.0008934686063210018
SiC_10deg,10.0,7.455,1671.016,0.156819118,0.1623497910466835,0.1577745717967954,-0.0009554537967954024
SiC_10deg,10.0,7.455,1673.909,0.1563582943,0.16175844907518816,0.1571821213557607,-0.0008238270557607008
SiC_10deg,10.0,7.455,1676.802,0.15594351010000002,0.16119205067036108,0.1566146612380684,-0.000671151138068371
SiC_10deg,10.0,7.455,1679.695,0.15549579189999999,0.16065467599721256,0.15607627925699127,-0.0005804873569912883
SiC_10deg,10.0,7.455,1682.587,0.1548154098,0.160150359285533,0.15557101720447677,-0.0007556074044767769
SiC_10deg,10.0,7.455,1685.48,0.1544189748,0.15968237862013634,0.1551021593101033,-0.0006831845101032963
SiC_10deg,10.0,7.455,1688.373,0.1538573248,0.15925428179106776,0.1546732600142426,-0.0008159352142425857
SiC_10deg,10.0,7.455,1691.265,0.1534929368,0.15886928066514872,0.15428753720435512,-0.0007946004043551114
SiC_10deg,10.0,7.455,1694.158,0.1533418334,0.15852989510359666,0.15394751546513394,-0.0006056820651339501
SiC_10deg,10.0,7.455,1697.051,0.1528446812,0.1582387366696315,0.15365581125516992,-0.0008111300551699174
SiC_10deg,10.0,7.455,1699.943,0.15257644839999998,0.15799802017267595,0.15341464353554227,-0.0008381951355422856
SiC_10deg,10.0,7.455,1702.836,0.1522460049,0.15780937703729137,0.153225646788915,-0.0009796418889150005
SiC_10deg,10.0,7.455,1705.729,0.1519700329,0.15767434637866212,0.15309036301554138,-0.0011203301155413847
SiC_10deg,10.0,7.455,1708.622,0.1519625403,0.15759401718686344,0.15300988324680664,-0.0010473429468066398
SiC_10deg,10.0,7.455,1711.514,0.1517853919,0.15756911536728274,0.15298493474880667,-0.0011995428488066617
SiC_10deg,10.0,7.455,1714.407,0.151742002,0.1575999872224108,0.15301586447317567,-0.0012738624731756798
SiC_10deg,10.0,7.455,1717.3,0.1521018531,0.1576866526953725,0.1531026924004219,-0.001000839300421913
SiC_10deg,10.0,7.455,1720.192,0.1521180149,0.15782869695986218,0.15324500292664847,-0.0011269880266484844
SiC_10deg,10.0,7.455,1723.085,0.15222141990000002,0.1580255110319344,0.15344218592637054,-0.0012207660263705289
SiC_10deg,10.0,7.455,1725.978,0.1522113692,0.1582760058474045,0.15369315029395447,-0.0014817810939544707
SiC_10deg,10.0,7.455,1728.87,0.1526370429,0.15857868778383127,0.15399639960716627,-0.001359356707166276
SiC_10deg,10.0,7.455,1731.763,0.152923628,0.15893206976100932,0.1543504439982712,-0.0014268159982711859
SiC_10deg,10.0,7.455,1734.656,0.153460987,0.1593340582375764,0.15475318600156718,-0.0012921990015671847
SiC_10deg,10.0,7.455,1737.549,0.1539897517,0.15978237214045643,0.15520234026811047,-0.001212588568110462
SiC_10deg,10.0,7.455,1740.441,0.1544637428,0.16027428925313492,0.15569517947859626,-0.001231436678596265
SiC_10deg,10.0,7.455,1743.334,0.1549716834,0.1608073628821037,0.15622925235319352,-0.0012575689531935108
SiC_10deg,10.0,7.455,1746.227,0.1553163157,0.16137842203745834,0.15680138195798246,-0.001485066257982448
SiC_10deg,10.0,7.455,1749.119,0.1563798527,0.16198404596550248,0.15740814112706966,-0.0010282884270696735
SiC_10deg,10.0,7.455,1752.012,0.15724155550000002,0.16262127544625027,0.15804656509341639,-0.000805009593416367
SiC_10deg,10.0,7.455,1754.905,0.1577656624,0.16328637922332462,0.15871291560641163,-0.000947253206411619
SiC_10deg,10.0,7.455,1757.797,0.1587200825,0.16397546397659493,0.15940329204790268,-0.0006832095479026856
SiC_10deg,10.0,7.455,1760.69,0.1595731626,0.16468525763876962,0.16011441621711336,-0.000541253617113352
SiC_10deg,10.0,7.455,1763.583,0.1603740982,0.1654117029798961,0.16084222327882025,-0.0004681250788202418
SiC_10deg,10.0,7.455,1766.476,0.1612821421,0.1661509287588971,0.1615828347353111,-0.0003006926353111006
SiC_10deg,10.0,7.455,1769.368,0.16183247560000003,0.16689878028058508,0.16233208810342925,-0.0004996125034292254
SiC_10deg,10.0,7.455,1772.261,0.1633093025,0.16765188102861558,0.16308660053755594,0.0002227019624440607
SiC_10deg,10.0,7.455,1775.154,0.16413379150000001,0.168406102334557,0.1638422356300775,0.0002915558699225218
SiC_10deg,10.0,7.455,1778.046,0.1647903388,0.1691573597931333,0.16459490131950694,0.00019543748049305476
SiC_10deg,10.0,7.455,1780.939,0.1654839348,0.16990241577969223,0.16534135391227012,0.00014258088772989286
SiC_10deg,10.0,7.455,1783.832,0.16624239549999997,0.17063733927104552,0.16607765501648225,0.00016474048351772241
SiC_10deg,10.0,7.455,1786.724,0.16711336870000001,0.17135832012924374,0.16679998735209675,0.0003133813479032632
SiC_10deg,10.0,7.455,1789.617,0.16772013430000002,0.1720624193547814,0.16750540641045839,0.0002147278895416327
SiC_10deg,10.0,7.455,1792.51,0.1688184193,0.1727460883124849,0.16819035690448292,0.0006280623955170761
SiC_10deg,10.0,7.455,1795.403,0.16972235779999997,0.17340618763133456,0.16885169357840488,0.0008706642215950966
SiC_10deg,10.0,7.455,1798.295,0.1701149028,0.1740395354826521,0.16948622863921342,0.0006286741607865742
SiC_10deg,10.0,7.455,1801.188,0.1707464203,0.1746437874414125,0.17009161326726277,0.0006548070327372368
SiC_10deg,10.0,7.455,1804.081,0.1712773915,0.17521613263925234,0.17066503132522143,0.000612360174778559
SiC_10deg,10.0,7.455,1806.973,0.1718298388,0.17575401058164256,0.1712039175189176,0.0006259212810824089
SiC_10deg,10.0,7.455,1809.866,0.1726168799,0.17625562855585777,0.17170647577518888,0.0009104041248111094
SiC_10deg,10.0,7.455,1812.759,0.1731808976,0.17671885228138023,0.1721705678128123,0.0010103297871877082
SiC_10deg,10.0,7.455,1815.651,0.17358002169999998,0.17714182993632377,0.17259433833866458,0.0009856833613353932
SiC_10deg,10.0,7.455,1818.544,0.17393300790000002,0.177523376528001,0.17297660013879157,0.0009564077612084498
SiC_10deg,10.0,7.455,1821.437,0.174260803,0.17786209959559884,0.17331595814221473,0.0009448448577852597
SiC_10deg,10.0,7.455,1824.33,0.1746650821,0.17815700160261833,0.17361141294255455,0.0010536691574454526
SiC_10deg,10.0,7.455,1827.222,0.17484460540000002,0.17840724960294893,0.1738621300323444,0.0009824753676556108
SiC_10deg,10.0,7.455,1830.115,0.17509610009999999,0.17861250653213068,0.17406777171529758,0.0010283283847024038
SiC_10deg,10.0,7.455,1833.008,0.17512727300000003,0.17877241128102084,0.17422797620537286,0.0008992967946271635
SiC_10deg,10.0,7.455,1835.9,0.1752255041,0.17888690720176179,0.1743426867485263,0.0008828173514737192
SiC_10deg,10.0,7.455,1838.793,0.1750438071,0.17895628790429396,0.17441219750506964,0.0006316095949303602
SiC_10deg,10.0,7.455,1841.686,0.174849221,0.178980956290118,0.17443691213174178,0.00041230886825821544
SiC_10deg,10.0,7.455,1844.578,0.1751597701,0.17896160826718113,0.17441752784096817,0.0007422422590318278
SiC_10deg,10.0,7.455,1847.471,0.1750954952,0.17889913779118927,0.17435494026417325,0.0007405549358267538
SiC_10deg,10.0,7.455,1850.364,0.17474129189999998,0.17879467111023034,0.1742502777605951,0.0004910141394048884
SiC_10deg,10.0,7.455,1853.257,0.1745938751,0.17864954764098107,0.17410488225764476,0.0004889928423552348
SiC_10deg,10.0,7.455,1856.149,0.1742660036,0.1784653811946268,0.17392037059159393,0.0003456330084060655
SiC_10deg,10.0,7.455,1859.042,0.1737334775,0.1782437825847502,0.1736983565954927,3.5120904507301987e-05
SiC_10deg,10.0,7.455,1861.935,0.17334220479999998,0.1779867327827352,0.1734408249540525,-9.862015405251445e-05
SiC_10deg,10.0,7.455,1864.827,0.1731581646,0.17769643629689197,0.17314998430793072,8.180292069281947e-06
SiC_10deg,10.0,7.455,1867.72,0.17274866,0.1773749535475687,0.17282789893973,-7.923893972999752e-05
SiC_10deg,10.0,7.455,1870.613,0.1723128091,0.17702479213442113,0.17247708114959748,-0.00016427204959748587
SiC_10deg,10.0,7.455,1873.505,0.1717258574,0.17664863734656597,0.17210022126021982,-0.0003743638602198285
SiC_10deg,10.0,7.455,1876.398,0.1712411917,0.17624890383182834,0.1716997384456755,-0.0004585467456754977
SiC_10deg,10.0,7.455,1879.291,0.1707838356,0.17582850315893794,0.17127854973242487,-0.0004947141324248838
SiC_10deg,10.0,7.455,1882.184,0.1700757798,0.17539031669923089,0.1708395418929299,-0.0007637620929299149
SiC_10deg,10.0,7.455,1885.076,0.16966214170000002,0.17493746475893052,0.1703858410824227,-0.0007236993824226712
SiC_10deg,10.0,7.455,1887.969,0.1690937134,0.1744726590592113,0.16992016410519453,-0.0008264507051945202
SiC_10deg,10.0,7.455,1890.862,0.168583275,0.1739991275586537,0.1694457449706289,-0.0008624699706288874
SiC_10deg,10.0,7.455,1893.754,0.16786068620000003,0.17352014163125168,0.16896586118490478,-0.0011051749849047554
SiC_10deg,10.0,7.455,1896.647,0.1672598609,0.1730384887487359,0.168483305444864,-0.0012234445448640052
SiC_10deg,10.0,7.455,1899.54,0.1666940711,0.17255745076979195,0.1680013657610308,-0.0013072946610308
SiC_10deg,10.0,7.455,1902.432,0.1659586505,0.17208028895436947,0.1675233095065811,-0.0015646590065810928
SiC_10deg,10.0,7.455,1905.325,0.1656341274,0.17160973276865915,0.16705187126408544,-0.0014177438640854412
SiC_10deg,10.0,7.455,1908.218,0.16487289910000003,0.17114895437227734,0.16659022913936808,-0.0017173300393680535
SiC_10deg,10.0,7.455,1911.111,0.16481422240000002,0.1707008892603541,0.16614132413013982,-0.001327101730139807
SiC_10deg,10.0,7.455,1914.003,0.1641263178,0.17026853203132947,0.16570815644821044,-0.0015818386482104319
SiC_10deg,10.0,7.455,1916.896,0.1635491873,0.1698543275229292,0.16529317551415,-0.0017439882141499774
SiC_10deg,10.0,7.455,1919.789,0.16330010260000002,0.16946105368207665,0.16489916448213865,-0.0015990618821386249
SiC_10deg,10.0,7.455,1922.681,0.16280373529999997,0.16909132566331708,0.16452874340882453,-0.0017250081088245606
SiC_10deg,10.0,7.455,1925.574,0.16224101529999999,0.1687472306539991,0.16418400339398545,-0.001942988093985465
SiC_10deg,10.0,7.455,1928.467,0.1617728026,0.16843108289265046,0.16386726301418544,-0.002094460414185456
SiC_10deg,10.0,7.455,1931.359,0.1615481176,0.16814498445205553,0.16358062828254075,-0.0020325106825407335
SiC_10deg,10.0,7.455,1934.252,0.1613968908,0.16789056063337876,0.1633257275468402,-0.0019288367468401901
SiC_10deg,10.0,7.455,1937.145,0.1612493985,0.16766954442021414,0.1631042970391526,-0.0018548985391526052
SiC_10deg,10.0,7.455,1940.038,0.1607245384,0.1674833608195141,0.16291776443760356,-0.0021932260376035517
SiC_10deg,10.0,7.455,1942.93,0.1607259743,0.16733326912413196,0.16276739139558874,-0.002041417095588749
SiC_10deg,10.0,7.455,1945.823,0.1605762317,0.16722016164515263,0.1626540718968287,-0.0020778401968287175
SiC_10deg,10.0,7.455,1948.716,0.1604365698,0.1671448709213277,0.16257864004066755,-0.0021420702406675374
SiC_10deg,10.0,7.455,1951.608,0.1605906986,0.16710795205957618,0.16254165197457124,-0.0019509533745712404
SiC_10deg,10.0,7.455,1954.501,0.1607155062,0.16710970139766979,0.16254340459179617,-0.0018278983917961733
SiC_10deg,10.0,7.455,1957.394,0.1607011921,0.16715023299400006,0.16258401216453616,-0.0018828200645361615
SiC_10deg,10.0,7.455,1960.286,0.1609184041,0.16722938131859133,0.1626633088525299,-0.001744904752529891
SiC_10deg,10.0,7.455,1963.179,0.1611472315,0.1673468462554819,0.16278099397724877,-0.001633762477248779
SiC_10deg,10.0,7.455,1966.072,0.16145030940000002,0.16750203281898113,0.16293647143770246,-0.0014861620377024376
SiC_10deg,10.0,7.455,1968.965,0.1615363742,0.1676941528539204,0.1631289516013268,-0.001592577401326789
SiC_10deg,10.0,7.455,1971.857,0.1621369887,0.16792212625098463,0.1633573523341436,-0.0012203636341436008
SiC_10deg,10.0,7.455,1974.75,0.16244699399999998,0.16818491688386827,0.16362063556763032,-0.0011736415676303347
SiC_10deg,10.0,7.455,1977.643,0.1627610617,0.16848106827941514,0.16391734209847425,-0.0011562803984742631
SiC_10deg,10.0,7.455,1980.535,0.1631285218,0.16880889864567344,0.16424578698220735,-0.0011172651822073387
SiC_10deg,10.0,7.455,1983.428,0.1634658446,0.1691669041012801,0.16460446351844346,-0.001138618918443468
SiC_10deg,10.0,7.455,1986.321,0.1642545869,0.16955308987202392,0.16499137319377047,-0.0007367862937704694
SiC_10deg,10.0,7.455,1989.213,0.164834018,0.16996527961509567,0.16540433558582818,-0.0005703175858281784
SiC_10deg,10.0,7.455,1992.106,0.1657273336,0.17040160046220337,0.1658414743156361,-0.00011414071563609074
SiC_10deg,10.0,7.455,1994.999,0.16641229089999998,0.17085964098760406,0.16630037343723775,0.00011191746276223435
SiC_10deg,10.0,7.455,1997.892,0.16678246219999998,0.1713370278202576,0.1667786551307129,3.8070692870706413e-06
SiC_10deg,10.0,7.455,2000.784,0.1671743202,0.17183112906377457,0.16727368256618683,-9.936236618682259e-05
SiC_10deg,10.0,7.455,2003.677,0.16796315409999998,0.17233975894350873,0.16778326587178227,0.00017988822821771167
SiC_10deg,10.0,7.455,2006.57,0.16859134709999998,0.17286016673936094,0.16830464917117988,0.0002866979288201066
SiC_10deg,10.0,7.455,2009.462,0.16933161989999998,0.17338954638602525,0.16883502113910898,0.0004965987608910039
SiC_10deg,10.0,7.455,2012.355,0.17000761109999998,0.17392561917611185,0.16937209879674656,0.0006355123032534271
SiC_10deg,10.0,7.455,2015.248,0.1705369709,0.17446554915510115,0.169913040873581,0.0006239300264190006
SiC_10deg,10.0,7.455,2018.14,0.1712954063,0.17500650105023305,0.17045500678213812,0.0008403995178618839
SiC_10deg,10.0,7.455,2021.033,0.17197313579999998,0.17554622184751434,0.1709957392851538,0.000977396514846185
SiC_10deg,10.0,7.455,2023.926,0.1726111995,0.17608193111358889,0.17153245273735415,0.0010787467626458547
SiC_10deg,10.0,7.455,2026.819,0.1733187031,0.17661108334186298,0.17206259686059766,0.0012561062394023381
SiC_10deg,10.0,7.455,2029.711,0.17397606710000002,0.17713101595223746,0.17258350408378315,0.0013925630162168745
SiC_10deg,10.0,7.455,2032.604,0.1744685681,0.17763967774081485,0.1730931193580349,0.0013754487419651018
SiC_10deg,10.0,7.455,2035.497,0.1749413821,0.17813456059460253,0.17358892986890664,0.001352452231093343
SiC_10deg,10.0,7.455,2038.389,0.1758294675,0.17861327119745163,0.1740685378139824,0.0017609296860175983
SiC_10deg,10.0,7.455,2041.282,0.17619422780000002,0.17907401647041896,0.1745301467531955,0.0016640810468045164
SiC_10deg,10.0,7.455,2044.175,0.1767657806,0.1795146187899691,0.1749715749810588,0.001794205618941197
SiC_10deg,10.0,7.455,2047.067,0.1769876032,0.17993305257590786,0.17539079312043146,0.0015968100795685503
SiC_10deg,10.0,7.455,2049.96,0.17760657829999998,0.18032785501715165,0.17578633561819293,0.001820242681807055
SiC_10deg,10.0,7.455,2052.853,0.17781987019999998,0.18069726419459475,0.17615643725252306,0.0016634329474769227
SiC_10deg,10.0,7.455,2055.746,0.17830358799999999,0.18103981253536028,0.17649962769958205,0.0018039603004179339
SiC_10deg,10.0,7.455,2058.638,0.17872294100000002,0.18135408011097476,0.1768144843692429,0.001908456630757116
SiC_10deg,10.0,7.455,2061.531,0.1787610744,0.1816391243582476,0.1771000629314819,0.0016610114685181032
SiC_10deg,10.0,7.455,2064.424,0.1791135173,0.18189383143455923,0.17735524745578327,0.001758269844216731
SiC_10deg,10.0,7.455,2067.316,0.17946335309999997,0.18211729251271835,0.1775791274113607,0.0018842256886392739
SiC_10deg,10.0,7.455,2070.209,0.1796420628,0.18230899087001956,0.17777118510691298,0.0018708776930870252
SiC_10deg,10.0,7.455,2073.102,0.1797708441,0.18246833955669894,0.17793083249243977,0.0018400116075602269
SiC_10deg,10.0,7.455,2075.994,0.1797689794,0.1825949643143729,0.1780576946080108,0.0017112847919892038
SiC_10deg,10.0,7.455,2078.887,0.17985134479999998,0.18268878480893821,0.1781516909689367,0.0016996538310632692
SiC_10deg,10.0,7.455,2081.78,0.1798403247,0.18274975122315673,0.178212771664597,0.00162755303540299
SiC_10deg,10.0,7.455,2084.673,0.1795543563,0.18277802946256844,0.17824110291152132,0.0013132533884786801
SiC_10deg,10.0,7.455,2087.565,0.1794663708,0.182773956608961,0.1782370224233566,0.0012293483766434021
SiC_10deg,10.0,7.455,2090.458,0.17954853629999998,0.18273802129293315,0.1782010197466388,0.0013475165533611833
SiC_10deg,10.0,7.455,2093.351,0.179270378,0.18267086897229604,0.17813374154908862,0.001136636450911388
SiC_10deg,10.0,7.455,2096.243,0.1793715719,0.18257334210031062,0.17803603186314432,0.0013355400368556813
SiC_10deg,10.0,7.455,2099.136,0.178931153,0.1824463257221789,0.17790877739302363,0.0010223756069763779
SiC_10deg,10.0,7.455,2102.029,0.1786641885,0.1822909449206626,0.17775310533045405,0.0009110831695459398
SiC_10deg,10.0,7.455,2104.921,0.1782203638,0.18210850169895149,0.1775703201192281,0.0006500436807719001
SiC_10deg,10.0,7.455,2107.814,0.1777760154,0.18190023505901054,0.17736166308381793,0.0004143523161820595
SiC_10deg,10.0,7.455,2110.707,0.1775003,0.18166769303036717,0.17712868515552968,0.00037161484447031934
SiC_10deg,10.0,7.455,2113.6,0.1771937258,0.18141248143009328,0.1768729951615367,0.0003207306384633013
SiC_10deg,10.0,7.455,2116.492,0.176564654,0.18113641291699806,0.1765964091584741,-3.175515847411714e-05
SiC_10deg,10.0,7.455,2119.385,0.17625417389999998,0.1808411089813014,0.1763005516760425,-4.6377776042522134e-05
SiC_10deg,10.0,7.455,2122.278,0.1758441983,0.18052856435807219,0.1759874211884383,-0.00014322288843829356
SiC_10deg,10.0,7.455,2125.17,0.175354806,0.1802008776997306,0.17565912028200215,-0.00030431428200214383
SiC_10deg,10.0,7.455,2128.063,0.174994431,0.17985987472636544,0.17531747809913212,-0.00032304709913211216
SiC_10deg,10.0,7.455,2130.956,0.17435645319999998,0.1795077786141453,0.17496472198333685,-0.0006082687833368627
SiC_10deg,10.0,7.455,2133.848,0.173958149,0.1791468764486544,0.17460314330733864,-0.0006449943073386366
SiC_10deg,10.0,7.455,2136.741,0.17326887800000002,0.17877911646774342,0.17423469396095675,-0.0009658159609567396
SiC_10deg,10.0,7.455,2139.634,0.1727288961,0.17840684657381933,0.17386172624773738,-0.0011328301477373792
SiC_10deg,10.0,7.455,2142.527,0.1723362654,0.17803230579199736,0.17348648338984454,-0.0011502179898445486
SiC_10deg,10.0,7.455,2145.419,0.1718819657,0.1776578651580924,0.1731113408675958,-0.0012293751675958031
SiC_10deg,10.0,7.455,2148.312,0.1713050817,0.17728549790388587,0.17273827561159227,-0.0014331939115922732
SiC_10deg,10.0,7.455,2151.205,0.1708661895,0.17691754567418638,0.17236963365605187,-0.0015034441560518863
SiC_10deg,10.0,7.455,2154.097,0.17053728140000002,0.17655631151919016,0.17200772236823458,-0.0014704409682345654
SiC_10deg,10.0,7.455,2156.99,0.1700755247,0.17620368041380247,0.17165443025642793,-0.001578905556427923
SiC_10deg,10.0,7.455,2159.883,0.1695227885,0.17586185839107818,0.17131196748889213,-0.0017891789888921372
SiC_10deg,10.0,7.455,2162.775,0.16906773269999997,0.17553296987520225,0.1709824624720417,-0.00191472977204174
SiC_10deg,10.0,7.455,2165.668,0.1688336044,0.17521872246430592,0.17066762600489774,-0.0018340216048977342
SiC_10deg,10.0,7.455,2168.561,0.16816476689999998,0.1749210798429137,0.17036942545290812,-0.002204658552908134
SiC_10deg,10.0,7.455,2171.454,0.1681175899,0.1746417916905601,0.17008961377537873,-0.001972023875378731
SiC_10deg,10.0,7.455,2174.346,0.1681037429,0.17438258629912404,0.16982992250386872,-0.0017261796038687272
SiC_10deg,10.0,7.455,2177.239,0.1677074917,0.17414481008421687,0.16959170057784326,-0.0018842088778432686
SiC_10deg,10.0,7.455,2180.132,0.16712066279999999,0.17392995798577182,0.169376445739498,-0.002255782939498019
SiC_10deg,10.0,7.455,2183.024,0.16697303940000002,0.1737393615469281,0.16918549202794753,-0.002212452627947503
SiC_10deg,10.0,7.455,2185.917,0.1669384797,0.17357402013567916,0.16901984068449896,-0.002081360984498959
SiC_10deg,10.0,7.455,2188.81,0.16668513999999998,0.17343499111901275,0.16888055105817268,-0.002195411058172697
SiC_10deg,10.0,7.455,2191.702,0.1666343072,0.17332314631401113,0.1687684966002706,-0.002134189400270603
SiC_10deg,10.0,7.455,2194.595,0.16669847399999999,0.17323909275405064,0.16868428548205217,-0.00198581148205218
SiC_10deg,10.0,7.455,2197.488,0.1666651372,0.17318340194288379,0.16862849027855265,-0.0019633530785526376
SiC_10deg,10.0,7.455,2200.381,0.1667290551,0.17315644326940088,0.16860148107108125,-0.001872425971081254
SiC_10deg,10.0,7.455,2203.273,0.1665822236,0.17315842049374747,0.1686034620017316,-0.002021238401731601
SiC_10deg,10.0,7.455,2206.166,0.166712058,0.1731893842630927,0.1686344838126108,-0.0019224258126108174
SiC_10deg,10.0,7.455,2209.059,0.16697152280000002,0.1732492287465789,0.16869444047448148,-0.0017229176744814612
SiC_10deg,10.0,7.455,2211.951,0.16714274150000002,0.17333765050412592,0.1687830279784656,-0.0016402864784655635
SiC_10deg,10.0,7.455,2214.844,0.16717260629999997,0.17345428767163118,0.1688998837821468,-0.0017272774821468218
SiC_10deg,10.0,7.455,2217.737,0.16762155239999998,0.17359853981916973,0.16904440633009532,-0.0014228539300953358
SiC_10deg,10.0,7.455,2220.629,0.1678149401,0.17376962119351375,0.16921580839619024,-0.0014008682961902386
SiC_10deg,10.0,7.455,2223.522,0.1680733712,0.17396678632484808,0.16941334311323442,-0.0013399719132344279
SiC_10deg,10.0,7.455,2226.415,0.1684512394,0.17418898068520325,0.16963595397654752,-0.0011847145765475076
SiC_10deg,10.0,7.455,2229.308,0.1687564091,0.17443507513000073,0.16988250972497135,-0.0011261006249713434
SiC_10deg,10.0,7.455,2232.2,0.1690514814,0.1747037221735144,0.17015166034692003,-0.0011001789469200218
SiC_10deg,10.0,7.455,2235.093,0.16960535629999998,0.1749937436062196,0.17044222542431717,-0.0008368691243171855
SiC_10deg,10.0,7.455,2237.986,0.1700542682,0.1753035811025176,0.1707526437104852,-0.0006983755104852107
SiC_10deg,10.0,7.455,2240.878,0.1705632516,0.1756315532893999,0.17108123068068484,-0.0005179790806848494
SiC_10deg,10.0,7.455,2243.771,0.17096556889999998,0.175976236343115,0.17142655984220928,-0.00046099094220930503
SiC_10deg,10.0,7.455,2246.664,0.1716627982,0.17633579264978055,0.17178679013657203,-0.0001239919365720321
SiC_10deg,10.0,7.455,2249.556,0.17225693620000002,0.17670829816196876,0.1721599939097216,9.694229027842893e-05
SiC_10deg,10.0,7.455,2252.449,0.1726401052,0.1770921623775346,0.17254457767811932,9.552752188068947e-05
SiC_10deg,10.0,7.455,2255.342,0.17317822549999998,0.17748536515493302,0.1729385175134682,0.0002397079865317786
SiC_10deg,10.0,7.455,2258.235,0.173666813,0.17788597883539892,0.17333988214360999,0.0003269308563900175
SiC_10deg,10.0,7.455,2261.127,0.17417983039999999,0.1782919112122216,0.17374657543999603,0.00043325496000395924
SiC_10deg,10.0,7.455,2264.02,0.17482747629999998,0.17870147963747057,0.17415691160057506,0.0006705646994249193
SiC_10deg,10.0,7.455,2266.913,0.1752206176,0.17911257835543992,0.17456878092240563,0.0006518366775943585
SiC_10deg,10.0,7.455,2269.805,0.17581186720000003,0.17952310757444123,0.1749800796777433,0.0008317875222567384
SiC_10deg,10.0,7.455,2272.698,0.17629733309999998,0.17993141185229128,0.17538914932128122,0.000908183778718763
SiC_10deg,10.0,7.455,2275.591,0.1769299695,0.18033543724258316,0.17579393205649338,0.0011360374435066267
SiC_10deg,10.0,7.455,2278.483,0.17744635150000002,0.18073317334653485,0.17619241371610858,0.0012539377838914345
SiC_10deg,10.0,7.455,2281.376,0.1779306128,0.18112306845737597,0.17658303968468472,0.001347573115315276
SiC_10deg,10.0,7.455,2284.269,0.1785492013,0.1815032122344578,0.17696389604064272,0.001585305259357267
SiC_10deg,10.0,7.455,2287.162,0.17870875730000002,0.1818718970703263,0.17733327197562115,0.0013754853243788667
SiC_10deg,10.0,7.455,2290.054,0.1789699181,0.18222736683486335,0.17768940806763897,0.0012805100323610152
SiC_10deg,10.0,7.455,2292.947,0.17945973510000002,0.1825683115083395,0.17803099184133694,0.0014287432586630733
SiC_10deg,10.0,7.455,2295.84,0.17988773949999998,0.1828931358071255,0.17835642502272928,0.001531314477270701
SiC_10deg,10.0,7.455,2298.732,0.1801792602,0.18320035935709184,0.17866422446272767,0.0015150357372723244
SiC_10deg,10.0,7.455,2301.625,0.1804101655,0.18348891621403648,0.1789533222190194,0.0014568432809805854
SiC_10deg,10.0,7.455,2304.518,0.18047284149999998,0.18375752211432436,0.1792224316206194,0.0012504098793805762
SiC_10deg,10.0,7.455,2307.41,0.18082232390000003,0.18400502890067183,0.17947040235802508,0.001351921541974943
SiC_10deg,10.0,7.455,2310.303,0.181087118,0.1842306544659482,0.17969645085804728,0.0013906671419527117
SiC_10deg,10.0,7.455,2313.196,0.1810949141,0.1844334723665585,0.17989964894047403,0.0011952651595259767
SiC_10deg,10.0,7.455,2316.089,0.1813252908,0.18461276486507067,0.18007927752247563,0.0012460132775243826
SiC_10deg,10.0,7.455,2318.981,0.1814812189,0.18476788670394328,0.18023469013697652,0.0012465287630234745
SiC_10deg,10.0,7.455,2321.874,0.18155837349999998,0.1848984732042206,0.1803655214214308,0.0011928520785691732
SiC_10deg,10.0,7.455,2324.767,0.1816142292,0.18500411950442472,0.18047136575544848,0.0011428634445515284
SiC_10deg,10.0,7.455,2327.659,0.18129546359999998,0.18508458095730024,0.1805519780331832,0.0007434855668167761
SiC_10deg,10.0,7.455,2330.552,0.1812088225,0.1851398180420938,0.1806073186598001,0.0006015038401999129
SiC_10deg,10.0,7.455,2333.445,0.1812604229,0.18516982900849815,0.1806373858817109,0.0006230370182890854
SiC_10deg,10.0,7.455,2336.337,0.1814257661,0.18517477160058393,0.18064233773867733,0.0007834283613226689
SiC_10deg,10.0,7.455,2339.23,0.1809870749,0.18515492753583107,0.1806224564762582,0.00036461842374180264
SiC_10deg,10.0,7.455,2342.123,0.1803970064,0.1851106903947593,0.18057813641273923,-0.0001811300127392279
SiC_10deg,10.0,7.455,2345.016,0.1803262857,0.18504257851419975,0.18050989685657318,-0.00018361115657317129
SiC_10deg,10.0,7.455,2347.908,0.1805677001,0.18495126142860357,0.18041840859725236,0.0001492915027476449
SiC_10deg,10.0,7.455,2350.801,0.1802645841,0.18483742192449693,0.1803043557011851,-3.9771601185095706e-05
SiC_10deg,10.0,7.455,2353.694,0.18000170199999999,0.18470194185279643,0.18016862167231615,-0.00016691967231616256
SiC_10deg,10.0,7.455,2356.586,0.1793450754,0.184545836512451,0.1800122237127706,-0.0006671483127705935
SiC_10deg,10.0,7.455,2359.479,0.17880376259999997,0.1843700541382854,0.17983611183483778,-0.0010323492348378038
SiC_10deg,10.0,7.455,2362.372,0.1788396042,0.18417579491125796,0.17964148846921327,-0.0008018842692132655
SiC_10deg,10.0,7.455,2365.264,0.1787437975,0.18396437189292128,0.17942966913878133,-0.0006858716387813379
SiC_10deg,10.0,7.455,2368.157,0.17849552849999997,0.18373695677090396,0.17920182772749704,-0.0007062992274970703
SiC_10deg,10.0,7.455,2371.05,0.1779400133,0.1834950125592929,0.17895942999186484,-0.0010194166918648384
SiC_10deg,10.0,7.455,2373.943,0.17820729740000002,0.1832399996389696,0.17870393905024767,-0.0004966416502476534
SiC_10deg,10.0,7.455,2376.835,0.17813119319999998,0.1829735325992466,0.17843697251850313,-0.00030577931850314655
SiC_10deg,10.0,7.455,2379.728,0.1778296457,0.18269699996820765,0.1781599215275085,-0.00033027582750849716
SiC_10deg,10.0,7.455,2382.621,0.1775246014,0.18241210997328852,0.17787449750676904,-0.0003498961067690265
SiC_10deg,10.0,7.455,2385.513,0.17690695879999999,0.18212061897505832,0.1775824601091488,-0.0006755013091488127
SiC_10deg,10.0,7.455,2388.406,0.1769952971,0.18182400776998486,0.1772852929068661,-0.00028999580686608906
SiC_10deg,10.0,7.455,2391.299,0.1763189043,0.1815240787065417,0.1769848016268937,-0.0006658973268937052
SiC_10deg,10.0,7.455,2394.191,0.1758361131,0.1812226498266386,0.17668280771905795,-0.0008466946190579527
SiC_10deg,10.0,7.455,2397.084,0.1755000797,0.18092122829782303,0.17638082117608933,-0.0008807414760893251
SiC_10deg,10.0,7.455,2399.977,0.1752452774,0.18062162789977737,0.1760806591775972,-0.0008353817775971772
SiC_10deg,10.0,7.455,2402.869,0.17482872230000002,0.18032564473996643,0.1757841211978468,-0.0009553988978467931
SiC_10deg,10.0,7.455,2405.762,0.17449634209999998,0.1800347443161035,0.1754926754816245,-0.0009963333816245257
SiC_10deg,10.0,7.455,2408.655,0.1738261217,0.17975066781954957,0.17520806648415155,-0.0013819447841515453
SiC_10deg,10.0,7.455,2411.548,0.17355434349999999,0.1794750123623441,0.17493189431125128,-0.0013775508112512935
SiC_10deg,10.0,7.455,2414.44,0.1733323805,0.17920941566427995,0.17466579975261956,-0.0013334192526195665
SiC_10deg,10.0,7.455,2417.333,0.1728934793,0.17895518400876415,0.1744110915402895,-0.0015176122402894843
SiC_10deg,10.0,7.455,2420.226,0.1728118308,0.17871383627212034,0.17416929139771586,-0.0013574605977158538
SiC_10deg,10.0,7.455,2423.118,0.1722033793,0.1784868009654147,0.17394183051370646,-0.0017384512137064712
SiC_10deg,10.0,7.455,2426.011,0.17209238859999998,0.17827519367688782,0.17372982656767014,-0.0016374379676701578
SiC_10deg,10.0,7.455,2428.904,0.1718156926,0.17808028213517943,0.17353454966460188,-0.0017188570646018975
SiC_10deg,10.0,7.455,2431.796,0.1717044315,0.17790321861665662,0.17335715424080891,-0.0016527227408089096
SiC_10deg,10.0,7.455,2434.689,0.1716638017,0.17774487655885848,0.1731985153710875,-0.0015347136710874842
SiC_10deg,10.0,7.455,2437.582,0.17123391989999998,0.17760621333837917,0.17305959222663267,-0.0018256723266326935
SiC_10deg,10.0,7.455,2440.475,0.1714419997,0.17748801428795655,0.17294117161228714,-0.001499171912287156
SiC_10deg,10.0,7.455,2443.367,0.171084134,0.1773909829934327,0.17284395843276354,-0.0017598244327635404
SiC_10deg,10.0,7.455,2446.26,0.1712457597,0.17731561113460226,0.17276844528950944,-0.0015226855895094371
SiC_10deg,10.0,7.455,2449.153,0.1709502449,0.17726237749266416,0.17271511186119828,-0.0017648669611982915
SiC_10deg,10.0,7.455,2452.045,0.1709208079,0.17723161099999998,0.17268428769679492,-0.00176347979679492
SiC_10deg,10.0,7.455,2454.938,0.17093041039999998,0.17722349198107232,0.17267615345877982,-0.0017457430587798362
SiC_10deg,10.0,7.455,2457.831,0.1710790874,0.17723811555824867,0.17269080444782722,-0.001611717047827227
SiC_10deg,10.0,7.455,2460.724,0.1712081518,0.1772754413923333,0.17272820024912558,-0.0015200484491255661
SiC_10deg,10.0,7.455,2463.616,0.1714424557,0.17733528451876546,0.17278815555139843,-0.0013456998513984297
SiC_10deg,10.0,7.455,2466.509,0.1716293554,0.17741740749785023,0.17287043246987055,-0.0012410770698705609
SiC_10deg,10.0,7.455,2469.402,0.17129972840000002,0.17752139832826258,0.17297461823092106,-0.0016748898309210392
SiC_10deg,10.0,7.455,2472.294,0.1717918303,0.17764670142549258,0.17310015620859784,-0.001308325908597835
SiC_10deg,10.0,7.455,2475.187,0.17212889650000002,0.1777927850582895,0.1732465136749208,-0.0011176171749207875
SiC_10deg,10.0,7.455,2478.08,0.1726261419,0.1779588851532552,0.1734129251242375,-0.0007867832242375028
SiC_10deg,10.0,7.455,2480.972,0.17284926209999998,0.17814410884391077,0.1735984960163923,-0.0007492339163923112
SiC_10deg,10.0,7.455,2483.865,0.17301319329999998,0.1783476628868526,0.17380243162104814,-0.0007892383210481579
SiC_10deg,10.0,7.455,2486.758,0.17329868810000001,0.17856847458169012,0.17402365722703936,-0.0007249691270393432
SiC_10deg,10.0,7.455,2489.651,0.1738700139,0.17880544780564905,0.1742610746569114,-0.0003910607569113933
SiC_10deg,10.0,7.455,2492.543,0.1740414813,0.17905731922796853,0.17451341821179195,-0.00047193691179195363
SiC_10deg,10.0,7.455,2495.436,0.1744782568,0.1793230188430666,0.17477961588037538,-0.00030135908037537407
SiC_10deg,10.0,7.455,2498.329,0.174776119,0.1796011539759879,0.17505827237713947,-0.00028215337713946576
SiC_10deg,10.0,7.455,2501.221,0.17527809290000002,0.17989025870915543,0.17534791903664718,-6.982613664716086e-05
SiC_10deg,10.0,7.455,2504.114,0.1757866801,0.18018912078188942,0.1756473413258381,0.00013933877416191787
SiC_10deg,10.0,7.455,2507.007,0.1761135305,0.18049618890348634,0.1759549850461168,0.00015854545388319097
SiC_10deg,10.0,7.455,2509.899,0.17656609880000002,0.18080986786731149,0.1762692520006365,0.00029684679936350933
SiC_10deg,10.0,7.455,2512.792,0.1769064109,0.1811288647238048,0.1765888468162053,0.00031756408379471357
SiC_10deg,10.0,7.455,2515.685,0.17727741930000002,0.18145154526547425,0.17691213222201196,0.0003652870779880524
SiC_10deg,10.0,7.455,2518.578,0.1779329362,0.1817763741980472,0.17723757004587729,0.0006953661541227174
SiC_10deg,10.0,7.455,2521.47,0.178108539,0.18210170329454806,0.17756350897122694,0.0005450300287730692
SiC_10deg,10.0,7.455,2524.363,0.17876758250000002,0.182426229520041,0.17788864352058834,0.0008789389794116864
SiC_10deg,10.0,7.455,2527.256,0.1790050093,0.1827483269890833,0.1782113447607992,0.0007936645392007946
SiC_10deg,10.0,7.455,2530.148,0.17936598029999998,0.1830663957314394,0.17853000972248237,0.0008359705775176085
SiC_10deg,10.0,7.455,2533.041,0.179897643,0.18337919517108314,0.17884339550415404,0.0010542474958459558
SiC_10deg,10.0,7.455,2535.934,0.1803656908,0.18368519052537957,0.17914996444623177,0.0012157263537682372
SiC_10deg,10.0,7.455,2538.826,0.1804181452,0.183982900083616,0.17944823206053861,0.0009699131394613758
SiC_10deg,10.0,7.455,2541.719,0.1808600299,0.18427119993076843,0.1797370723252737,0.001122957574726302
SiC_10deg,10.0,7.455,2544.612,0.18130990100000002,0.18454871173355233,0.1800151043234691,0.0012947966765309293
SiC_10deg,10.0,7.455,2547.505,0.1817228018,0.18481422366645517,0.18028111395804736,0.0014416878419526435
SiC_10deg,10.0,7.455,2550.397,0.1818544147,0.18506650654597634,0.18053386974140542,0.0013205449585945717
SiC_10deg,10.0,7.455,2553.29,0.1820141009,0.18530466328836043,0.18077247290820592,0.0012416279917940864
SiC_10deg,10.0,7.455,2556.183,0.18231959150000002,0.18552760955904116,0.1809958370912992,0.0013237544087008057
SiC_10deg,10.0,7.455,2559.075,0.1827884091,0.18573436329703355,0.18120297838882865,0.0015854307111713428
SiC_10deg,10.0,7.455,2561.968,0.1830166621,0.18592423933965357,0.1813932103537739,0.0016234517462261067
SiC_10deg,10.0,7.455,2564.861,0.18329024759999998,0.18609642338357585,0.18156571715639935,0.0017245304436006303
SiC_10deg,10.0,7.455,2567.753,0.1832326633,0.18625021683752926,0.1817197988959257,0.0015128644040742767
SiC_10deg,10.0,7.455,2570.646,0.1833647884,0.18638517133684168,0.18185500636722202,0.0015097820327779898
SiC_10deg,10.0,7.455,2573.539,0.1833542875,0.18650077139115315,0.1819708231136425,0.0013834643863575025
SiC_10deg,10.0,7.455,2576.432,0.1835167151,0.18659665524556696,0.1820668867021815,0.0014498283978185145
SiC_10deg,10.0,7.455,2579.324,0.18356130780000002,0.18667253684427376,0.18214291054081852,0.0014183972591814975
SiC_10deg,10.0,7.455,2582.217,0.1837443146,0.18672830452666211,0.1821987827596345,0.001545531840365516
SiC_10deg,10.0,7.455,2585.11,0.1836610832,0.18676386372666687,0.18223440861530035,0.0014266745846996387
SiC_10deg,10.0,7.455,2588.002,0.1837996307,0.18677924684856634,0.18224982057283617,0.0015498101271638198
SiC_10deg,10.0,7.455,2590.895,0.18349698679999998,0.18677459716861455,0.18224516217706707,0.0012518246229329122
SiC_10deg,10.0,7.455,2593.788,0.18335467009999998,0.18675013588716138,0.18222065504298263,0.0011340150570173513
SiC_10deg,10.0,7.455,2596.68,0.1831949058,0.186706207330178,0.18217664414199244,0.0010182616580075576
SiC_10deg,10.0,7.455,2599.573,0.18321058050000003,0.18664320065823214,0.1821135193641451,0.001097061135854921
SiC_10deg,10.0,7.455,2602.466,0.1830506953,0.18656163886031873,0.18203180467877753,0.0010188906212224846
SiC_10deg,10.0,7.455,2605.359,0.18294959649999998,0.1864621218176101,0.1819321010915383,0.0010174954084616883
SiC_10deg,10.0,7.455,2608.251,0.1827656706,0.18634537825558856,0.18181513869390445,0.0009505319060955641
SiC_10deg,10.0,7.455,2611.144,0.1824165554,0.18621209470257621,0.18168160530109428,0.0007349500989057289
SiC_10deg,10.0,7.455,2614.037,0.18226891309999999,0.18606315418913127,0.18153238559890528,0.0007365275010947081
SiC_10deg,10.0,7.455,2616.929,0.1818893178,0.1858995352075799,0.18136845991384587,0.0005208578861541358
SiC_10deg,10.0,7.455,2619.822,0.1816538272,0.185722113067182,0.1811907051959417,0.0004631220040583195
SiC_10deg,10.0,7.455,2622.715,0.1816771381,0.18553199494783196,0.181000230700494,0.0006769073995059882
SiC_10deg,10.0,7.455,2625.607,0.1810954567,0.18533036467348415,0.1807982224705332,0.00029723422946678624
SiC_10deg,10.0,7.455,2628.5,0.1808859103,0.18511824832977516,0.1805857085150917,0.00030020178490830496
SiC_10deg,10.0,7.455,2631.393,0.18049202560000002,0.18489692742511715,0.180363972744767,0.0001280528552330129
SiC_10deg,10.0,7.455,2634.286,0.1801397593,0.1846676575537382,0.18013427310739652,5.486192603487705e-06
SiC_10deg,10.0,7.455,2637.178,0.17993685410000002,0.18443181251336932,0.17989798597589282,3.88681241071942e-05
SiC_10deg,10.0,7.455,2640.071,0.1796031002,0.18419054931587425,0.1796562705309364,-5.317033093640844e-05
SiC_10deg,10.0,7.455,2642.964,0.1791267834,0.1839452916170068,0.17941055309692144,-0.00028376969692145426
SiC_10deg,10.0,7.455,2645.856,0.17887980120000002,0.18369748458227622,0.17916228154831756,-0.0002824803483175431
SiC_10deg,10.0,7.455,2648.749,0.178463277,0.18344832483381734,0.17891265475032575,-0.0004493777503257468
SiC_10deg,10.0,7.455,2651.642,0.1782160941,0.18319926842867473,0.17866313148936705,-0.00044703738936704984
SiC_10deg,10.0,7.455,2654.534,0.1780444323,0.18295176675432634,0.17841516587354286,-0.00037073357354286407
SiC_10deg,10.0,7.455,2657.427,0.17752692199999998,0.18270700306064042,0.17816994337072134,-0.0006430213707213639
SiC_10deg,10.0,7.455,2660.32,0.1774074899,0.18246639980484264,0.17792888910452184,-0.0005213992045218496
SiC_10deg,10.0,7.455,2663.213,0.1769519251,0.18223126849390056,0.17769331704032956,-0.0007413919403295721
SiC_10deg,10.0,7.455,2666.105,0.1766677328,0.18200296656614995,0.17746458716099614,-0.0007968543609961354
SiC_10deg,10.0,7.455,2668.998,0.1761011858,0.18178257737697717,0.1772437848526558,-0.0011425990526557905
SiC_10deg,10.0,7.455,2671.891,0.1759201732,0.18157137816803823,0.17703218975115192,-0.001112016551151923
SiC_10deg,10.0,7.455,2674.783,0.17583572409999998,0.18137058286021104,0.17683101805285512,-0.0009952939528551363
SiC_10deg,10.0,7.455,2677.676,0.17583472149999999,0.18118114218088172,0.17664122226728832,-0.0008065007672883318
SiC_10deg,10.0,7.455,2680.569,0.175339057,0.1810041552565154,0.17646390358122746,-0.0011248465812274677
SiC_10deg,10.0,7.455,2683.461,0.175117376,0.18084063674433398,0.17630007855386767,-0.0011827025538676816
SiC_10deg,10.0,7.455,2686.354,0.17506404979999998,0.18069136167244,0.17615052366610037,-0.0010864738661003903
SiC_10deg,10.0,7.455,2689.247,0.17508893690000002,0.18055720066127873,0.17601611117034743,-0.000927174270347414
SiC_10deg,10.0,7.455,2692.14,0.1747188692,0.1804388846707169,0.1758975733966586,-0.0011787041966586087
SiC_10deg,10.0,7.455,2695.032,0.17452415389999998,0.18033709256144517,0.17579559047824783,-0.0012714365782478532
SiC_10deg,10.0,7.455,2697.925,0.1744024791,0.1802523128246427,0.17571065182197013,-0.001308172721970119
SiC_10deg,10.0,7.455,2700.818,0.17444884800000002,0.18018505237593135,0.17564326529365984,-0.0011944172936598219
SiC_10deg,10.0,7.455,2703.71,0.1745485974,0.18013570157170672,0.17559382198143497,-0.001045224581434967
SiC_10deg,10.0,7.455,2706.603,0.1744887984,0.1801045085570698,0.17556257049554416,-0.0010737720955441565
SiC_10deg,10.0,7.455,2709.496,0.1746000138,0.1800916806562768,0.1755497185488725,-0.0009497047488724875
SiC_10deg,10.0,7.455,2712.388,0.1746794464,0.18009730404288177,0.17555535247650628,-0.0008759060765062832
SiC_10deg,10.0,7.455,2715.281,0.1747736985,0.18012137801552605,0.17557947157577214,-0.0008057730757721482
SiC_10deg,10.0,7.455,2718.174,0.1746051153,0.1801638037796225,0.17562197686689263,-0.001016861566892624
SiC_10deg,10.0,7.455,2721.067,0.1747561433,0.1802243868028065,0.17568267345285254,-0.0009265301528525449
SiC_10deg,10.0,7.455,2723.959,0.1750941116,0.18030280939383986,0.17576124304690202,-0.0006671314469020306
SiC_10deg,10.0,7.455,2726.852,0.1753001063,0.18039874739155604,0.1758573608802349,-0.0005572545802348949
SiC_10deg,10.0,7.455,2729.745,0.1753467872,0.18051170975691677,0.17597053499336113,-0.0006237477933611346
SiC_10deg,10.0,7.455,2732.637,0.1756582266,0.1806410964433432,0.17610016421491545,-0.00044193761491545525
SiC_10deg,10.0,7.455,2735.53,0.1757542784,0.18078636246758711,0.17624570254007954,-0.0004914241400795494
SiC_10deg,10.0,7.455,2738.423,0.1758827974,0.18094675297914536,0.17640639370338423,-0.0005235963033842217
SiC_10deg,10.0,7.455,2741.315,0.1760905456,0.18112141821849598,0.1765813863524347,-0.0004908407524346903
SiC_10deg,10.0,7.455,2744.208,0.1762613394,0.18130962279638443,0.17676994371949054,-0.000508604319490541
SiC_10deg,10.0,7.455,2747.101,0.17658094800000002,0.18151038781028947,0.1769710850670793,-0.0003901370670792714
SiC_10deg,10.0,7.455,2749.994,0.176858686,0.18172273304296727,0.1771838283405416,-0.00032514234054162316
SiC_10deg,10.0,7.455,2752.886,0.1773458957,0.18194554576255206,0.17740705872219767,-6.116302219766334e-05
SiC_10deg,10.0,7.455,2755.779,0.1777193377,0.18217789836087156,0.1776398468650752,7.949083492481135e-05
SiC_10deg,10.0,7.455,2758.672,0.1777954669,0.18241859146289635,0.17788099114591832,-8.552424591831698e-05
SiC_10deg,10.0,7.455,2761.564,0.178179997,0.18266637819937848,0.17812924235822472,5.075464177528577e-05
SiC_10deg,10.0,7.455,2764.457,0.17832573150000003,0.18292024042337068,0.17838358044653244,-5.784894653240724e-05
SiC_10deg,10.0,7.455,2767.35,0.1788444351,0.18317888032081367,0.1786427051640318,0.00020172993596820343
SiC_10deg,10.0,7.455,2770.242,0.1792392368,0.18344097638428386,0.17890529252613585,0.00033394427386415626
SiC_10deg,10.0,7.455,2773.135,0.1796396368,0.18370546909329194,0.17917028102628588,0.0004693557737141252
SiC_10deg,10.0,7.455,2776.028,0.18022916349999998,0.1839710228587232,0.17943633257180752,0.0007928309281924617
SiC_10deg,10.0,7.455,2778.921,0.18039533209999997,0.18423639411242967,0.17970220126348652,0.0006931308365134559
SiC_10deg,10.0,7.455,2781.813,0.18063348220000003,0.18450025659040634,0.1799665583512381,0.0006669238487619356
SiC_10deg,10.0,7.455,2784.706,0.1806554138,0.18476157197152926,0.1802283635676071,0.00042705023239289486
SiC_10deg,10.0,7.455,2787.599,0.18114102899999998,0.18501904777519357,0.18048632200923598,0.0006547069907640035
SiC_10deg,10.0,7.455,2790.491,0.18144652399999997,0.18527142283027254,0.1807391701409348,0.000707353859065174
SiC_10deg,10.0,7.455,2793.384,0.1816995745,0.1855177287112448,0.18098593772187016,0.0007136367781298281
SiC_10deg,10.0,7.455,2796.277,0.1819853507,0.1857567709255506,0.181225428020408,0.00075992267959199
SiC_10deg,10.0,7.455,2799.169,0.1823034299,0.18598740713125478,0.18145649655329513,0.0008469333467048812
SiC_10deg,10.0,7.455,2802.062,0.1825745418,0.18620877998542562,0.1816782843705119,0.0008962574294880954
SiC_10deg,10.0,7.455,2804.955,0.1827543113,0.1864198427205152,0.18188974274234643,0.0008645685576535722
SiC_10deg,10.0,7.455,2807.848,0.182654726,0.1866196857525701,0.1820899603798316,0.0005647656201683837
SiC_10deg,10.0,7.455,2810.74,0.1832769996,0.18680739670487984,0.1822780231960084,0.0009989764039916027
SiC_10deg,10.0,7.455,2813.633,0.18343439279999998,0.18698231957446468,0.18245327395822053,0.0009811188417794547
SiC_10deg,10.0,7.455,2816.526,0.18354847710000002,0.187143668230621,0.18261492506216373,0.0009335520378362938
SiC_10deg,10.0,7.455,2819.418,0.1836505162,0.1872907452246383,0.18276227775176102,0.0008882384482389871
SiC_10deg,10.0,7.455,2822.311,0.1837811163,0.18742307593439464,0.18289485651521212,0.0008862597847878739
SiC_10deg,10.0,7.455,2825.204,0.18411723160000001,0.18754010542976568,0.18301210538217705,0.001105126217822966
SiC_10deg,10.0,7.455,2828.096,0.18400768779999999,0.18764137675062698,0.1831135665359604,0.0008941212640395935
SiC_10deg,10.0,7.455,2830.989,0.18418708469999998,0.18772661377367683,0.1831989633356678,0.000988121364332184
SiC_10deg,10.0,7.455,2833.882,0.1840288401,0.1877955121400487,0.18326799085191253,0.0007608492480874751
SiC_10deg,10.0,7.455,2836.775,0.183900506,0.18784788576649805,0.18332046265263732,0.0005800433473626687
SiC_10deg,10.0,7.455,2839.667,0.18401334479999998,0.1878836200895534,0.18335626395962162,0.0006570808403783546
SiC_10deg,10.0,7.455,2842.56,0.1841106397,0.18790271583753415,0.1833753955025501,0.0007352441974498858
SiC_10deg,10.0,7.455,2845.453,0.1840079641,0.18790521462870918,0.18337789897770504,0.0006300651222949649
SiC_10deg,10.0,7.455,2848.345,0.1843611107,0.18789126120675942,0.18336391940008911,0.0009971912999108823
SiC_10deg,10.0,7.455,2851.238,0.18413074829999998,0.1878610622167199,0.18333366380209312,0.0007970844979068581
SiC_10deg,10.0,7.455,2854.131,0.18374751830000002,0.18781491394387095,0.1832874290243837,0.00046008927561633217
SiC_10deg,10.0,7.455,2857.023,0.1837581672,0.18775321094530664,0.18322561036365148,0.0005325568363485078
SiC_10deg,10.0,7.455,2859.916,0.1837174628,0.18767635526213883,0.18314861061463375,0.0005688521853662587
SiC_10deg,10.0,7.455,2862.809,0.183520481,0.18758488232682347,0.1830569662134537,0.0004635147865463263
SiC_10deg,10.0,7.455,2865.702,0.1836768623,0.18747937818268723,0.18295126430197522,0.0007255979980247684
SiC_10deg,10.0,7.455,2868.594,0.1832264297,0.1873605385034856,0.18283220185799312,0.0003942278420068779
SiC_10deg,10.0,7.455,2871.487,0.1828875957,0.1872289962720302,0.18270041305084425,0.00018718264915573712
SiC_10deg,10.0,7.455,2874.38,0.1829622483,0.18708556514860689,0.18255671306601928,0.00040553523398070834
SiC_10deg,10.0,7.455,2877.272,0.1826413375,0.18693113083023094,0.1824019892607711,0.00023934823922888704
SiC_10deg,10.0,7.455,2880.165,0.18254866239999998,0.18676646829236318,0.18223701806325074,0.0003116443367492394
SiC_10deg,10.0,7.455,2883.058,0.1821041722,0.1865925583164279,0.1820627820933556,4.1390106644390023e-05
SiC_10deg,10.0,7.455,2885.95,0.1818362169,0.186410437095765,0.1818803194867683,-4.4102586768318686e-05
SiC_10deg,10.0,7.455,2888.843,0.1815893295,0.18622098818469696,0.18169051545403242,-0.00010118595403241226
SiC_10deg,10.0,7.455,2891.736,0.1812358396,0.18602531591497357,0.18149447639696575,-0.0002586367969657499
SiC_10deg,10.0,7.455,2894.629,0.1811582165,0.18582449084181113,0.18129327487753863,-0.0001350583775386327
SiC_10deg,10.0,7.455,2897.521,0.1807770339,0.18561967747681954,0.18108807759023593,-0.0003110436902359348
SiC_10deg,10.0,7.455,2900.414,0.18058534550000002,0.1854118441518764,0.1808798546820718,-0.0002945091820717727
SiC_10deg,10.0,7.455,2903.307,0.1804373692,0.18520218304143832,0.18066980056223186,-0.00023243136223186078
SiC_10deg,10.0,7.455,2906.199,0.18025320220000002,0.1849918949946766,0.18045911833087722,-0.0002059161308771984
SiC_10deg,10.0,7.455,2909.092,0.1798347166,0.18478196296445462,0.1802487927834147,-0.0004140761834147133
SiC_10deg,10.0,7.455,2911.985,0.1794487568,0.18457358326738874,0.1800400224789542,-0.0005912656789542059
SiC_10deg,10.0,7.455,2914.877,0.17953350319999997,0.1843679394385898,0.17983399317114115,-0.00030048997114118237
SiC_10deg,10.0,7.455,2917.77,0.1790762764,0.18416598576400273,0.17963166093472788,-0.0005553845347278652
SiC_10deg,10.0,7.455,2920.663,0.1788276745,0.1839688690098487,0.17943417468554693,-0.000606500185546921
SiC_10deg,10.0,7.455,2923.556,0.1787796397,0.18377763723447987,0.1792425844465341,-0.0004629447465341052
SiC_10deg,10.0,7.455,2926.448,0.178542141,0.18359336856917582,0.17905797036992424,-0.0005158293699242533
SiC_10deg,10.0,7.455,2929.341,0.17822101440000002,0.1834169135848722,0.17888118462104682,-0.0006601702210468074
SiC_10deg,10.0,7.455,2932.234,0.1780241871,0.18324927318123485,0.17871322997575245,-0.0006890428757524436
SiC_10deg,10.0,7.455,2935.126,0.17800196499999998,0.18309138904321398,0.17855504988417817,-0.0005530848841781844
SiC_10deg,10.0,7.455,2938.019,0.1778785505,0.18294398908678788,0.17840737362677958,-0.0005288231267795707
SiC_10deg,10.0,7.455,2940.912,0.1776879846,0.18280791125536008,0.17827104071768374,-0.0005830561176837501
SiC_10deg,10.0,7.455,2943.804,0.17775552430000002,0.1826839182493377,0.17814681528697834,-0.000391290986978321
SiC_10deg,10.0,7.455,2946.697,0.1773636536,0.1825725828953299,0.17803527123503515,-0.0006716176350351488
SiC_10deg,10.0,7.455,2949.59,0.17734298599999998,0.18247454247814937,0.17793704704125612,-0.0005940610412561442
SiC_10deg,10.0,7.455,2952.483,0.17732107500000002,0.18239031989762453,0.17785266658564453,-0.000531591585644503
SiC_10deg,10.0,7.455,2955.375,0.17722514350000002,0.18232038780555482,0.17778260340598487,-0.0005574599059848528
SiC_10deg,10.0,7.455,2958.268,0.177249952,0.18226507466854336,0.17772718658459033,-0.0004772345845903414
SiC_10deg,10.0,7.455,2961.161,0.17692374319999998,0.18222470831212048,0.17768674456149966,-0.0007630013614996767
SiC_10deg,10.0,7.455,2964.053,0.1768394274,0.1821995188355267,0.17766150786727403,-0.0008220804672740278
SiC_10deg,10.0,7.455,2966.946,0.17697515889999998,0.1821896347870151,0.17765160529112997,-0.0006764463911299867
SiC_10deg,10.0,7.455,2969.839,0.17713798050000001,0.18219513501403556,0.1776571158283168,-0.0005191353283167943
SiC_10deg,10.0,7.455,2972.731,0.1772240155,0.18221599857823462,0.17767801850123216,-0.00045400300123216164
SiC_10deg,10.0,7.455,2975.624,0.1772465503,0.18225215065570477,0.17771423834571123,-0.00046768804571123423
SiC_10deg,10.0,7.455,2978.517,0.17759995180000002,0.1823034199892822,0.17776560378356895,-0.0001656519835689374
SiC_10deg,10.0,7.455,2981.41,0.17770256539999998,0.18236956364784868,0.1778318714283131,-0.00012930602831312532
SiC_10deg,10.0,7.455,2984.302,0.1778436434,0.18245023370223096,0.1779126926985778,-6.904929857778908e-05
SiC_10deg,10.0,7.455,2987.195,0.1777546542,0.1825450958690068,0.17800773268432704,-0.0002530784843270406
SiC_10deg,10.0,7.455,2990.088,0.1777763092,0.1826536643174786,0.17811650464417442,-0.00034019544417440706
SiC_10deg,10.0,7.455,2992.98,0.17786892529999998,0.18277536679919476,0.1782384352569896,-0.00036950995698961653
SiC_10deg,10.0,7.455,2995.873,0.1781098919,0.18290969526345585,0.17837301551973292,-0.0002631236197329079
SiC_10deg,10.0,7.455,2998.766,0.1784516098,0.1830559564577109,0.17851955088035265,-6.7941080352657e-05
SiC_10deg,10.0,7.455,3001.658,0.1788565573,0.18321338334126772,0.17867727286034016,0.0001792844396598381
SiC_10deg,10.0,7.455,3004.551,0.1790597245,0.18338132090296155,0.17884552522071331,0.00021419927928667537
SiC_10deg,10.0,7.455,3007.444,0.1791602559,0.1835589033811959,0.17902344057700695,0.00013681532299306132
SiC_10deg,10.0,7.455,3010.337,0.17933353629999998,0.18374527287486359,0.1792101594199797,0.00012337688002028724
SiC_10deg,10.0,7.455,3013.229,0.17980699430000002,0.18393946304946984,0.17940471360374438,0.00040228069625564133
SiC_10deg,10.0,7.455,3016.122,0.1797175562,0.18414067533116857,0.17960630305752956,0.00011125314247042994
SiC_10deg,10.0,7.455,3019.015,0.1800976402,0.1843478804931153,0.1798138966252068,0.00028374357479318824
SiC_10deg,10.0,7.455,3021.907,0.1801404861,0.18456001585070797,0.18002642963017348,0.0001140564698265123
SiC_10deg,10.0,7.455,3024.8,0.1806321611,0.18477621977398817,0.1802430388273473,0.0003891222726526977
SiC_10deg,10.0,7.455,3027.693,0.1809641259,0.18499539624873312,0.18046262614802863,0.0005014997519713627
SiC_10deg,10.0,7.455,3030.585,0.1811590838,0.18521643553684713,0.18068407977391956,0.00047500402608044445
SiC_10deg,10.0,7.455,3033.478,0.1814810591,0.1854384533086389,0.18090651371765426,0.000574545382345748
SiC_10deg,10.0,7.455,3036.371,0.18153714829999998,0.18566033670775278,0.18112881303682976,0.0004083352631702175
SiC_10deg,10.0,7.455,3039.264,0.1818731193,0.18588105495960827,0.18134994502468024,0.0005231742753197544
SiC_10deg,10.0,7.455,3042.156,0.1821281114,0.18609951322572282,0.18156881279045028,0.0005592986095497021
SiC_10deg,10.0,7.455,3045.049,0.18261118029999998,0.18631485900742073,0.18178456223745684,0.0008266180625431385
SiC_10deg,10.0,7.455,3047.942,0.18267898070000002,0.18652603321395111,0.18199613228968517,0.0006828484103148513
SiC_10deg,10.0,7.455,3050.834,0.18262626820000002,0.18673200792776717,0.18220249310275877,0.00042377509724125795
SiC_10deg,10.0,7.455,3053.727,0.1829876123,0.18693199809658534,0.18240285815281485,0.0005847541471851458
SiC_10deg,10.0,7.455,3056.62,0.1832692182,0.18712503803515584,0.18259625994442824,0.0006729582555717595
SiC_10deg,10.0,7.455,3059.512,0.18357301639999998,0.18731020999587272,0.18278177900967665,0.0007912373903233294
SiC_10deg,10.0,7.455,3062.405,0.1834707573,0.18748682935204108,0.1829587294385336,0.0005120278614663965
SiC_10deg,10.0,7.455,3065.298,0.18359483229999998,0.18765406365773324,0.18312627722465286,0.0004685550753471268
SiC_10deg,10.0,7.455,3068.191,0.1839634758,0.1878111952079248,0.1832837033176732,0.0006797724823267848
SiC_10deg,10.0,7.455,3071.083,0.1840968224,0.18795751010057396,0.1834302924773446,0.0006665299226553956
SiC_10deg,10.0,7.455,3073.976,0.1842426301,0.1880924997863071,0.18356553520101854,0.0006770948989814618
SiC_10deg,10.0,7.455,3076.869,0.1843747815,0.18821555979220977,0.18368882588269703,0.0006859556173029746
SiC_10deg,10.0,7.455,3079.761,0.18456381789999998,0.18832616233997174,0.1837996357547503,0.0007641821452496755
SiC_10deg,10.0,7.455,3082.654,0.1844366257,0.18842395456675146,0.18389761129289603,0.000539014407103966
SiC_10deg,10.0,7.455,3085.547,0.1845252001,0.1885085305551515,0.18398234581884526,0.0005428542811547477
SiC_10deg,10.0,7.455,3088.439,0.1843939286,0.1885795680090528,0.18405351643233545,0.00034041216766456106
SiC_10deg,10.0,7.455,3091.332,0.1844275606,0.1886368825253239,0.1841109383845717,0.0003166222154283027
SiC_10deg,10.0,7.455,3094.225,0.18464563900000003,0.1886802808934866,0.18415441810290314,0.0004912208970968834
SiC_10deg,10.0,7.455,3097.118,0.184670286,0.1887096646236598,0.18418385691282954,0.00048642908717044797
SiC_10deg,10.0,7.455,3100.01,0.18462467440000002,0.18872500033749207,0.18419922137343184,0.0004254530265681844
SiC_10deg,10.0,7.455,3102.903,0.18445640959999998,0.18872633598231553,0.1842005595219193,0.0002558500780806827
SiC_10deg,10.0,7.455,3105.796,0.18452609509999998,0.1887137686034369,0.1841879685855099,0.0003381265144900836
SiC_10deg,10.0,7.455,3108.688,0.184426295,0.1886874811150413,0.18416163182126116,0.0002646631787388276
SiC_10deg,10.0,7.455,3111.581,0.1845499061,0.18864769240388707,0.18412176852623421,0.00042813757376578
SiC_10deg,10.0,7.455,3114.474,0.1840842867,0.18859471066458133,0.18406868747274652,1.559922725347107e-05
SiC_10deg,10.0,7.455,3117.366,0.1839051,0.18852892500936708,0.18400277850243127,-9.767850243128096e-05
SiC_10deg,10.0,7.455,3120.259,0.1839051146,0.18845071483772569,0.18392442172595358,-1.9307125953577087e-05
SiC_10deg,10.0,7.455,3123.152,0.18373121409999998,0.1883605843721021,0.1838341223109225,-0.00010290821092251434
SiC_10deg,10.0,7.455,3126.045,0.1835260151,0.18825907350998583,0.1837324211668645,-0.00020640606686450624
SiC_10deg,10.0,7.455,3128.937,0.1833783956,0.18814681629443647,0.1836199535253518,-0.00024155792535179854
SiC_10deg,10.0,7.455,3131.83,0.1832161619,0.18802437893610535,0.18349728665839668,-0.0002811247583966725
SiC_10deg,10.0,7.455,3134.723,0.183080872,0.18789248987857204,0.183365150375045,-0.000284278375044994
SiC_10deg,10.0,7.455,3137.615,0.18304452349999997,0.1877519346439437,0.18322433166986377,-0.00017980816986379322
SiC_10deg,10.0,7.455,3140.508,0.1826260499,0.1876033917536526,0.18307551033617253,-0.0004494604361725274
SiC_10deg,10.0,7.455,3143.401,0.1825061642,0.1874477209531998,0.18291954773106392,-0.0004133835310639322
SiC_10deg,10.0,7.455,3146.293,0.1823778505,0.18728582451934186,0.18275734782261072,-0.00037949732261072233
SiC_10deg,10.0,7.455,3149.186,0.182304848,0.18711846412522148,0.18258967371171067,-0.00028482571171067894
SiC_10deg,10.0,7.455,3152.079,0.1819354805,0.18694659291546978,0.18241748032966293,-0.0004819998296629324
SiC_10deg,10.0,7.455,3154.972,0.181755447,0.1867711290220239,0.18224168752944142,-0.00048624052944143403
SiC_10deg,10.0,7.455,3157.864,0.1815836844,0.18659306793999908,0.1820632926722153,-0.00047960827221529834
SiC_10deg,10.0,7.455,3160.757,0.181293766,0.18641323069884635,0.18188311832645399,-0.0005893523264539902
SiC_10deg,10.0,7.455,3163.65,0.1811788798,0.18623262914052857,0.18170217823081633,-0.0005232984308163324
SiC_10deg,10.0,7.455,3166.542,0.18095753080000002,0.18605227772584562,0.18152148874770735,-0.0005639579477073331
SiC_10deg,10.0,7.455,3169.435,0.18093477409999997,0.1858730005718053,0.18134187553894077,-0.0004071014389407934
SiC_10deg,10.0,7.455,3172.328,0.18046257010000002,0.185695801433859,0.1811643442415059,-0.0007017741415058787
SiC_10deg,10.0,7.455,3175.22,0.1802393542,0.18552166874070158,0.1809898851369056,-0.0007505309369055801
SiC_10deg,10.0,7.455,3178.113,0.1802202895,0.185351393586921,0.1808192908026332,-0.0005990013026332119
SiC_10deg,10.0,7.455,3181.006,0.18007372440000002,0.18518592695474978,0.18065351400353594,-0.0005797896035359129
SiC_10deg,10.0,7.455,3183.899,0.17989268960000002,0.18502613303348572,0.180493420548833,-0.0006007309488329782
SiC_10deg,10.0,7.455,3186.791,0.17997908599999998,0.18487289747564262,0.18033989775119225,-0.0003608117511922637
SiC_10deg,10.0,7.455,3189.684,0.1798711114,0.18472691351631473,0.18019364014517608,-0.0003225287451760761
SiC_10deg,10.0,7.455,3192.577,0.1795660621,0.18458899632812417,0.18005546443144627,-0.0004894023314462592
SiC_10deg,10.0,7.455,3195.469,0.1798663429,0.1844599077536485,0.17992613388065304,-5.979098065303501e-05
SiC_10deg,10.0,7.455,3198.362,0.1793665,0.18434023135855535,0.17980623315235686,-0.00043973315235684707
SiC_10deg,10.0,7.455,3201.255,0.17933535160000003,0.1842306372676069,0.17969643362746773,-0.00036108202746770734
SiC_10deg,10.0,7.455,3204.147,0.1793753113,0.1841317295200266,0.17959734047747952,-0.00022202917747951578
SiC_10deg,10.0,7.455,3207.04,0.1791986177,0.18404395632317289,0.1795094027499147,-0.00031078504991469136
SiC_10deg,10.0,7.455,3209.933,0.17912484750000002,0.18396781300718867,0.17943311670341167,-0.00030826920341164854
SiC_10deg,10.0,7.455,3212.826,0.17917479050000001,0.18390369910580512,0.1793688826206269,-0.00019409212062687642
SiC_10deg,10.0,7.455,3215.718,0.1791070354,0.1838519682489328,0.17931705479434965,-0.000210019394349642
SiC_10deg,10.0,7.455,3218.611,0.1792411295,0.1838128593161616,0.17927787255194919,-3.6743051949172933e-05
SiC_10deg,10.0,7.455,3221.504,0.17943845369999997,0.18378660267090646,0.17925156668865633,0.00018688701134364494
SiC_10deg,10.0,7.455,3224.396,0.1795134133,0.18377334564525316,0.17923828481273055,0.0002751284872694604
SiC_10deg,10.0,7.455,3227.289,0.1792553446,0.18377315820620574,0.17923809702232893,1.7247577671075653e-05
SiC_10deg,10.0,7.455,3230.182,0.1795071211,0.1837860603073428,0.17925102330843304,0.00025609779156696155
SiC_10deg,10.0,7.455,3233.074,0.1798675008,0.18381198796277465,0.17927699956521176,0.0005905012347882377
SiC_10deg,10.0,7.455,3235.967,0.1796582152,0.18385084097815912,0.17931592541050878,0.000342289789491218
SiC_10deg,10.0,7.455,3238.86,0.1798559953,0.1839024299463698,0.17936761108215432,0.0004883842178456665
SiC_10deg,10.0,7.455,3241.753,0.1794887169,0.18396650882170124,0.17943181007323072,5.690682676928738e-05
SiC_10deg,10.0,7.455,3244.645,0.1798342543,0.1840427412942729,0.17950818544344507,0.000326068856554923
SiC_10deg,10.0,7.455,3247.538,0.1797592921,0.18413081230953016,0.17959642154767355,0.00016287055232644398
SiC_10deg,10.0,7.455,3250.431,0.1799490754,0.1842302718594953,0.17969606753439923,0.0002530078656007573
SiC_10deg,10.0,7.455,3253.323,0.1800311799,0.18434059880492565,0.17980660128750478,0.00022457861249522426
SiC_10deg,10.0,7.455,3256.216,0.18069449259999998,0.18446133571999979,0.17992756452372485,0.0007669280762751252
SiC_10deg,10.0,7.455,3259.109,0.1806755143,0.18459186268927819,0.1800583361655895,0.0006171781344105065
SiC_10deg,10.0,7.455,3262.001,0.1807078284,0.18473149975490297,0.1801982349806609,0.0005095934193390939
SiC_10deg,10.0,7.455,3264.894,0.1810347213,0.18487967040242187,0.18034668337381146,0.000688037926188545
SiC_10deg,10.0,7.455,3267.787,0.18127691370000001,0.18503561513533745,0.18050292042486882,0.0007739932751311962
SiC_10deg,10.0,7.455,3270.68,0.181480812,0.1851985855115767,0.18066619628880654,0.000814615711193456
SiC_10deg,10.0,7.455,3273.572,0.1815666431,0.18536774188691582,0.1808356697474891,0.0007309733525109052
SiC_10deg,10.0,7.455,3276.465,0.18184240070000002,0.1855423936822772,0.1810106489273496,0.0008317517726504076
SiC_10deg,10.0,7.455,3279.358,0.181932061,0.18572165221685097,0.18119024348174748,0.00074181751825253
SiC_10deg,10.0,7.455,3282.25,0.182192148,0.1859046033070285,0.1813735375134384,0.000818610486561594
SiC_10deg,10.0,7.455,3285.143,0.1825821411,0.18609050855004838,0.18155979123552632,0.0010223498644736928
SiC_10deg,10.0,7.455,3288.036,0.1828929955,0.18627842969118047,0.18174806463452403,0.0011449308654759571
SiC_10deg,10.0,7.455,3290.928,0.1828273738,0.1864674196700832,0.18193740887482704,0.0008899649251729591
SiC_10deg,10.0,7.455,3293.821,0.18308810860000002,0.1866567261893089,0.18212707024880728,0.000961038351192739
SiC_10deg,10.0,7.455,3296.714,0.18310301110000002,0.18684540352002096,0.1823161012548611,0.0007869098451389056
SiC_10deg,10.0,7.455,3299.607,0.1831952563,0.18703257817168567,0.1825036267650982,0.0006916295349017887
SiC_10deg,10.0,7.455,3302.499,0.18370025429999998,0.187217324549707,0.182688719449897,0.0010115348501029686
SiC_10deg,10.0,7.455,3305.392,0.1837787781,0.18739892385505813,0.18287065916284315,0.0009081189371568654
SiC_10deg,10.0,7.455,3308.285,0.1839016481,0.1875764843873373,0.18304855253204394,0.0008530955679560692
SiC_10deg,10.0,7.455,3311.177,0.18387570530000003,0.1877491433660497,0.183221535159724,0.0006541701402760225
SiC_10deg,10.0,7.455,3314.07,0.1843195957,0.18791624352469743,0.18338894854734042,0.0009306471526595861
SiC_10deg,10.0,7.455,3316.963,0.18448088370000001,0.18807697809339585,0.1835499844127198,0.0009308992872802124
SiC_10deg,10.0,7.455,3319.855,0.1844307091,0.1882305832145744,0.18370387746644182,0.0007268316335581892
SiC_10deg,10.0,7.455,3322.748,0.1845329562,0.18837649063243134,0.1838500583875102,0.0006828978124897855
SiC_10deg,10.0,7.455,3325.641,0.18451428069999998,0.18851401169408039,0.18398783723215995,0.000526443467840032
SiC_10deg,10.0,7.455,3328.534,0.1845321127,0.1886425553543154,0.1841166218472717,0.0004154908527282952
SiC_10deg,10.0,7.455,3331.426,0.1847751984,0.1887615369612583,0.1842358264850384,0.0005393719149616172
SiC_10deg,10.0,7.455,3334.319,0.1849579668,0.18887054191689265,0.18434503577028027,0.0006129310297197377
SiC_10deg,10.0,7.455,3337.212,0.18521044239999998,0.18896908069821533,0.1844437592623842,0.0007666831376157701
SiC_10deg,10.0,7.455,3340.104,0.185018304,0.18905673042051463,0.18453157328394176,0.00048673071605823126
SiC_10deg,10.0,7.455,3342.997,0.1849279526,0.18913321113488518,0.18460819736128387,0.0003197552387161351
SiC_10deg,10.0,7.455,3345.89,0.1849940212,0.18919820518045616,0.18467331323808486,0.0003207079619151343
SiC_10deg,10.0,7.455,3348.782,0.18486117100000002,0.18925146706333734,0.18472667496027667,0.00013449603972334745
SiC_10deg,10.0,7.455,3351.675,0.18484243490000002,0.1892928617177069,0.18476814720885681,7.428769114320444e-05
SiC_10deg,10.0,7.455,3354.568,0.18489299509999998,0.18932225450227047,0.18479759509014604,9.540000985394648e-05
SiC_10deg,10.0,7.455,3357.461,0.1850091306,0.189339589322609,0.18481496240457637,0.0001941681954236163
SiC_10deg,10.0,7.455,3360.353,0.1851333839,0.18934486848760484,0.1848202514653582,0.0003131324346418163
SiC_10deg,10.0,7.455,3363.246,0.1850367517,0.189338155619686,0.18481352601417964,0.00022322568582036628
SiC_10deg,10.0,7.455,3366.139,0.1849467145,0.18931956426352858,0.1847948998085561,0.00015181469144390225
SiC_10deg,10.0,7.455,3369.031,0.1844597319,0.18928928108399629,0.18476455986325427,-0.00030482796325426165
SiC_10deg,10.0,7.455,3371.924,0.1847731004,0.18924751501618609,0.18472271550501962,5.038489498038201e-05
SiC_10deg,10.0,7.455,3374.817,0.18466136460000002,0.18919455897610166,0.1846696601989264,-8.295598926372216e-06
SiC_10deg,10.0,7.455,3377.709,0.1844837889,0.1891307743457072,0.18460575600434861,-0.00012196710434861369
SiC_10deg,10.0,7.455,3380.602,0.184367186,0.18905650570269772,0.1845313481448917,-0.00016416214489170522
SiC_10deg,10.0,7.455,3383.495,0.1839659539,0.18897221140020587,0.1844468958328704,-0.00048094193287040454
SiC_10deg,10.0,7.455,3386.387,0.1840500543,0.18887841079410406,0.18435291939768889,-0.000302865097688898
SiC_10deg,10.0,7.455,3389.28,0.1838390388,0.18877556897149939,0.18424988479825927,-0.0004108459982592738
SiC_10deg,10.0,7.455,3392.173,0.1837781087,0.18866428903127758,0.1841383962639751,-0.00036028756397510353
SiC_10deg,10.0,7.455,3395.066,0.1836353815,0.18854518264284154,0.18401906661081258,-0.00038368511081257606
SiC_10deg,10.0,7.455,3397.958,0.18331290490000002,0.18841894269437487,0.18389259002577305,-0.0005796851257730273
SiC_10deg,10.0,7.455,3400.851,0.1833299904,0.18828616300690357,0.18375956144299901,-0.0004295710429990107
SiC_10deg,10.0,7.455,3403.744,0.182857195,0.18814759728648825,0.18362073598137188,-0.0007635409813718796
SiC_10deg,10.0,7.455,3406.636,0.1826759397,0.188004033705165,0.18347690329035488,-0.000800963590354864
SiC_10deg,10.0,7.455,3409.529,0.1825773976,0.1878561334065872,0.18332872575291403,-0.0007513281529140381
SiC_10deg,10.0,7.455,3412.422,0.1823789269,0.18770472505452407,0.18317703358614748,-0.0007981066861474928
SiC_10deg,10.0,7.455,3415.314,0.1820307442,0.1875506575662673,0.1830226772986409,-0.0009919330986409014
SiC_10deg,10.0,7.455,3418.207,0.182197739,0.18739463097119308,0.18286635823197445,-0.0006686192319744488
SiC_10deg,10.0,7.455,3421.1,0.181981535,0.18723751253785825,0.18270894528039838,-0.0007274102803983828
SiC_10deg,10.0,7.455,3423.993,0.1815913873,0.187080120316612,0.1825512580276959,-0.0009598707276959051
SiC_10deg,10.0,7.455,3426.885,0.1815841627,0.18692332601767472,0.18239416981810677,-0.0008100071181067758
SiC_10deg,10.0,7.455,3429.778,0.1815826678,0.18676783428136207,0.1822383866127937,-0.000655718812793693
SiC_10deg,10.0,7.455,3432.671,0.1812922438,0.18661450440895533,0.18208476932379686,-0.0007925255237968554
SiC_10deg,10.0,7.455,3435.563,0.1811166487,0.18646418040172,0.18193416353446068,-0.0008175148344606864
SiC_10deg,10.0,7.455,3438.456,0.1811614817,0.1863175344813191,0.18178724272652658,-0.0006257610265265889
SiC_10deg,10.0,7.455,3441.349,0.180968179,0.18617537554326902,0.1816448173117842,-0.000676638311784189
SiC_10deg,10.0,7.455,3444.241,0.1807570496,0.18603848252223587,0.18150766768501142,-0.000750618085011423
SiC_10deg,10.0,7.455,3447.134,0.1808934591,0.1859074657422128,0.18137640531425273,-0.00048294621425273854
SiC_10deg,10.0,7.455,3450.027,0.1808691583,0.1857830478130093,0.18125175416384842,-0.0003825958638484228
SiC_10deg,10.0,7.455,3452.92,0.1805731917,0.18566586886791508,0.18113435556701704,-0.0005611638670170449
SiC_10deg,10.0,7.455,3455.812,0.1808050613,0.1855565680600288,0.18102484987494866,-0.00021978857494867055
SiC_10deg,10.0,7.455,3458.705,0.1807197308,0.18545563210752258,0.1809237247181678,-0.0002039939181678052
SiC_10deg,10.0,7.455,3461.598,0.18054404510000002,0.18536361959109304,0.1808315397244297,-0.0002874946244296739
SiC_10deg,10.0,7.455,3464.49,0.180455408,0.18528103117450423,0.1807487964959917,-0.0002933884959916977
SiC_10deg,10.0,7.455,3467.383,0.1804525938,0.1852082354895132,0.1806758643556106,-0.00022327055561058295
SiC_10deg,10.0,7.455,3470.276,0.1806688629,0.1851456386480943,0.18061315017651683,5.5712723483175575e-05
SiC_10deg,10.0,7.455,3473.168,0.1804577784,0.18509358093615064,0.18056099488247895,-0.00010321648247896276
SiC_10deg,10.0,7.455,3476.061,0.180579557,0.1850522971293873,0.1805196336892887,5.99233107113073e-05
SiC_10deg,10.0,7.455,3478.954,0.18042519380000002,0.18502202339292548,0.18048930320475837,-6.410940475834459e-05
SiC_10deg,10.0,7.455,3481.847,0.18074400770000001,0.18500292056104012,0.18047016456464648,0.0002738431353535298
SiC_10deg,10.0,7.455,3484.739,0.1806628468,0.18499509405593792,0.18046232338877352,0.00020052341122647754
SiC_10deg,10.0,7.455,3487.632,0.18065514929999998,0.1849985865968452,0.1804658224764429,0.0001893268235570733
SiC_10deg,10.0,7.455,3490.525,0.1808254513,0.18501339438464384,0.18048065802141508,0.00034479327858491504
SiC_10deg,10.0,7.455,3493.417,0.18082031229999998,0.18503944162565789,0.18050675408793898,0.0003135582120609992
SiC_10deg,10.0,7.455,3496.31,0.1811357144,0.1850766256372739,0.18054400780092275,0.0005917065990772574
SiC_10deg,10.0,7.455,3499.203,0.1811540351,0.18512476354573587,0.18059223594381385,0.0005617991561861491
SiC_10deg,10.0,7.455,3502.095,0.18119829710000002,0.18518360337601258,0.1806511860692543,0.0005471110307457283
SiC_10deg,10.0,7.455,3504.988,0.1817012402,0.18525290346308343,0.18072061605922277,0.0009806241407772365
SiC_10deg,10.0,7.455,3507.881,0.1815674689,0.18533231185913776,0.18080017330618306,0.0007672955938169412
SiC_10deg,10.0,7.455,3510.774,0.1817627361,0.1854214459967508,0.18088947452558843,0.0008732615744115602
SiC_10deg,10.0,7.455,3513.666,0.18189101900000001,0.18551984073579883,0.18098805370541068,0.0009029652945893307
SiC_10deg,10.0,7.455,3516.559,0.18209668059999998,0.18562709006820663,0.1810955040765132,0.0010011765234867742
SiC_10deg,10.0,7.455,3519.452,0.181989391,0.18574264531175488,0.1812112759281728,0.0007781150718272067
SiC_10deg,10.0,7.455,3522.344,0.1821648189,0.18586590705616943,0.18133476872652166,0.0008300501734783416
SiC_10deg,10.0,7.455,3525.237,0.1821884901,0.18599636889265056,0.1814654751134977,0.0007230149865022906
SiC_10deg,10.0,7.455,3528.13,0.18272714480000002,0.18613336450777937,0.18160272752667858,0.0011244172733214375
SiC_10deg,10.0,7.455,3531.022,0.1830111213,0.18627618867717194,0.18174581941973847,0.0012653018802615268
SiC_10deg,10.0,7.455,3533.915,0.1831291321,0.18642425898066872,0.18189416728077223,0.001234964819227774
SiC_10deg,10.0,7.455,3536.808,0.1833249084,0.18657682265245756,0.1820470169329094,0.0012778914670905916
SiC_10deg,10.0,7.455,3539.701,0.18342867859999998,0.18673315597248413,0.18220364329948363,0.0012250353005163472
SiC_10deg,10.0,7.455,3542.593,0.1836675143,0.18689246401674225,0.18236324996640502,0.0013042643335949844
SiC_10deg,10.0,7.455,3545.486,0.1837112623,0.18705410582644627,0.18252519477341175,0.001186067526588258
SiC_10deg,10.0,7.455,3548.379,0.18356162529999998,0.1872172672676502,0.1826886620604651,0.0008729632395348685
SiC_10deg,10.0,7.455,3551.271,0.183641585,0.18738112770185078,0.1828528296507763,0.0007887553492237076
SiC_10deg,10.0,7.455,3554.164,0.18405163989999998,0.18754503609531475,0.18301704529025045,0.0010345946097495284
SiC_10deg,10.0,7.455,3557.057,0.1842080263,0.18770817440644427,0.1831804894038721,0.0010275368961278897
SiC_10deg,10.0,7.455,3559.949,0.1844655282,0.18786973245865218,0.18334235029637944,0.0011231779036205702
SiC_10deg,10.0,7.455,3562.842,0.18448067370000001,0.18802907797378687,0.1835019945044165,0.000978679195583504
SiC_10deg,10.0,7.455,3565.735,0.1846655862,0.1881854245630311,0.18365863416508155,0.0010069520349184624
SiC_10deg,10.0,7.455,3568.628,0.1849516352,0.1883380594776201,0.18381155519356338,0.0011400800064366168
SiC_10deg,10.0,7.455,3571.52,0.18500236569999998,0.18848624039480408,0.18396001387562946,0.0010423518243705132
SiC_10deg,10.0,7.455,3574.413,0.184856613,0.18862940211247495,0.18410344394970135,0.0007531690502986521
SiC_10deg,10.0,7.455,3577.306,0.1849812119,0.18876685186619696,0.18424115135275748,0.0007400605472425159
SiC_10deg,10.0,7.455,3580.198,0.1851706219,0.18889793485611825,0.18437248005752477,0.0007981418424752307
SiC_10deg,10.0,7.455,3583.091,0.1850710984,0.18902216413261147,0.18449694220158958,0.0005741561984104193
SiC_10deg,10.0,7.455,3585.984,0.185244723,0.18913895094619243,0.1846139479318578,0.0006307750681421864
SiC_10deg,10.0,7.455,3588.876,0.18561072159999997,0.18924775470702615,0.18472295564515978,0.0008877659548401917
SiC_10deg,10.0,7.455,3591.769,0.1854941146,0.18934818652230445,0.1848235757197083,0.000670538880291699
SiC_10deg,10.0,7.455,3594.662,0.18548426589999997,0.18943978525160993,0.18491534615067912,0.0005689197493208564
SiC_10deg,10.0,7.455,3597.555,0.18525690250000001,0.18952217276287742,0.18499788809719905,0.0002590144028009611
SiC_10deg,10.0,7.455,3600.447,0.18550204999999997,0.18959499302211036,0.1850708448578865,0.0004312051421134777
SiC_10deg,10.0,7.455,3603.34,0.185407835,0.1896580109102672,0.1851339808729696,0.000273854127030404
SiC_10deg,10.0,7.455,3606.233,0.1856112598,0.18971096216322428,0.18518703138296203,0.0004242284170379862
SiC_10deg,10.0,7.455,3609.125,0.1856771854,0.18975364548819057,0.18522979471774978,0.0004473906822502205
SiC_10deg,10.0,7.455,3612.018,0.18574488720000001,0.1897859519167278,0.18526216170463344,0.0004827254953665705
SiC_10deg,10.0,7.455,3614.911,0.1853690856,0.1898077766595433,0.18528402735789293,8.505824210708335e-05
SiC_10deg,10.0,7.455,3617.803,0.1852076615,0.1898190799143934,0.18529535180067538,-8.769030067537487e-05
SiC_10deg,10.0,7.455,3620.696,0.18494413569999998,0.18981988232866093,0.18529615571906713,-0.0003520200190671452
SiC_10deg,10.0,7.455,3623.589,0.1849848766,0.18981024134275076,0.18528649666114494,-0.00030162006114495266
SiC_10deg,10.0,7.455,3626.482,0.1852019368,0.18979027002487026,0.18526648790706238,-6.455110706238276e-05
SiC_10deg,10.0,7.455,3629.374,0.1854904682,0.18976014282733297,0.18523630423614357,0.0002541639638564408
SiC_10deg,10.0,7.455,3632.267,0.18515252790000003,0.18972004948731447,0.18519613574122606,-4.360784122603434e-05
SiC_10deg,10.0,7.455,3635.16,0.1847656328,0.18967025652990477,0.18514624944700073,-0.00038061664700073106
SiC_10deg,10.0,7.455,3638.052,0.1843996301,0.18961108975765156,0.1850869717667316,-0.0006873416667316223
SiC_10deg,10.0,7.455,3640.945,0.1842098579,0.189542856274294,0.1850186103798233,-0.0008087524798233159
SiC_10deg,10.0,7.455,3643.838,0.1840962018,0.18946596568190432,0.18494157565614644,-0.0008453738561464419
SiC_10deg,10.0,7.455,3646.73,0.18380742890000001,0.18938088022143018,0.18485633070311852,-0.0010489018031185071
SiC_10deg,10.0,7.455,3649.623,0.1838697118,0.18928801094508937,0.1847632873434741,-0.0008935755434741066
SiC_10deg,10.0,7.455,3652.516,0.18348702500000003,0.18918789218996404,0.18466298091590927,-0.0011759559159092436
SiC_10deg,10.0,7.455,3655.409,0.1835167951,0.18908106409155856,0.18455595256841148,-0.001039157468411489
SiC_10deg,10.0,7.455,3658.301,0.1835692183,0.18896813802615053,0.18444281482328218,-0.0008735965232821719
SiC_10deg,10.0,7.455,3661.194,0.1833871841,0.18884963548728761,0.1843240901516078,-0.0009369060516078165
SiC_10deg,10.0,7.455,3664.087,0.1830964128,0.18872621977867082,0.18420044310045103,-0.001104030300451031
SiC_10deg,10.0,7.455,3666.979,0.1829577402,0.18859858347674718,0.1840725675444923,-0.0011148273444923085
SiC_10deg,10.0,7.455,3669.872,0.182927992,0.18846730526053884,0.18394104324748664,-0.0010130512474866293
SiC_10deg,10.0,7.455,3672.765,0.1823627101,0.18833311183182183,0.18380659827341128,-0.0014438881734112896
SiC_10deg,10.0,7.455,3675.657,0.1826325391,0.18819674672988193,0.18366997755531522,-0.0010374384553152316
SiC_10deg,10.0,7.455,3678.55,0.1827536175,0.188058820968722,0.18353179325254604,-0.0007781757525460453
SiC_10deg,10.0,7.455,3681.443,0.1824148458,0.18792009289083375,0.18339280512910716,-0.0009779593291071587
SiC_10deg,10.0,7.455,3684.336,0.1822076027,0.18778127657992735,0.18325372860725747,-0.0010461259072574725
SiC_10deg,10.0,7.455,3687.228,0.1818580377,0.18764313276922678,0.18311532584621415,-0.0012572881462141472
SiC_10deg,10.0,7.455,3690.121,0.18186018340000001,0.18750627446888501,0.18297821100521663,-0.0011180276052166205
SiC_10deg,10.0,7.455,3693.014,0.18192039340000002,0.1873714504776343,0.18284313428661916,-0.0009227408866191444
SiC_10deg,10.0,7.455,3695.906,0.1814522397,0.1872393954946463,0.1827108317667858,-0.001258592066785802
SiC_10deg,10.0,7.455,3698.799,0.1816368756,0.18711069291746404,0.18258188793683724,-0.0009450123368372476
SiC_10deg,10.0,7.455,3701.692,0.181784146,0.18698604585805184,0.18245700722672006,-0.0006728612267200562
SiC_10deg,10.0,7.455,3704.584,0.18183941059999997,0.18686613063749402,0.1823368672252813,-0.0004974566252813339
SiC_10deg,10.0,7.455,3707.477,0.18112430710000002,0.1867514755738175,0.18222199724087912,-0.0010976901408790984
SiC_10deg,10.0,7.455,3710.37,0.1811132058,0.1866427070868607,0.18211302486757494,-0.0009998190675749308
SiC_10deg,10.0,7.455,3713.263,0.1812814128,0.18654037910218935,0.18201050506926697,-0.0007290922692669566
SiC_10deg,10.0,7.455,3716.155,0.181718936,0.1864450443536701,0.18191499161592062,-0.0001960556159206206
SiC_10deg,10.0,7.455,3719.048,0.18140160819999998,0.1863571223626208,0.18182690481524574,-0.0004252966152457627
SiC_10deg,10.0,7.455,3721.941,0.18147567080000002,0.18627709511192503,0.181746727553602,-0.0002710567536019781
SiC_10deg,10.0,7.455,3724.833,0.1815245922,0.18620539371471817,0.18167489175224566,-0.0001502995522456585
SiC_10deg,10.0,7.455,3727.726,0.18131222309999998,0.1861423343273334,0.1816117141601444,-0.00029949106014443005
SiC_10deg,10.0,7.455,3730.619,0.18121398200000002,0.18608826534220066,0.1815575438227892,-0.0003435618227891901
SiC_10deg,10.0,7.455,3733.511,0.1813618484,0.18604347751579242,0.18151267204167507,-0.00015082364167506856
SiC_10deg,10.0,7.455,3736.404,0.18171676439999998,0.18600817017635662,0.18147729851869038,0.0002394658813096029
SiC_10deg,10.0,7.455,3739.297,0.1813842768,0.18598254320896196,0.18145162351358807,-6.734671358807343e-05
SiC_10deg,10.0,7.455,3742.19,0.1810194239,0.1859667309922713,0.1814357816569236,-0.00041635775692358545
SiC_10deg,10.0,7.455,3745.082,0.1815140002,0.1859608192709284,0.1814298588540689,8.414134593109912e-05
SiC_10deg,10.0,7.455,3747.975,0.18171393040000003,0.18596484010556666,0.181433887225755,0.00028004317424504266
SiC_10deg,10.0,7.455,3750.868,0.18154077019999998,0.18597878410648036,0.18144785736467514,9.291283532483763e-05
SiC_10deg,10.0,7.455,3753.76,0.1816524851,0.1860025790924599,0.18147169695431623,0.00018078814568378565
SiC_10deg,10.0,7.455,3756.653,0.1818378439,0.1860361306438919,0.18150531139807544,0.00033253250192455397
SiC_10deg,10.0,7.455,3759.546,0.1823968175,0.18607927338396785,0.1815485350091457,0.0008482824908543074
SiC_10deg,10.0,7.455,3762.438,0.1826463236,0.1861317817148624,0.1816011417668189,0.0010451818331810858
SiC_10deg,10.0,7.455,3765.331,0.18281466049999998,0.18619344037250557,0.18166291600351303,0.001151744496486945
SiC_10deg,10.0,7.455,3768.224,0.1830500444,0.1862639367765917,0.18173354455299104,0.0013164998470089617
SiC_10deg,10.0,7.455,3771.117,0.183262228,0.18634293214401332,0.18181268799709716,0.0014495400029028438
SiC_10deg,10.0,7.455,3774.009,0.1831218406,0.18643001532596798,0.18189993441633115,0.0012219061836688527
SiC_10deg,10.0,7.455,3776.902,0.183227891,0.1865248281469463,0.18199492496378425,0.0012329660362157546
SiC_10deg,10.0,7.455,3779.795,0.1831348624,0.1866268867572185,0.1820971748827512,0.001037687517248781
SiC_10deg,10.0,7.455,3782.688,0.18345989119999997,0.1867357018483381,0.18220619394757764,0.001253697252422331
SiC_10deg,10.0,7.455,3785.58,0.1837417174,0.18685071171368933,0.18232141939872964,0.0014202980012703592
SiC_10deg,10.0,7.455,3788.473,0.18414699410000002,0.18697144623582124,0.18244238023752193,0.0017046138624780827
SiC_10deg,10.0,7.455,3791.365,0.1840558108,0.18709724652755072,0.18256841634168847,0.0014873944583115306
SiC_10deg,10.0,7.455,3794.258,0.1840013224,0.1872276008329051,0.18269901499597083,0.0013023074040291738
SiC_10deg,10.0,7.455,3797.151,0.1843715924,0.18736184755991547,0.1828335133682471,0.0015380790317529036
SiC_10deg,10.0,7.455,3800.044,0.18447169089999998,0.18749935089093128,0.18297127444902755,0.0015004164509724305
SiC_10deg,10.0,7.455,3802.936,0.1845134136,0.18763941253341213,0.18311159863682364,0.0014018149631763732
SiC_10deg,10.0,7.455,3805.829,0.1846970638,0.18778146963707193,0.18325392202628735,0.0014431417737126584
SiC_10deg,10.0,7.455,3808.722,0.1850885098,0.1879248071495371,0.18339752822468058,0.0016909815753194113
SiC_10deg,10.0,7.455,3811.615,0.1851491493,0.18806875419794844,0.1835417451015941,0.0016074041984059095
SiC_10deg,10.0,7.455,3814.507,0.18559181970000002,0.18821258971577556,0.1836858502388595,0.001905969461140522
SiC_10deg,10.0,7.455,3817.4,0.1859052737,0.18835574467413352,0.18382927354094813,0.0020760001590518773
SiC_10deg,10.0,7.455,3820.292,0.1861324106,0.18849745787193922,0.1839712523799068,0.00216115822009319
SiC_10deg,10.0,7.455,3823.185,0.1861729172,0.18863717391719903,0.18411123032266044,0.002061686877339569
SiC_10deg,10.0,7.455,3826.078,0.1859878013,0.1887742022118492,0.18424851547662038,0.0017392858233796216
SiC_10deg,10.0,7.455,3828.971,0.1856101357,0.18890791674656904,0.18438248065901255,0.0012276550409874576
SiC_10deg,10.0,7.455,3831.863,0.1858207464,0.18903766564814328,0.1845124727746864,0.0013082736253135774
SiC_10deg,10.0,7.455,3834.756,0.1860931635,0.1891629521516343,0.18463799412751927,0.001455169372480719
SiC_10deg,10.0,7.455,3837.649,0.1858853467,0.18928316782837246,0.18475843514834298,0.0011269115516570338
SiC_10deg,10.0,7.455,3840.542,0.1860085192,0.18939777623355336,0.18487325838678825,0.001135260813211747
SiC_10deg,10.0,7.455,3843.434,0.18631826619999997,0.18950623339022998,0.1849819188462242,0.0013363473537757742
SiC_10deg,10.0,7.455,3846.327,0.18617869420000002,0.1896081380057215,0.18508401448174747,0.0010946797182525558
SiC_10deg,10.0,7.455,3849.219,0.1859632684,0.1897029768202334,0.18517903107145903,0.0007842373285409654
SiC_10deg,10.0,7.455,3852.112,0.1859690893,0.18979040766060923,0.18526662580079933,0.0007024634992006673
SiC_10deg,10.0,7.455,3855.005,0.1868479073,0.1898700256778003,0.18534639306183084,0.0015015142381691604
SiC_10deg,10.0,7.455,3857.898,0.1864322302,0.18994149874162547,0.18541800010179493,0.00101423009820506
SiC_10deg,10.0,7.455,3860.79,0.1862115639,0.19000451453481748,0.1854811340179862,0.0007304298820138
SiC_10deg,10.0,7.455,3863.683,0.18602323340000002,0.19005886603724742,0.1855355874022168,0.0004876459977832259
SiC_10deg,10.0,7.455,3866.576,0.1858587639,0.19010432169830718,0.18558112826983741,0.0002776356301625871
SiC_10deg,10.0,7.455,3869.469,0.1857687942,0.19014071646392938,0.18561759125738705,0.0001512029426129491
SiC_10deg,10.0,7.455,3872.361,0.1858377116,0.19016792134238125,0.18564484713133822,0.00019286446866179086
SiC_10deg,10.0,7.455,3875.254,0.18629521019999998,0.19018587828768077,0.18566283773690176,0.0006323724630982186
SiC_10deg,10.0,7.455,3878.146,0.1859711007,0.19019454255844573,0.1856715182488278,0.0002995824511722034
SiC_10deg,10.0,7.455,3881.039,0.18579572249999998,0.19019393234780044,0.18567090689434368,0.00012481560565630323
SiC_10deg,10.0,7.455,3883.932,0.1853979305,0.19018409963607052,0.18566105575121203,-0.00026312525121202635
SiC_10deg,10.0,7.455,3886.825,0.1857660187,0.19016514501023074,0.18564206559495772,0.0001239531050422904
SiC_10deg,10.0,7.455,3889.717,0.1853424849,0.19013722366547808,0.1856140919116909,-0.0002716070116909053
SiC_10deg,10.0,7.455,3892.61,0.1855903528,0.1901005028826251,0.18557730229579167,1.3050504208328428e-05
SiC_10deg,10.0,7.455,3895.503,0.1851275705,0.1900552190787642,0.18553193360751596,-0.0004043631075159593
SiC_10deg,10.0,7.455,3898.396,0.1849911338,0.1900016410618648,0.18547825515871325,-0.0004871213587132328
SiC_10deg,10.0,7.455,3901.288,0.1852478094,0.18994009941529016,0.18541659815242476,-0.00016878875242476443
SiC_10deg,10.0,7.455,3904.181,0.1851195876,0.18987089706033977,0.1853472660777754,-0.0002276784777754115
SiC_10deg,10.0,7.455,3907.073,0.1848598159,0.1897944630513535,0.18527068879336678,-0.000410872893366776
SiC_10deg,10.0,7.455,3909.966,0.18460378,0.18971115996008214,0.18518722955058978,-0.0005834495505897819
SiC_10deg,10.0,7.455,3912.859,0.1845672902,0.189621460562447,0.18509736201158336,-0.0005300718115833492
SiC_10deg,10.0,7.455,3915.752,0.1840296653,0.18952584229661384,0.18500156450947036,-0.000971899209470356
SiC_10deg,10.0,7.455,3918.644,0.18392721420000002,0.1894248459455653,0.18490037884093022,-0.0009731646409301964
SiC_10deg,10.0,7.455,3921.537,0.1839107541,0.1893189315961985,0.18479426595529216,-0.0008835118552921739
SiC_10deg,10.0,7.455,3924.43,0.1839948145,0.18920868588881073,0.18468381359250977,-0.0006889990925097733
SiC_10deg,10.0,7.455,3927.323,0.18372512619999998,0.18909468131980778,0.18456959532213235,-0.0008444691221323741
SiC_10deg,10.0,7.455,3930.215,0.1835237744,0.18897754847349796,0.18445224291049747,-0.0009284685104974655
SiC_10deg,10.0,7.455,3933.108,0.18335862039999998,0.18885781002994362,0.18433228001743038,-0.0009736596174304002
SiC_10deg,10.0,7.455,3936.0,0.1836056184,0.1887361635013382,0.18421040546260997,-0.0006047870626099683
SiC_10deg,10.0,7.455,3938.893,0.1833031203,0.18861314813609042,0.1840871595052652,-0.0007840392052651801
SiC_10deg,10.0,7.455,3941.786,0.18282818309999999,0.1884894345896822,0.18396321405802057,-0.0011350309580205886
SiC_10deg,10.0,7.455,3944.679,0.1825970141,0.18836565404658362,0.1838392014885004,-0.0012421873885003765
SiC_10deg,10.0,7.455,3947.571,0.18241727489999998,0.1882424793390437,0.18371579589017661,-0.0012985209901766326
SiC_10deg,10.0,7.455,3950.464,0.18261143919999998,0.18812045167642882,0.18359353948691168,-0.0009821002869117024
SiC_10deg,10.0,7.455,3953.357,0.1827450526,0.18800023347073236,0.1834730959323891,-0.0007280433323891
SiC_10deg,10.0,7.455,3956.25,0.18256310339999998,0.18788243450294378,0.1833550761506319,-0.0007919727506319196
SiC_10deg,10.0,7.455,3959.142,0.182559841,0.1877676907621379,0.18324011732287523,-0.000680276322875234
SiC_10deg,10.0,7.455,3962.035,0.1822464819,0.18765650384058685,0.18312872198162516,-0.0008822400816251574
SiC_10deg,10.0,7.455,3964.927,0.1820809055,0.18754951266949238,0.18302153025575893,-0.0009406247557589287
SiC_10deg,10.0,7.455,3967.82,0.18227320630000002,0.18744718421559614,0.1829190099873465,-0.0006458036873464856
SiC_10deg,10.0,7.455,3970.713,0.1819883665,0.18735007332451642,0.18282171706206343,-0.000833350562063434
SiC_10deg,10.0,7.455,3973.606,0.18217510350000002,0.187258670553145,0.18273014295634948,-0.0005550394563494654
SiC_10deg,10.0,7.455,3976.498,0.18214573430000003,0.18717346586896505,0.18264477855613115,-0.0004990442561311204
SiC_10deg,10.0,7.455,3979.391,0.1819736271,0.1870948306691026,0.1825659959547177,-0.0005923688547176953
SiC_10deg,10.0,7.455,3982.284,0.1818579028,0.1870231926866359,0.18249422368697235,-0.0006363208869723525
SiC_10deg,10.0,7.455,3985.177,0.1819721213,0.1869589139058523,0.18242982441572136,-0.0004577031157213529
SiC_10deg,10.0,7.455,3988.069,0.182172311,0.186902337573587,0.1823731420312156,-0.0002008310312155981
SiC_10deg,10.0,7.455,3990.962,0.18221884540000002,0.18685371104023293,0.18232442434750587,-0.00010557894750584662
SiC_10deg,10.0,7.455,3993.854,0.18242894540000001,0.18681331445131066,0.18228395203524503,0.00014499336475498614
SiC_10deg,10.0,7.455,3996.747,0.1826208417,0.18678132552432108,0.18225190314506515,0.00036893855493486116
SiC_10deg,10.0,7.455,3999.64,0.1830216673,0.18675792343001463,0.18222845718357195,0.0007932101164280503
SiC_15deg,15.0,7.455,1500.347,0.1504108176,0.14286873461581415,0.14323921540081586,0.0071716021991841405
SiC_15deg,15.0,7.455,1503.24,0.150937209,0.1433198822304489,0.14372691478099806,0.007210294219001934
SiC_15deg,15.0,7.455,1506.133,0.1521975853,0.14385258392727202,0.1443027757163883,0.00789480958361169
SiC_15deg,15.0,7.455,1509.025,0.1537162031,0.14446310806298968,0.14496276422772475,0.008753438872275254
SiC_15deg,15.0,7.455,1511.918,0.1539992113,0.14514784769534503,0.14570298114000138,0.008296230159998613
SiC_15deg,15.0,7.455,1514.811,0.1541984482,0.14590209626458328,0.14651833857022656,0.007680109629773446
SiC_15deg,15.0,7.455,1517.703,0.1549130323,0.14672062022162496,0.14740317894965915,0.0075098533503408504
SiC_15deg,15.0,7.455,1520.596,0.1562960354,0.14759866547276232,0.14835236301017624,0.00794367238982377
SiC_15deg,15.0,7.455,1523.489,0.157327106,0.14853030745608645,0.1493594861846759,0.007967619815324095
SiC_15deg,15.0,7.455,1526.381,0.1569860328,0.14950926896479033,0.15041776269003582,0.006568270109964192
SiC_15deg,15.0,7.455,1529.274,0.1571635267,0.15053007126570522,0.15152126990872702,0.005642256791272976
SiC_15deg,15.0,7.455,1532.167,0.1582105999,0.15158605206516843,0.1526628057712173,0.0055477941287827015
SiC_15deg,15.0,7.455,1535.06,0.15923166249999998,0.1526707570228666,0.15383539300960544,0.00539626949039454
SiC_15deg,15.0,7.455,1537.952,0.1598812982,0.15377727381724132,0.15503155926932216,0.004849738930677833
SiC_15deg,15.0,7.455,1540.845,0.16031482,0.15489981945522419,0.15624505302194613,0.0040697669780538626
SiC_15deg,15.0,7.455,1543.738,0.16009910659999999,0.15603148806462458,0.15746840888480063,0.0026306977151993594
SiC_15deg,15.0,7.455,1546.63,0.1603821122,0.15716542913181988,0.15869422131890165,0.0016878908810983584
SiC_15deg,15.0,7.455,1549.523,0.1602941608,0.1582960801357054,0.15991647713032556,0.00037768366967444456
SiC_15deg,15.0,7.455,1552.416,0.1599767897,0.1594168501299613,0.16112805137741085,-0.0011512616774108364
SiC_15deg,15.0,7.455,1555.308,0.1602569725,0.16052134792104128,0.16232203505514442,-0.002065062555144409
SiC_15deg,15.0,7.455,1558.201,0.1602614393,0.16160454619137765,0.16349299353507604,-0.0032315542350760396
SiC_15deg,15.0,7.455,1561.094,0.1605070576,0.1626605176899595,0.164634519343132,-0.004127461743131999
SiC_15deg,15.0,7.455,1563.987,0.16127429769999999,0.1636839984571905,0.16574092203620858,-0.004466624336208591
SiC_15deg,15.0,7.455,1566.879,0.1623485442,0.16466969369737017,0.16680647783677147,-0.004457933636771466
SiC_15deg,15.0,7.455,1569.772,0.1634515862,0.16561365011454673,0.16782691315470782,-0.0043753269547078255
SiC_15deg,15.0,7.455,1572.665,0.1651139417,0.16651122737660323,0.16879721170039555,-0.003683270000395561
SiC_15deg,15.0,7.455,1575.557,0.1661906437,0.1673582087014639,0.16971281505007718,-0.00352217135007718
SiC_15deg,15.0,7.455,1578.45,0.1678670514,0.1681516209204621,0.17057050915037225,-0.0027034577503722568
SiC_15deg,15.0,7.455,1581.343,0.1688193334,0.1688879862960354,0.1713665344990721,-0.0025472010990721106
SiC_15deg,15.0,7.455,1584.235,0.16995113350000002,0.1695642981489919,0.17209764081726422,-0.002146507317264207
SiC_15deg,15.0,7.455,1587.128,0.17132497430000002,0.17017864002472483,0.17276175638009944,-0.0014367820800994247
SiC_15deg,15.0,7.455,1590.021,0.1722084259,0.17072878530240815,0.17335647416698952,-0.0011480482669895264
SiC_15deg,15.0,7.455,1592.914,0.1728567112,0.17121315628243505,0.1738800886538546,-0.0010233774538545848
SiC_15deg,15.0,7.455,1595.806,0.17326268979999998,0.17163044720872245,0.17433118829287358,-0.001068498492873604
SiC_15deg,15.0,7.455,1598.699,0.1735082057,0.17198017640194888,0.17470925237929516,-0.001201046679295159
SiC_15deg,15.0,7.455,1601.592,0.1739148879,0.17226181653618253,0.17501371086349082,-0.0010988229634908142
SiC_15deg,15.0,7.455,1604.484,0.17410440189999998,0.1724753280294391,0.1752445209565627,-0.0011401190565627217
SiC_15deg,15.0,7.455,1607.377,0.17455052240000002,0.17262126801602176,0.17540228493157073,-0.00085176253157071
SiC_15deg,15.0,7.455,1610.27,0.1740585458,0.17270033931328144,0.17548776254779389,-0.0014292167477938933
SiC_15deg,15.0,7.455,1613.162,0.1740007287,0.17271370604403857,0.1755022122447309,-0.0015014835447308972
SiC_15deg,15.0,7.455,1616.055,0.1739951063,0.17266289256568237,0.17544728188248285,-0.0014521755824828397
SiC_15deg,15.0,7.455,1618.948,0.1735436369,0.17254974408914966,0.17532496617010068,-0.00178132927010069
SiC_15deg,15.0,7.455,1621.841,0.17335526340000001,0.17237645360828271,0.1751376357767466,-0.0017823723767465827
SiC_15deg,15.0,7.455,1624.733,0.1731445633,0.17214562044475606,0.17488810061990312,-0.0017435373199031212
SiC_15deg,15.0,7.455,1627.626,0.17298001840000002,0.17185989456554818,0.17457922536561518,-0.001599206965615163
SiC_15deg,15.0,7.455,1630.519,0.17302555300000003,0.1715224394722209,0.17421442982083926,-0.0011888768208392353
SiC_15deg,15.0,7.455,1633.411,0.173446203,0.17113675443016424,0.17379749675978592,-0.00035129375978593114
SiC_15deg,15.0,7.455,1636.304,0.1736388256,0.17070617421638754,0.17333203114151452,0.00030679445848547093
SiC_15deg,15.0,7.455,1639.197,0.1733177899,0.17023465021220924,0.172822304486382,0.0004954854136179909
SiC_15deg,15.0,7.455,1642.089,0.1733927926,0.16972639187921595,0.17227286730455418,0.0011199252954458283
SiC_15deg,15.0,7.455,1644.982,0.1730474439,0.16918525285869906,0.17168788545751026,0.0013595584424897222
SiC_15deg,15.0,7.455,1647.875,0.17215396340000003,0.16861576358200658,0.17107225642999518,0.001081706970004842
SiC_15deg,15.0,7.455,1650.768,0.1719917195,0.16802241442905402,0.17043083441037332,0.001560885089626679
SiC_15deg,15.0,7.455,1653.66,0.17081026659999998,0.1674100140997941,0.1697688176971846,0.0010414489028153784
SiC_15deg,15.0,7.455,1656.553,0.1707855511,0.1667828091393732,0.16909079688864695,0.001694754211353039
SiC_15deg,15.0,7.455,1659.446,0.1707599755,0.166145729790041,0.16840210167289646,0.002357873827103535
SiC_15deg,15.0,7.455,1662.338,0.17035125359999997,0.1655037424821209,0.1677081008580834,0.0026431527419165657
SiC_15deg,15.0,7.455,1665.231,0.17007799299999998,0.16486114059417778,0.16701343567026566,0.0030645573297343187
SiC_15deg,15.0,7.455,1668.124,0.1699869615,0.16422285071190218,0.16632343184476742,0.003663529655232589
SiC_15deg,15.0,7.455,1671.016,0.169284619,0.16359373185572584,0.1656433420775489,0.0036412769224510866
SiC_15deg,15.0,7.455,1673.909,0.1682641965,0.16297790158445757,0.16497761753007872,0.0032865789699212666
SiC_15deg,15.0,7.455,1676.802,0.1673479633,0.1623800159715095,0.16433129150862627,0.003016671791373743
SiC_15deg,15.0,7.455,1679.695,0.1672257526,0.16180436744323162,0.16370900420988657,0.0035167483901134278
SiC_15deg,15.0,7.455,1682.587,0.16659255559999997,0.16125526269780463,0.1631154112586822,0.003477144341317767
SiC_15deg,15.0,7.455,1685.48,0.1655083476,0.16073624684998677,0.16255434499328603,0.002954002606713968
SiC_15deg,15.0,7.455,1688.373,0.1650643008,0.16025122057667837,0.16203002212158893,0.0030342786784110787
SiC_15deg,15.0,7.455,1691.265,0.1644472985,0.15980379503739137,0.161546346377532,0.0029009521224679924
SiC_15deg,15.0,7.455,1694.158,0.1639799697,0.15939685939278134,0.16110644100019553,0.0028735286998044784
SiC_15deg,15.0,7.455,1697.051,0.16378985149999997,0.15903349141041495,0.16071363311641312,0.0030762183835868484
SiC_15deg,15.0,7.455,1699.943,0.16296616419999999,0.15871640834976164,0.16037086013672644,0.002595304063273546
SiC_15deg,15.0,7.455,1702.836,0.1625142235,0.15844769045685203,0.16008037084771184,0.0024338526522881543
SiC_15deg,15.0,7.455,1705.729,0.1621908375,0.15822942706338933,0.15984442385773515,0.002346413642264844
SiC_15deg,15.0,7.455,1708.622,0.16171877850000002,0.1580632505082275,0.15966478375696935,0.002053994743030668
SiC_15deg,15.0,7.455,1711.514,0.1615831516,0.15795047550350083,0.15954287177490165,0.0020402798250983567
SiC_15deg,15.0,7.455,1714.407,0.1615444582,0.15789195614256718,0.15947961120312826,0.002064846996871733
SiC_15deg,15.0,7.455,1717.3,0.1608206677,0.1578883174785336,0.15947567773626217,0.0013449899637378304
SiC_15deg,15.0,7.455,1720.192,0.1601437003,0.15793975307621166,0.15953128062164418,0.0006124196783558189
SiC_15deg,15.0,7.455,1723.085,0.1600148789,0.15804616592442697,0.1596463149883005,0.0003685639116994821
SiC_15deg,15.0,7.455,1725.978,0.1598336964,0.15820706656898942,0.159820251726695,1.3444673304996435e-05
SiC_15deg,15.0,7.455,1728.87,0.159961834,0.15842154927344881,0.16005211171804026,-9.027771804026585e-05
SiC_15deg,15.0,7.455,1731.763,0.1598612302,0.1586886089109925,0.1603408084006265,-0.0004795782006264959
SiC_15deg,15.0,7.455,1734.656,0.1592829664,0.15900670745399453,0.16068467913655968,-0.0014017127365596738
SiC_15deg,15.0,7.455,1737.549,0.16016772240000002,0.15937406667252554,0.16108180162456584,-0.0009140792245658225
SiC_15deg,15.0,7.455,1740.441,0.1602695624,0.15978846816518885,0.16152977772942034,-0.0012602153294203333
SiC_15deg,15.0,7.455,1743.334,0.16055248349999998,0.16024786097875002,0.16202639033063143,-0.0014739068306314496
SiC_15deg,15.0,7.455,1746.227,0.1610098059,0.1607495201620411,0.16256869370278126,-0.001558887802781267
SiC_15deg,15.0,7.455,1749.119,0.1611848629,0.1612904318938564,0.16315342984630088,-0.001968566946300876
SiC_15deg,15.0,7.455,1752.012,0.1610932741,0.16186794228625845,0.16377772985651215,-0.0026844557565121607
SiC_15deg,15.0,7.455,1754.905,0.1618462785,0.1624786565914974,0.16443792394481424,-0.0025916454448142445
SiC_15deg,15.0,7.455,1757.797,0.1623743336,0.1631189724596768,0.1651301179006323,-0.002755784300632308
SiC_15deg,15.0,7.455,1760.69,0.1630487312,0.16378581996991365,0.165850993079551,-0.0028022618795510157
SiC_15deg,15.0,7.455,1763.583,0.16365219,0.1644753558856645,0.1665963948678267,-0.002944204867826705
SiC_15deg,15.0,7.455,1766.476,0.16448509730000002,0.16518386500385623,0.1673623070583972,-0.00287720975839717
SiC_15deg,15.0,7.455,1769.368,0.16528376690000002,0.16590731589722135,0.16814437159967174,-0.002860604699671726
SiC_15deg,15.0,7.455,1772.261,0.165883192,0.16664239127517977,0.1689390024357624,-0.0030558104357623905
SiC_15deg,15.0,7.455,1775.154,0.1665888806,0.1673850088766681,0.16974178656275257,-0.0031529059627525835
SiC_15deg,15.0,7.455,1778.046,0.1673481455,0.16813108340871064,0.17054830769916923,-0.003200162199169243
SiC_15deg,15.0,7.455,1780.939,0.16808566460000002,0.16887733468750446,0.17135501990227503,-0.003269355302275012
SiC_15deg,15.0,7.455,1783.832,0.1689499103,0.16961975941851096,0.1721575955325085,-0.0032076852325085004
SiC_15deg,15.0,7.455,1786.724,0.16992972609999998,0.170354431709735,0.17295179062396893,-0.0030220645239689425
SiC_15deg,15.0,7.455,1789.617,0.17114950499999998,0.1710782788680118,0.17373428353535017,-0.0025847785353501906
SiC_15deg,15.0,7.455,1792.51,0.1720900844,0.17178757381775012,0.17450104522516607,-0.002410960825166064
SiC_15deg,15.0,7.455,1795.403,0.17292572,0.1724789726216135,0.17524846083186474,-0.0023227408318647336
SiC_15deg,15.0,7.455,1798.295,0.17361095240000002,0.17314904733403638,0.1759728246793584,-0.0023618722793583846
SiC_15deg,15.0,7.455,1801.188,0.1745765852,0.17379522048057375,0.17667135046744617,-0.0020947652674461748
SiC_15deg,15.0,7.455,1804.081,0.17530158799999998,0.17441438684294372,0.17734068139453527,-0.002039093394535285
SiC_15deg,15.0,7.455,1806.973,0.1760213702,0.17500366275434334,0.1779777001605074,-0.0019563299605074025
SiC_15deg,15.0,7.455,1809.866,0.1769149822,0.1755609664435281,0.17858015633000018,-0.0016651741300001965
SiC_15deg,15.0,7.455,1812.759,0.1774521779,0.17608380389376732,0.17914535382223154,-0.0016931759222315323
SiC_15deg,15.0,7.455,1815.651,0.17828186410000002,0.17656994209005722,0.1796708787043822,-0.0013890146043821772
SiC_15deg,15.0,7.455,1818.544,0.1790544654,0.17701786700464667,0.18015509428289148,-0.0011006288828914745
SiC_15deg,15.0,7.455,1821.437,0.1793614023,0.1774257800431709,0.18059605624213304,-0.0012346539421330405
SiC_15deg,15.0,7.455,1824.33,0.18000935599999998,0.17779228866277294,0.18099225921608886,-0.0009829032160888762
SiC_15deg,15.0,7.455,1827.222,0.1806417792,0.178116130973837,0.18134233907744549,-0.0007005598774454946
SiC_15deg,15.0,7.455,1830.115,0.1810420629,0.1783966114438757,0.1816455439420037,-0.0006034810420036951
SiC_15deg,15.0,7.455,1833.008,0.1816615877,0.17863292994815783,0.1819010088593064,-0.00023942115930641883
SiC_15deg,15.0,7.455,1835.9,0.1819763278,0.17882458661624423,0.18210819345964882,-0.00013186565964881658
SiC_15deg,15.0,7.455,1838.793,0.1823031469,0.17897151134405154,0.18226702195914796,3.612494085203366e-05
SiC_15deg,15.0,7.455,1841.686,0.18255058340000002,0.17907366432712585,0.18237745132841204,0.00017313207158797805
SiC_15deg,15.0,7.455,1844.578,0.1827793471,0.17913130168737287,0.18243975844022192,0.0003395886597780673
SiC_15deg,15.0,7.455,1847.471,0.182928714,0.17914496204202213,0.18245452555031938,0.0004741884496806126
SiC_15deg,15.0,7.455,1850.364,0.18315546779999997,0.1791153425561064,0.1824225063077171,0.0007329614922828576
SiC_15deg,15.0,7.455,1853.257,0.1830536176,0.179043388351862,0.18234472240800637,0.0007088951919936304
SiC_15deg,15.0,7.455,1856.149,0.18316993750000002,0.1789303045359195,0.18222247659498472,0.000947460905015296
SiC_15deg,15.0,7.455,1859.042,0.18320856,0.17877737811725575,0.18205716015048534,0.0011513998495146505
SiC_15deg,15.0,7.455,1861.935,0.1831771415,0.17858620516313678,0.18185049845438636,0.0013266430456136402
SiC_15deg,15.0,7.455,1864.827,0.1832349177,0.17835862390266466,0.181604478668239,0.001630439031760994
SiC_15deg,15.0,7.455,1867.72,0.18339447020000002,0.17809640943786428,0.1813210197119914,0.00207345048800861
SiC_15deg,15.0,7.455,1870.613,0.1828256241,0.17780173631556556,0.18100247231322528,0.0018231517867747238
SiC_15deg,15.0,7.455,1873.505,0.1825656283,0.17747698151781255,0.18065140603594138,0.0019142222640586293
SiC_15deg,15.0,7.455,1876.398,0.18237172910000002,0.1771243250873038,0.18027017754886263,0.0021015515511373928
SiC_15deg,15.0,7.455,1879.291,0.1818899455,0.17674641236495026,0.1798616465171647,0.002028298982835297
SiC_15deg,15.0,7.455,1882.184,0.18167510450000002,0.17634590087686816,0.17942868577846807,0.0022464187215319453
SiC_15deg,15.0,7.455,1885.076,0.18096827399999998,0.17592570188671602,0.17897444246563063,0.001993831534369356
SiC_15deg,15.0,7.455,1887.969,0.1808295733,0.17548837754094027,0.17850168630898755,0.00232788699101244
SiC_15deg,15.0,7.455,1890.862,0.18013977539999998,0.1750369989886642,0.17801373728070596,0.002126038119294016
SiC_15deg,15.0,7.455,1893.754,0.1796949429,0.17457471672627883,0.17751400112889876,0.0021809417711012302
SiC_15deg,15.0,7.455,1896.647,0.17902458719999997,0.17410424322527562,0.17700541008820983,0.0020191771117901436
SiC_15deg,15.0,7.455,1899.54,0.1785991963,0.17362879727585273,0.176491443733691,0.002107752566309018
SiC_15deg,15.0,7.455,1902.432,0.17802097220000002,0.1731516156070072,0.17597560103258597,0.002045371167414045
SiC_15deg,15.0,7.455,1905.325,0.1774665625,0.17267543342962133,0.17546083880126415,0.0020057236987358618
SiC_15deg,15.0,7.455,1908.218,0.1768550135,0.17220345922593538,0.17495062547167362,0.0019043880283263759
SiC_15deg,15.0,7.455,1911.111,0.1762443393,0.1717386973786705,0.17444820884019718,0.0017961304598028138
SiC_15deg,15.0,7.455,1914.003,0.1756618603,0.17128425140309514,0.1739569438674369,0.0017049164325630972
SiC_15deg,15.0,7.455,1916.896,0.17515761489999998,0.1708426823147986,0.17347959906124924,0.0016780158387507405
SiC_15deg,15.0,7.455,1919.789,0.1743316355,0.17041693684774967,0.17301935989859013,0.001312275601409868
SiC_15deg,15.0,7.455,1922.681,0.1740489881,0.17000983580645984,0.1725792757242134,0.0014697123757866082
SiC_15deg,15.0,7.455,1925.574,0.1732777473,0.16962366121180555,0.17216181344724338,0.0011159338527566287
SiC_15deg,15.0,7.455,1928.467,0.17257006270000003,0.16926098777467277,0.17176975638041966,0.0008003063195803628
SiC_15deg,15.0,7.455,1931.359,0.1718475647,0.1689242104058753,0.1714056934690932,0.000441871230906804
SiC_15deg,15.0,7.455,1934.252,0.1713619992,0.16861521852094866,0.17107166720834913,0.0002903319916508773
SiC_15deg,15.0,7.455,1937.145,0.1709457571,0.16833608398191657,0.1707699173214887,0.00017583977851132193
SiC_15deg,15.0,7.455,1940.038,0.17040146709999998,0.16808857467469585,0.17050235492770632,-0.00010088782770634186
SiC_15deg,15.0,7.455,1942.93,0.1700825849,0.16787433405691493,0.17027075663678728,-0.00018817173678728483
SiC_15deg,15.0,7.455,1945.823,0.1696211653,0.16769458783871058,0.1700764474653217,-0.00045528216532170207
SiC_15deg,15.0,7.455,1948.716,0.16919910430000001,0.16755058202830808,0.16992077437252967,-0.0007216700725296565
SiC_15deg,15.0,7.455,1951.608,0.169016159,0.1674432993929056,0.1698047997489412,-0.000788640748941194
SiC_15deg,15.0,7.455,1954.501,0.16865290179999998,0.16737339925716105,0.16972923633738493,-0.0010763345373849542
SiC_15deg,15.0,7.455,1957.394,0.1684480132,0.1673414374763113,0.16969468502822516,-0.0012466718282251599
SiC_15deg,15.0,7.455,1960.286,0.1682858308,0.16734769469541955,0.16970144920425484,-0.0014156184042548314
SiC_15deg,15.0,7.455,1963.179,0.16803356390000002,0.16739224166249073,0.16974960534544867,-0.0017160414454486517
SiC_15deg,15.0,7.455,1966.072,0.16807504080000002,0.16747492763633198,0.16983899049763393,-0.0017639496976339097
SiC_15deg,15.0,7.455,1968.965,0.1678998776,0.16759537852928288,0.16996920026474552,-0.002069322664745521
SiC_15deg,15.0,7.455,1971.857,0.1681988818,0.16775294471014585,0.17013953238277468,-0.0019406505827746778
SiC_15deg,15.0,7.455,1974.75,0.168300827,0.16794693739976035,0.17034924226800033,-0.002048415268000342
SiC_15deg,15.0,7.455,1977.643,0.1683861224,0.16817630816135815,0.17059719653980498,-0.0022110741398049805
SiC_15deg,15.0,7.455,1980.535,0.1685187694,0.16843976543213396,0.1708819989935781,-0.002363229593578098
SiC_15deg,15.0,7.455,1983.428,0.16873608180000002,0.16873611192513582,0.17120235533874725,-0.0024662735387472323
SiC_15deg,15.0,7.455,1986.321,0.16895010089999998,0.16906370754336475,0.17155649259843334,-0.0026063916984333524
SiC_15deg,15.0,7.455,1989.213,0.1694409088,0.16942070532185002,0.17194241416744052,-0.0025015053674405097
SiC_15deg,15.0,7.455,1992.106,0.16999786530000002,0.1698054823288334,0.17235836562485007,-0.002360500324850051
SiC_15deg,15.0,7.455,1994.999,0.1699290484,0.17021591083295587,0.17280204685151837,-0.002872998451518366
SiC_15deg,15.0,7.455,1997.892,0.1702992247,0.17064985603421134,0.17327115008695648,-0.002971925386956481
SiC_15deg,15.0,7.455,2000.784,0.1708388117,0.17110491084388418,0.17376307322126375,-0.002924261521263738
SiC_15deg,15.0,7.455,2003.677,0.17130138460000002,0.17157904719539796,0.1742756238748726,-0.0029742392748725865
SiC_15deg,15.0,7.455,2006.57,0.17194348099999998,0.1720696854470774,0.174806013404764,-0.002862532404764029
SiC_15deg,15.0,7.455,2009.462,0.1722189492,0.17257415570942802,0.17535135560826415,-0.003132406408264149
SiC_15deg,15.0,7.455,2012.355,0.1729220425,0.17309026180680268,0.17590927637661766,-0.0029872338766176454
SiC_15deg,15.0,7.455,2015.248,0.17365829479999997,0.17361524835485898,0.17647679708555092,-0.0028185022855509445
SiC_15deg,15.0,7.455,2018.14,0.1741929403,0.1741463251804508,0.17705090150341415,-0.0028579612034141666
SiC_15deg,15.0,7.455,2021.033,0.1748494717,0.17468124675619856,0.17762916217126556,-0.0027796904712655557
SiC_15deg,15.0,7.455,2023.926,0.1756191591,0.17521722347667187,0.1782085634711673,-0.002589404371167281
SiC_15deg,15.0,7.455,2026.819,0.1762407271,0.1757516691885126,0.17878630972084386,-0.002545582620843867
SiC_15deg,15.0,7.455,2029.711,0.17674438850000002,0.17628184983112583,0.17935944534740902,-0.0026150568474090086
SiC_15deg,15.0,7.455,2032.604,0.17744327389999998,0.17680562864719307,0.17992566047448086,-0.0024823865744808826
SiC_15deg,15.0,7.455,2035.497,0.1784513503,0.1773203775576142,0.18048211409723824,-0.0020307637972382386
SiC_15deg,15.0,7.455,2038.389,0.1791042935,0.17782355318763832,0.18102605677791545,-0.0019217632779154337
SiC_15deg,15.0,7.455,2041.282,0.1797107082,0.17831321621198726,0.18155539206802102,-0.001844683868021002
SiC_15deg,15.0,7.455,2044.175,0.18049824399999997,0.17878699695374833,0.18206755830054386,-0.0015693143005438837
SiC_15deg,15.0,7.455,2047.067,0.1810401634,0.17924265201656708,0.18256013032022192,-0.0015199669202219102
SiC_15deg,15.0,7.455,2049.96,0.1817089214,0.179678521575238,0.18303131382359963,-0.0013223924235996332
SiC_15deg,15.0,7.455,2052.853,0.1824215388,0.18009259153807983,0.18347893153824393,-0.0010573927382439285
SiC_15deg,15.0,7.455,2055.746,0.1831556327,0.1804831385779182,0.18390112051383095,-0.000745487813830964
SiC_15deg,15.0,7.455,2058.638,0.1835149469,0.18084845453650372,0.1842960341979409,-0.0007810872979409078
SiC_15deg,15.0,7.455,2061.531,0.1840073971,0.18118734928794478,0.18466238604124746,-0.0006549889412474641
SiC_15deg,15.0,7.455,2064.424,0.18445188869999998,0.18149839750761995,0.18499863524000512,-0.0005467465400051386
SiC_15deg,15.0,7.455,2067.316,0.185189518,0.18178036553022925,0.18530344817793695,-0.00011393017793695503
SiC_15deg,15.0,7.455,2070.209,0.18534784099999999,0.18203246448262536,0.1855759720677678,-0.00022813106776781167
SiC_15deg,15.0,7.455,2073.102,0.1855869019,0.18225376789010433,0.18581520537225305,-0.00022830347225305525
SiC_15deg,15.0,7.455,2075.994,0.1861068302,0.18244355435324705,0.18602036824453513,8.646195546485602e-05
SiC_15deg,15.0,7.455,2078.887,0.1864255973,0.18260145819336493,0.18619106537881175,0.00023453192118824684
SiC_15deg,15.0,7.455,2081.78,0.18679515940000002,0.18272707630516505,0.1863268610103905,0.0004682983896095172
SiC_15deg,15.0,7.455,2084.673,0.1868903982,0.18282024189476198,0.18642757483182457,0.0004628233681754357
SiC_15deg,15.0,7.455,2087.565,0.18689879390000003,0.18288093740129685,0.18649318785948266,0.00040560604051737004
SiC_15deg,15.0,7.455,2090.458,0.18713481529999998,0.1829093658827913,0.18652391960305087,0.0006108956969491097
SiC_15deg,15.0,7.455,2093.351,0.1874762077,0.18290582318284868,0.18652008987524082,0.0009561178247591839
SiC_15deg,15.0,7.455,2096.243,0.18718372590000001,0.18287080787778454,0.18648223764678454,0.0007014882532154765
SiC_15deg,15.0,7.455,2099.136,0.1873587011,0.18280493195474112,0.1864110244877319,0.0009476766122681057
SiC_15deg,15.0,7.455,2102.029,0.1874690169,0.1827089897920423,0.18630730913656143,0.0011617077634385742
SiC_15deg,15.0,7.455,2104.921,0.187309638,0.18258396390325665,0.18617215370962462,0.0011374842903753846
SiC_15deg,15.0,7.455,2107.814,0.1871997052,0.18243084328488512,0.18600662733144932,0.0011930778685506904
SiC_15deg,15.0,7.455,2110.707,0.1869304571,0.1822508774985627,0.18581208080256098,0.0011183762974390221
SiC_15deg,15.0,7.455,2113.6,0.1870303154,0.1820454069564434,0.1855899631346699,0.001440352265330097
SiC_15deg,15.0,7.455,2116.492,0.1865782385,0.1818159774586488,0.18534194536788967,0.001236293132110322
SiC_15deg,15.0,7.455,2119.385,0.1864726526,0.18156400686149757,0.18506956023258472,0.0014030923674152873
SiC_15deg,15.0,7.455,2122.278,0.1861965265,0.18129125379107988,0.1847747088378961,0.0014218176621038914
SiC_15deg,15.0,7.455,2125.17,0.185780158,0.1809996033312039,0.18445942899622714,0.0013207290037728636
SiC_15deg,15.0,7.455,2128.063,0.185522644,0.1806907231312303,0.18412552346909797,0.0013971205309020185
SiC_15deg,15.0,7.455,2130.956,0.18530763239999998,0.18036665994831905,0.18377520484096194,0.001532427559038041
SiC_15deg,15.0,7.455,2133.848,0.18500764690000002,0.18002955077522487,0.18341078324271218,0.0015968636572878392
SiC_15deg,15.0,7.455,2136.741,0.1846954357,0.17968123927243726,0.1830342517073357,0.0016611839926642946
SiC_15deg,15.0,7.455,2139.634,0.1840779305,0.17932396562622088,0.18264803191992482,0.0014298985800751673
SiC_15deg,15.0,7.455,2142.527,0.18375878969999998,0.17895989310697402,0.1822544624180184,0.0015043272819815767
SiC_15deg,15.0,7.455,2145.419,0.1829661737,0.1785913393200484,0.18185604857825344,0.0011101251217465746
SiC_15deg,15.0,7.455,2148.312,0.18276485999999997,0.1782202534014966,0.18145489745476015,0.0013099625452398234
SiC_15deg,15.0,7.455,2151.205,0.1820744454,0.17784897034088323,0.18105353321684903,0.0010209121831509793
SiC_15deg,15.0,7.455,2154.097,0.1816608073,0.17747981744812444,0.1806544717319807,0.0010063355680192954
SiC_15deg,15.0,7.455,2156.99,0.1811498487,0.17711471956474678,0.18025979379142842,0.0008900549085715803
SiC_15deg,15.0,7.455,2159.883,0.1804351468,0.17675595457786575,0.17987196183564028,0.0005631849643597253
SiC_15deg,15.0,7.455,2162.775,0.18012886129999997,0.17640574927238695,0.1794933830625777,0.0006354782374222712
SiC_15deg,15.0,7.455,2165.668,0.17943857770000002,0.17606591468189633,0.17912601523490798,0.00031256246509203667
SiC_15deg,15.0,7.455,2168.561,0.1786577904,0.17573856276851763,0.1787721414249234,-0.0001143510249234092
SiC_15deg,15.0,7.455,2171.454,0.1783610846,0.17542560764758544,0.17843383082867423,-7.274622867423086e-05
SiC_15deg,15.0,7.455,2174.346,0.1780966065,0.1751289775689836,0.1781131679219344,-1.6561421934402354e-05
SiC_15deg,15.0,7.455,2177.239,0.177503855,0.17485020037012683,0.17781180432678062,-0.00030794932678063214
SiC_15deg,15.0,7.455,2180.132,0.1770433878,0.17459101050747322,0.17753161502450976,-0.00048822722450975187
SiC_15deg,15.0,7.455,2183.024,0.1765383606,0.17435300223331587,0.17727432343297878,-0.000735962832978776
SiC_15deg,15.0,7.455,2185.917,0.17619380280000002,0.17413740505783815,0.1770412586767024,-0.0008474558767023743
SiC_15deg,15.0,7.455,2188.81,0.17587869090000002,0.17394557090376578,0.17683388221054372,-0.000955191310543696
SiC_15deg,15.0,7.455,2191.702,0.1752962729,0.17377868369921687,0.1766534738839149,-0.0013572009839148969
SiC_15deg,15.0,7.455,2194.595,0.174837515,0.17363761734885558,0.17650097840482104,-0.0016634634048210417
SiC_15deg,15.0,7.455,2197.488,0.1750358924,0.1735232775134835,0.17637737481027196,-0.0013414824102719602
SiC_15deg,15.0,7.455,2200.381,0.1743176772,0.17343635764907953,0.1762834127397207,-0.001965735539720709
SiC_15deg,15.0,7.455,2203.273,0.1742906358,0.17337741338361987,0.17621969283785835,-0.0019290570378583394
SiC_15deg,15.0,7.455,2206.166,0.17406588930000003,0.17334678840067275,0.1761865866333326,-0.0021206973333325607
SiC_15deg,15.0,7.455,2209.059,0.1737502522,0.17334473560253472,0.17618436751846403,-0.0024341153184640196
SiC_15deg,15.0,7.455,2211.951,0.1737671402,0.17337131121207056,0.17621309627126722,-0.0024459560712672135
SiC_15deg,15.0,7.455,2214.844,0.17347535870000003,0.173426447277502,0.1762726994345431,-0.0027973407345430745
SiC_15deg,15.0,7.455,2217.737,0.1735974092,0.17350989799299543,0.17636291128738613,-0.002765502087386129
SiC_15deg,15.0,7.455,2220.629,0.1736239825,0.17362122571447358,0.17648325872800363,-0.0028592762280036377
SiC_15deg,15.0,7.455,2223.522,0.17384895369999998,0.1737599637358338,0.17663323723798616,-0.002784283537986182
SiC_15deg,15.0,7.455,2226.415,0.17379431180000002,0.1739253892208114,0.176812065417218,-0.003017753617217983
SiC_15deg,15.0,7.455,2229.308,0.17398669160000002,0.1741166727312619,0.17701884662686998,-0.0030321550268699593
SiC_15deg,15.0,7.455,2232.2,0.1741140991,0.17433277142642364,0.17725245353571709,-0.0031383544357170834
SiC_15deg,15.0,7.455,2235.093,0.1742722246,0.17457274318592253,0.17751186769323976,-0.0032396430932397635
SiC_15deg,15.0,7.455,2237.986,0.1743604657,0.17483530492104565,0.17779570205548675,-0.0034352363554867593
SiC_15deg,15.0,7.455,2240.878,0.1748186789,0.1751190294930175,0.17810241385757655,-0.003283734957576556
SiC_15deg,15.0,7.455,2243.771,0.1751154717,0.17542268351735338,0.17843066978679903,-0.0033151980867990316
SiC_15deg,15.0,7.455,2246.664,0.1752068428,0.17574464687846067,0.17877871846656548,-0.0035718756665654716
SiC_15deg,15.0,7.455,2249.556,0.1754215868,0.1760831879331113,0.1791446879567356,-0.003723101156735603
SiC_15deg,15.0,7.455,2252.449,0.1757482271,0.17643685281971114,0.17952700660453913,-0.0037787795045391426
SiC_15deg,15.0,7.455,2255.342,0.1764535918,0.17680377219610455,0.17992365361460652,-0.0034700618146065176
SiC_15deg,15.0,7.455,2258.235,0.17665200779999998,0.17718213458405946,0.18033267074359935,-0.0036806629435993665
SiC_15deg,15.0,7.455,2261.127,0.1768824735,0.1775699469247632,0.18075190345602618,-0.0038694299560261824
SiC_15deg,15.0,7.455,2264.02,0.1771509528,0.17796558485452157,0.18117959578301754,-0.0040286429830175274
SiC_15deg,15.0,7.455,2266.913,0.1778766602,0.17836699760892086,0.1816135308082005,-0.003736870608200493
SiC_15deg,15.0,7.455,2269.805,0.1782931944,0.17877211177785957,0.18205146713477158,-0.003758272734771584
SiC_15deg,15.0,7.455,2272.698,0.17867057790000002,0.17917927086294008,0.1824916140556194,-0.0038210361556193784
SiC_15deg,15.0,7.455,2275.591,0.1789444721,0.17958640397564624,0.1829317328998234,-0.003987260799823394
SiC_15deg,15.0,7.455,2278.483,0.17961486019999998,0.1799914560938765,0.1833696021483671,-0.003754741948367113
SiC_15deg,15.0,7.455,2281.376,0.1803172919,0.18039281793214262,0.18380348213221595,-0.003486190232215941
SiC_15deg,15.0,7.455,2284.269,0.1806270049,0.18078849403209446,0.1842312157219317,-0.0036042108219317137
SiC_15deg,15.0,7.455,2287.162,0.1809693521,0.18117667352878117,0.18465084533714493,-0.0036814932371449227
SiC_15deg,15.0,7.455,2290.054,0.1811766266,0.18155546917200432,0.18506033082354215,-0.003883704223542145
SiC_15deg,15.0,7.455,2292.947,0.1812796214,0.18192344642940883,0.1854581214236379,-0.004178500023637899
SiC_15deg,15.0,7.455,2295.84,0.18131305730000002,0.18227884457752452,0.18584231376098242,-0.0045292564609824
SiC_15deg,15.0,7.455,2298.732,0.1814975754,0.1826199965603651,0.18621110571550484,-0.004713530315504838
SiC_15deg,15.0,7.455,2301.625,0.1819784894,0.1829456702453937,0.18656316532787517,-0.004584675927875176
SiC_15deg,15.0,7.455,2304.518,0.1820638683,0.18325436626778607,0.18689687175544292,-0.004833003455442936
SiC_15deg,15.0,7.455,2307.41,0.18171534260000002,0.1835447041527243,0.18721073267797583,-0.005495390077975809
SiC_15deg,15.0,7.455,2310.303,0.182126667,0.18381570246012477,0.18750368713958068,-0.0053770201395806905
SiC_15deg,15.0,7.455,2313.196,0.1831221523,0.18406618059610436,0.18777445889521843,-0.004652306595218425
SiC_15deg,15.0,7.455,2316.089,0.18387137769999998,0.1842951714331827,0.18802200246119943,-0.004150624761199456
SiC_15deg,15.0,7.455,2318.981,0.18419013629999997,0.18450175388283507,0.188245322122844,-0.004055185822844032
SiC_15deg,15.0,7.455,2321.874,0.18403756959999998,0.18468533403307785,0.18844377584970157,-0.004406206249701589
SiC_15deg,15.0,7.455,2324.767,0.1836668264,0.18484521872495888,0.18861661432341073,-0.00494978792341072
SiC_15deg,15.0,7.455,2327.659,0.1835082607,0.18498086864363006,0.18876325453409046,-0.005254993834090449
SiC_15deg,15.0,7.455,2330.552,0.1837903399,0.18509200366375692,0.1888833936607847,-0.005093053760784699
SiC_15deg,15.0,7.455,2333.445,0.183317741,0.18517832210106086,0.1889767055768978,-0.005658964576897796
SiC_15deg,15.0,7.455,2336.337,0.1837982676,0.18523968029850063,0.18904303498636327,-0.005244767386363258
SiC_15deg,15.0,7.455,2339.23,0.18489825589999997,0.18527611750999148,0.18908242432342992,-0.004184168423429946
SiC_15deg,15.0,7.455,2342.123,0.1849079867,0.1852877278392588,0.18909497531606223,-0.004186988616062232
SiC_15deg,15.0,7.455,2345.016,0.18459396120000002,0.1852747524646502,0.18908094868276315,-0.004486987482763133
SiC_15deg,15.0,7.455,2347.908,0.1847479368,0.1852375692828695,0.18904075293724795,-0.00429281613724794
SiC_15deg,15.0,7.455,2350.801,0.18453008359999998,0.18517663071966067,0.1889748771605796,-0.004444793560579613
SiC_15deg,15.0,7.455,2353.694,0.18447809629999998,0.1850925382844817,0.18888397159622677,-0.004405875296226797
SiC_15deg,15.0,7.455,2356.586,0.18472204139999998,0.1849860366333657,0.1887688412319009,-0.004046799831900927
SiC_15deg,15.0,7.455,2359.479,0.1846640322,0.184857863313863,0.18863028337090462,-0.003966251170904628
SiC_15deg,15.0,7.455,2362.372,0.1850687701,0.1847089658624192,0.18846932231863653,-0.0034005522186365267
SiC_15deg,15.0,7.455,2365.264,0.18556959809999998,0.18454041878253327,0.18828711963435893,-0.0027175215343589465
SiC_15deg,15.0,7.455,2368.157,0.1848943325,0.1843532113405359,0.18808474473429093,-0.0031904122342909236
SiC_15deg,15.0,7.455,2371.05,0.184963322,0.18414859222805247,0.18786354747846062,-0.0029002254784606107
SiC_15deg,15.0,7.455,2373.943,0.1854332935,0.18392783683184788,0.18762490658486303,-0.0021916130848630144
SiC_15deg,15.0,7.455,2376.835,0.1855585741,0.18369237960152815,0.18737037272153026,-0.0018117986215302473
SiC_15deg,15.0,7.455,2379.728,0.18570070619999998,0.1834434764395691,0.18710130354356042,-0.0014005973435604335
SiC_15deg,15.0,7.455,2382.621,0.1859870898,0.18318268687056016,0.18681938492748482,-0.0008322951274848112
SiC_15deg,15.0,7.455,2385.513,0.186611036,0.1829116408837457,0.1865263789235025,8.465707649751852e-05
SiC_15deg,15.0,7.455,2388.406,0.1869463914,0.18263173165193564,0.18622379157862298,0.0007225998213770124
SiC_15deg,15.0,7.455,2391.299,0.1868033689,0.18234467079045596,0.18591347318243343,0.0008898957175665634
SiC_15deg,15.0,7.455,2394.191,0.1865881645,0.18205221019167223,0.18559731756478703,0.0009908469352129523
SiC_15deg,15.0,7.455,2397.084,0.1862741325,0.18175581924752165,0.1852769131670582,0.0009972193329418066
SiC_15deg,15.0,7.455,2399.977,0.1859094473,0.1814572840546304,0.1849541907945737,0.0009552565054262996
SiC_15deg,15.0,7.455,2402.869,0.18536171329999998,0.18115839884044282,0.18463109004223366,0.0007306232577663219
SiC_15deg,15.0,7.455,2405.762,0.18511437730000002,0.18086064400080074,0.1843092112468481,0.0008051660531519234
SiC_15deg,15.0,7.455,2408.655,0.1847110266,0.18056579846885212,0.1839904774698841,0.000720549130115905
SiC_15deg,15.0,7.455,2411.548,0.1841710015,0.18027551722165852,0.183676677773859,0.0004943237261409994
SiC_15deg,15.0,7.455,2414.44,0.18368065890000002,0.17999152309742356,0.1833696745805097,0.00031098431949030947
SiC_15deg,15.0,7.455,2417.333,0.18333128080000002,0.17971520768012278,0.1830709722192848,0.0002603085807152128
SiC_15deg,15.0,7.455,2420.226,0.18276575080000002,0.17944821312111897,0.18278234588787087,-1.6595087870857617e-05
SiC_15deg,15.0,7.455,2423.118,0.18263961720000002,0.17919211508399938,0.18250549890937087,0.00013411829062914826
SiC_15deg,15.0,7.455,2426.011,0.1820284066,0.17894816384109774,0.1822417828525895,-0.00021337625258949222
SiC_15deg,15.0,7.455,2428.904,0.1815196817,0.17871780893255235,0.18199276469871878,-0.0004730829987187879
SiC_15deg,15.0,7.455,2431.796,0.18123468169999998,0.1785024053455539,0.18175990921536836,-0.0005252275153683761
SiC_15deg,15.0,7.455,2434.689,0.1807724332,0.17830300453982717,0.18154435305103067,-0.0007719198510306724
SiC_15deg,15.0,7.455,2437.582,0.18059510629999997,0.17812079576863554,0.18134738181170393,-0.0007522755117039537
SiC_15deg,15.0,7.455,2440.475,0.18015071670000002,0.17795679678933699,0.181170095712964,-0.001019379012963978
SiC_15deg,15.0,7.455,2443.367,0.1799853733,0.17781197247561759,0.18101353780210494,-0.001028164502104939
SiC_15deg,15.0,7.455,2446.26,0.1795025412,0.1776870364666474,0.18087847953700356,-0.0013759383370035572
SiC_15deg,15.0,7.455,2449.153,0.1791747695,0.17758274801421486,0.18076574168366769,-0.0015909721836676882
SiC_15deg,15.0,7.455,2452.045,0.1790499016,0.17749972625984695,0.18067599354617692,-0.0016260919461769108
SiC_15deg,15.0,7.455,2454.938,0.1788236623,0.1774383933924485,0.1806096915189807,-0.001786029218980717
SiC_15deg,15.0,7.455,2457.831,0.1789716711,0.1773991450100449,0.18056726325126862,-0.0015955921512686155
SiC_15deg,15.0,7.455,2460.724,0.1787050828,0.1773822262650232,0.18054897375755774,-0.0018438909575577422
SiC_15deg,15.0,7.455,2463.616,0.178448596,0.17738775769027376,0.18055495333625596,-0.0021063573362559707
SiC_15deg,15.0,7.455,2466.509,0.1785505912,0.17741575053417658,0.1805852141470817,-0.0020346229470817045
SiC_15deg,15.0,7.455,2469.402,0.1784304309,0.17746609586222123,0.1806396384297022,-0.0022092075297022173
SiC_15deg,15.0,7.455,2472.294,0.1783492129,0.1775385368245334,0.1807179485243883,-0.0023687356243883018
SiC_15deg,15.0,7.455,2475.187,0.17842400749999998,0.1776327804224054,0.18081982769381608,-0.002395820193816095
SiC_15deg,15.0,7.455,2478.08,0.1783960263,0.17774834958626912,0.18094476021646752,-0.0025487339164675105
SiC_15deg,15.0,7.455,2480.972,0.1784369415,0.17788462836975016,0.18109208024228546,-0.0026551387422854567
SiC_15deg,15.0,7.455,2483.865,0.17876512479999998,0.17804104020489747,0.18126116449005714,-0.0024960396900571558
SiC_15deg,15.0,7.455,2486.758,0.1786701049,0.17821676915127918,0.1814511309122443,-0.0027810260122443087
SiC_15deg,15.0,7.455,2489.651,0.17871500820000003,0.17841094632461363,0.18166104022797327,-0.00294603202797325
SiC_15deg,15.0,7.455,2492.543,0.1789684019,0.17862253562247715,0.18188977239029397,-0.0029213704902939786
SiC_15deg,15.0,7.455,2495.436,0.1789368362,0.17885063832391176,0.18213635586430307,-0.0031995196643030688
SiC_15deg,15.0,7.455,2498.329,0.17906813,0.17909405979958348,0.1823994992323651,-0.0033313692323651
SiC_15deg,15.0,7.455,2501.221,0.17937358490000002,0.17935151181076092,0.18267780988325824,-0.0033042249832582193
SiC_15deg,15.0,7.455,2504.114,0.1795356744,0.17962191029812014,0.1829701159276869,-0.0034344415276868767
SiC_15deg,15.0,7.455,2507.007,0.1797449992,0.1799038478014485,0.18327489587368012,-0.0035298966736801163
SiC_15deg,15.0,7.455,2509.899,0.1804800529,0.1801958500362166,0.18359055599087595,-0.00311050309087596
SiC_15deg,15.0,7.455,2512.792,0.18088935500000003,0.1804967043437549,0.18391578537157513,-0.0030264303715751006
SiC_15deg,15.0,7.455,2515.685,0.18102526149999998,0.1808048608986439,0.1842489086242385,-0.0032236471242385323
SiC_15deg,15.0,7.455,2518.578,0.18123068020000002,0.18111884147599422,0.18458832775889797,-0.003357647558897947
SiC_15deg,15.0,7.455,2521.47,0.1817802295,0.18143703744589357,0.18493230381520945,-0.0031520743152094466
SiC_15deg,15.0,7.455,2524.363,0.1819438724,0.18175815934613307,0.18527944285934808,-0.0033355704593480695
SiC_15deg,15.0,7.455,2527.256,0.1826494217,0.1820805837773165,0.18562798996486934,-0.0029785682648693357
SiC_15deg,15.0,7.455,2530.148,0.1829525843,0.18240268920034605,0.18597619221634754,-0.003023607916347537
SiC_15deg,15.0,7.455,2533.041,0.18327990360000002,0.1827231997175353,0.18632267034347147,-0.0030427667434714534
SiC_15deg,15.0,7.455,2535.934,0.18343518,0.18304052348419447,0.18666570353105033,-0.0032305235310503277
SiC_15deg,15.0,7.455,2538.826,0.1841492899,0.1833530990450265,0.18700360381542025,-0.002854313915420237
SiC_15deg,15.0,7.455,2541.719,0.18476578230000001,0.18365972166321928,0.18733506885256454,-0.002569286552564526
SiC_15deg,15.0,7.455,2544.612,0.1851973439,0.18395890085341027,0.18765848739870422,-0.0024611434987042158
SiC_15deg,15.0,7.455,2547.505,0.1857270819,0.18424930137905465,0.18797241603706355,-0.0022453341370635427
SiC_15deg,15.0,7.455,2550.397,0.18605945729999998,0.18452954543100164,0.1882753653290485,-0.00221590802904853
SiC_15deg,15.0,7.455,2553.29,0.186670478,0.18479860265155074,0.18856622143786686,-0.0018957434378668592
SiC_15deg,15.0,7.455,2556.183,0.1870297355,0.18505521355714888,0.18884362283720602,-0.0018138873372060271
SiC_15deg,15.0,7.455,2559.075,0.1874861586,0.18529820468032804,0.18910630098582087,-0.0016201423858208663
SiC_15deg,15.0,7.455,2561.968,0.1877850578,0.18552672602316544,0.18935333701936044,-0.0015682792193604522
SiC_15deg,15.0,7.455,2564.861,0.1882440185,0.18573975071641763,0.1895836208721227,-0.001339602372122689
SiC_15deg,15.0,7.455,2567.753,0.1883907044,0.18593635505895287,0.1897961540051488,-0.0014054496051487952
SiC_15deg,15.0,7.455,2570.646,0.188822138,0.18611590188361782,0.18999024762830508,-0.0011681096283050751
SiC_15deg,15.0,7.455,2573.539,0.1893990673,0.18627763532466152,0.19016508463595636,-0.0007660173359563538
SiC_15deg,15.0,7.455,2576.432,0.18948487400000003,0.1864209613612624,0.19032002287999608,-0.000835148879996056
SiC_15deg,15.0,7.455,2579.324,0.1896911451,0.18654533946531462,0.19045447803898793,-0.0007633329389879207
SiC_15deg,15.0,7.455,2582.217,0.1899033112,0.18665044985282891,0.19056810442019562,-0.0006647932201956086
SiC_15deg,15.0,7.455,2585.11,0.1903016925,0.18673593654325849,0.1906605172016975,-0.0003588247016974855
SiC_15deg,15.0,7.455,2588.002,0.1903849917,0.18680156773868067,0.19073146580541323,-0.0003464741054132192
SiC_15deg,15.0,7.455,2590.895,0.19061664960000002,0.18684727386467714,0.19078087502003815,-0.00016422542003813323
SiC_15deg,15.0,7.455,2593.788,0.1905900653,0.1868730113499504,0.1908086977441489,-0.00021863244414890848
SiC_15deg,15.0,7.455,2596.68,0.1910396563,0.18687886129687079,0.19081502165099143,0.00022463464900857044
SiC_15deg,15.0,7.455,2599.573,0.1911623631,0.18686500367834158,0.19080004129478814,0.0003623218052118682
SiC_15deg,15.0,7.455,2602.466,0.19105273109999998,0.18683170401534843,0.19076404370890887,0.00028868739109111363
SiC_15deg,15.0,7.455,2605.359,0.19107805500000002,0.18677932660188004,0.19070742270226837,0.0003706322977316545
SiC_15deg,15.0,7.455,2608.251,0.1912726082,0.1867083546512906,0.19063070063793736,0.0006419075620626435
SiC_15deg,15.0,7.455,2611.144,0.1912392944,0.18661928314593831,0.1905344126015097,0.00070488179849032
SiC_15deg,15.0,7.455,2614.037,0.1912692604,0.18651276347674461,0.19041926275929,0.0008499976407100041
SiC_15deg,15.0,7.455,2616.929,0.1911090375,0.186389553658478,0.19028607054004346,0.0008229669599565392
SiC_15deg,15.0,7.455,2619.822,0.1912380535,0.18625035978504867,0.19013559924507362,0.0011024542549263883
SiC_15deg,15.0,7.455,2622.715,0.19108253439999998,0.18609608807658146,0.1899688285160296,0.0011137058839703895
SiC_15deg,15.0,7.455,2625.607,0.190808894,0.1859277361662924,0.18978683681389694,0.0010220571861030703
SiC_15deg,15.0,7.455,2628.5,0.1906187962,0.1857461903946513,0.1895905822900295,0.001028213909970488
SiC_15deg,15.0,7.455,2631.393,0.1906179543,0.18555257065432262,0.18938127557026377,0.0012366787297362347
SiC_15deg,15.0,7.455,2634.286,0.1904381913,0.18534799679519676,0.18916012723419656,0.0012780640658034415
SiC_15deg,15.0,7.455,2637.178,0.1904040985,0.18513371458782552,0.18892848398411835,0.001475614515881657
SiC_15deg,15.0,7.455,2640.071,0.1900352483,0.1849107901289682,0.18868749829144169,0.0013477500085583016
SiC_15deg,15.0,7.455,2642.964,0.1896613573,0.1846805490658481,0.1884386032066986,0.001222754093301387
SiC_15deg,15.0,7.455,2645.856,0.1893909585,0.1844443595076229,0.18818327768260112,0.0012076808173988873
SiC_15deg,15.0,7.455,2648.749,0.18904994339999998,0.1842033693086764,0.18792276257215032,0.0011271808278496553
SiC_15deg,15.0,7.455,2651.642,0.18880628170000002,0.1839589902831199,0.18765858407396646,0.0011476976260335614
SiC_15deg,15.0,7.455,2654.534,0.18875068550000001,0.18371265186285624,0.18739228743184652,0.0013583980681534935
SiC_15deg,15.0,7.455,2657.427,0.18829877669999998,0.18346553361443882,0.18712514778026607,0.00117362891973391
SiC_15deg,15.0,7.455,2660.32,0.1879616891,0.18321907028209916,0.18685871610575303,0.0011029729942469702
SiC_15deg,15.0,7.455,2663.213,0.187776396,0.1829746044819079,0.1865944438024947,0.0011819521975053038
SiC_15deg,15.0,7.455,2666.105,0.1874502301,0.18273354749631604,0.18633385649437623,0.0011163736056237772
SiC_15deg,15.0,7.455,2668.998,0.1871159363,0.18249704025774297,0.18607818755161992,0.0010377487483800851
SiC_15deg,15.0,7.455,2671.891,0.1866003148,0.1822664475491318,0.18582891233123502,0.0007714024687649756
SiC_15deg,15.0,7.455,2674.783,0.186373375,0.18204309228861698,0.18558746093355513,0.000785914066444876
SiC_15deg,15.0,7.455,2677.676,0.18609470250000001,0.18182802670489007,0.18535497083834082,0.0007397316616591931
SiC_15deg,15.0,7.455,2680.569,0.1856107316,0.18162249023556915,0.18513278190185756,0.00047794969814243804
SiC_15deg,15.0,7.455,2683.461,0.18517709289999998,0.18142765714332237,0.1849221635249774,0.0002549293750225834
SiC_15deg,15.0,7.455,2686.354,0.1848967419,0.1812444435811002,0.18472410608692783,0.00017263581307216946
SiC_15deg,15.0,7.455,2689.247,0.1847212491,0.18107390702732165,0.18453975274252737,0.00018149635747263804
SiC_15deg,15.0,7.455,2692.14,0.18419669049999998,0.18091696769358695,0.1843700982584832,-0.00017340775848320722
SiC_15deg,15.0,7.455,2695.032,0.1838173746,0.18077451982545742,0.18421610933170743,-0.00039873473170742857
SiC_15deg,15.0,7.455,2697.925,0.1837801636,0.18064723539774086,0.1840785123800878,-0.00029834878008780374
SiC_15deg,15.0,7.455,2700.818,0.18358595260000002,0.18053585621778992,0.18395810931185644,-0.0003721567118564195
SiC_15deg,15.0,7.455,2703.71,0.18331266110000002,0.18044101806536872,0.18385558741735217,-0.0005429263173521437
SiC_15deg,15.0,7.455,2706.603,0.1830711747,0.1803631740852168,0.18377143655488612,-0.0007002618548861139
SiC_15deg,15.0,7.455,2709.496,0.1829333447,0.18030278936459404,0.18370615949286723,-0.0007728147928672269
SiC_15deg,15.0,7.455,2712.388,0.1827354956,0.1802602134811906,0.18366013413160406,-0.0009246385316040717
SiC_15deg,15.0,7.455,2715.281,0.1826545611,0.18023566200276833,0.18363359350405628,-0.0009790324040562792
SiC_15deg,15.0,7.455,2718.174,0.1824430142,0.18022930400943799,0.18362672038912486,-0.0011837061891248613
SiC_15deg,15.0,7.455,2721.067,0.1822157649,0.18024119651610349,0.18363957642103423,-0.0014238115210342406
SiC_15deg,15.0,7.455,2723.959,0.18223497290000001,0.18027128884899868,0.18367210682045373,-0.0014371339204537203
SiC_15deg,15.0,7.455,2726.852,0.1821144834,0.1803194712123033,0.18372419289595787,-0.0016097094959578728
SiC_15deg,15.0,7.455,2729.745,0.18228818019999998,0.18038551332008007,0.18379558570395207,-0.0015074055039520917
SiC_15deg,15.0,7.455,2732.637,0.18219006969999998,0.18046906950671998,0.18388591157316378,-0.0016958418731637948
SiC_15deg,15.0,7.455,2735.53,0.18213301810000002,0.18056979526488262,0.18399479808443145,-0.0018617799844314331
SiC_15deg,15.0,7.455,2738.423,0.1823678674,0.18068717627924538,0.18412168925284916,-0.001753821852849169
SiC_15deg,15.0,7.455,2741.315,0.1822557396,0.180820592281996,0.18426591455680108,-0.0020101749568010863
SiC_15deg,15.0,7.455,2744.208,0.18232391499999998,0.180969484799189,0.1844268702750477,-0.0021029552750477243
SiC_15deg,15.0,7.455,2747.101,0.18229249079999998,0.18113308390252802,0.1846037241000677,-0.0023112333000677165
SiC_15deg,15.0,7.455,2749.994,0.1824778582,0.18131059169123065,0.18479561348553608,-0.0023177552855360717
SiC_15deg,15.0,7.455,2752.886,0.18269970659999998,0.18150107550415934,0.18500153020655272,-0.002301823606552733
SiC_15deg,15.0,7.455,2755.779,0.18311960559999998,0.18170374089243857,0.18522061544837137,-0.002101009848371388
SiC_15deg,15.0,7.455,2758.672,0.18301170379999998,0.18191754116255315,0.1854517377148652,-0.0024400339148652195
SiC_15deg,15.0,7.455,2761.564,0.18324949920000003,0.18214136314530358,0.18569369364839466,-0.0024441944483946376
SiC_15deg,15.0,7.455,2764.457,0.1835580956,0.18237428235797443,0.1859454838650936,-0.002387388265093604
SiC_15deg,15.0,7.455,2767.35,0.18388538029999998,0.18261510395146477,0.18620581670975425,-0.0023204364097542673
SiC_15deg,15.0,7.455,2770.242,0.1839511435,0.18286258862624283,0.18647335247538516,-0.0025222089753851595
SiC_15deg,15.0,7.455,2773.135,0.18414431820000002,0.1831157277577557,0.18674700081915094,-0.00260268261915092
SiC_15deg,15.0,7.455,2776.028,0.1842882537,0.18337323552905688,0.1870253717478266,-0.0027371180478266144
SiC_15deg,15.0,7.455,2778.921,0.1848374977,0.1836338956096441,0.18730715038439005,-0.0024696526843900612
SiC_15deg,15.0,7.455,2781.813,0.18510440679999998,0.1838963919663927,0.18759091407133768,-0.0024865072713377012
SiC_15deg,15.0,7.455,2784.706,0.185498807,0.18415967888333523,0.1878755323692908,-0.0023767253692908163
SiC_15deg,15.0,7.455,2787.599,0.1855693684,0.1844224418836264,0.1881595843031142,-0.0025902159031142014
SiC_15deg,15.0,7.455,2790.491,0.1857650716,0.184683376904498,0.18844166015549335,-0.0026765885554933533
SiC_15deg,15.0,7.455,2793.384,0.1860849111,0.18494146611204365,0.18872065962810197,-0.002635748528101972
SiC_15deg,15.0,7.455,2796.277,0.1864300458,0.18519544172152774,0.18899521222088708,-0.002565166420887083
SiC_15deg,15.0,7.455,2799.169,0.18712382170000003,0.18544406868998908,0.18926398282829315,-0.0021401611282931277
SiC_15deg,15.0,7.455,2802.062,0.18713311359999998,0.18568640167156059,0.18952594951297974,-0.002392835912979757
SiC_15deg,15.0,7.455,2804.955,0.18738360320000003,0.1859212738265843,0.18977985089849378,-0.002396247698493753
SiC_15deg,15.0,7.455,2807.848,0.1877639529,0.18614764795567737,0.1900245657520509,-0.0022606128520508972
SiC_15deg,15.0,7.455,2810.74,0.18842940800000002,0.1863644610486408,0.19025894493887038,-0.001829536938870363
SiC_15deg,15.0,7.455,2813.633,0.18838405160000002,0.18657092536563874,0.19048213689680896,-0.002098085296808938
SiC_15deg,15.0,7.455,2816.526,0.18896442100000002,0.1867660822788203,0.19069310533044231,-0.0017286843304422927
SiC_15deg,15.0,7.455,2819.418,0.189101732,0.18694904858578254,0.19089089548072816,-0.001789163480728162
SiC_15deg,15.0,7.455,2822.311,0.1893825006,0.18711919227374535,0.19107482412951102,-0.001692323529511014
SiC_15deg,15.0,7.455,2825.204,0.1897132145,0.1872757557288144,0.19124407228137852,-0.001530857781378514
SiC_15deg,15.0,7.455,2828.096,0.1902717891,0.18741806949215734,0.19139791623826152,-0.0011261271382615179
SiC_15deg,15.0,7.455,2830.989,0.19008774760000002,0.18754568131885654,0.19153586711457396,-0.0014481195145739367
SiC_15deg,15.0,7.455,2833.882,0.19045979710000002,0.18765806281051167,0.1916573537013279,-0.001197556601327865
SiC_15deg,15.0,7.455,2836.775,0.1908070755,0.18775481322395937,0.19176194278733918,-0.0009548672873391784
SiC_15deg,15.0,7.455,2839.667,0.1909466359,0.1878355840984224,0.19184925767970382,-0.0009026217797038216
SiC_15deg,15.0,7.455,2842.56,0.19103967489999998,0.1879001865607834,0.19191909420289413,-0.0008794193028941466
SiC_15deg,15.0,7.455,2845.453,0.1914705095,0.18794842437269857,0.19197124021942893,-0.0005007307194289379
SiC_15deg,15.0,7.455,2848.345,0.1914037657,0.18798020352560713,0.1920055941042184,-0.0006018284042184074
SiC_15deg,15.0,7.455,2851.238,0.1914113305,0.18799553981966816,0.19202217293754312,-0.0006108424375431132
SiC_15deg,15.0,7.455,2854.131,0.19164172629999998,0.18799449260456286,0.19202104087756716,-0.00037931457756718023
SiC_15deg,15.0,7.455,2857.023,0.1917147069,0.18797722251725546,0.1920023715759854,-0.0002876646759853996
SiC_15deg,15.0,7.455,2859.916,0.1916293651,0.1879439470941296,0.19196640019387595,-0.0003370350938759481
SiC_15deg,15.0,7.455,2862.809,0.1918346174,0.18789497535215405,0.19191346078461574,-7.884338461575102e-05
SiC_15deg,15.0,7.455,2865.702,0.1917394678,0.18783068773284683,0.19184396461291395,-0.00010449681291394008
SiC_15deg,15.0,7.455,2868.594,0.19171333019999998,0.1877515671133979,0.19175843367844117,-4.510347844119411e-05
SiC_15deg,15.0,7.455,2871.487,0.1919293489,0.18765808183258767,0.19165737426456347,0.0002719746354365171
SiC_15deg,15.0,7.455,2874.38,0.19185782289999997,0.18755084744409434,0.1915414517968258,0.0003163711031741734
SiC_15deg,15.0,7.455,2877.272,0.1917736017,0.18743056302803343,0.19141142199448277,0.00036217970551721823
SiC_15deg,15.0,7.455,2880.165,0.19179075510000002,0.18729786179686947,0.19126796937257215,0.0005227857274278658
SiC_15deg,15.0,7.455,2883.058,0.19152879890000002,0.1871535574796702,0.1911119735881044,0.00041682531189563
SiC_15deg,15.0,7.455,2885.95,0.1914590905,0.18699853376552827,0.19094438992624294,0.0005147005737570765
SiC_15deg,15.0,7.455,2888.843,0.19149120109999998,0.1868335614130467,0.19076605159208682,0.0007251495079131642
SiC_15deg,15.0,7.455,2891.736,0.19118388,0.18665961604262885,0.19057801325034132,0.0006058667496586789
SiC_15deg,15.0,7.455,2894.629,0.1910473396,0.18647766259354792,0.19038131801920147,0.000666021580798537
SiC_15deg,15.0,7.455,2897.521,0.1910489472,0.18628876881815118,0.19017712015980273,0.0008718270401972816
SiC_15deg,15.0,7.455,2900.414,0.1907548928,0.18609383664501195,0.1899663946745432,0.0007884981254567824
SiC_15deg,15.0,7.455,2903.307,0.19056202200000003,0.18589398956819053,0.18975035608243865,0.0008116659175613772
SiC_15deg,15.0,7.455,2906.199,0.1907284418,0.18569037915739112,0.18953024925282388,0.0011981925471761246
SiC_15deg,15.0,7.455,2909.092,0.19024722189999999,0.1854839609180402,0.18930710710572143,0.0009401147942785515
SiC_15deg,15.0,7.455,2911.985,0.19002743930000002,0.18527591190688508,0.18908220206245743,0.0009452372375425844
SiC_15deg,15.0,7.455,2914.877,0.18949318699999998,0.18506741660796328,0.18885681457340378,0.000636372426596199
SiC_15deg,15.0,7.455,2917.77,0.18946280510000002,0.1848594426345591,0.18863199064741373,0.0008308144525862871
SiC_15deg,15.0,7.455,2920.663,0.1890971052,0.18465316837331508,0.18840900414345602,0.0006881010565439882
SiC_15deg,15.0,7.455,2923.556,0.1890714503,0.18444968885832538,0.18818903881476734,0.0008824114852326592
SiC_15deg,15.0,7.455,2926.448,0.18875988259999998,0.18425015060705516,0.18797333406911348,0.0007865485308864995
SiC_15deg,15.0,7.455,2929.341,0.1883718677,0.184055471552393,0.1877628822098699,0.0006089854901301095
SiC_15deg,15.0,7.455,2932.234,0.18804398339999998,0.18386675030662103,0.1875588708583642,0.0004851125416357738
SiC_15deg,15.0,7.455,2935.126,0.18800762110000002,0.1836850447856978,0.18736244364240368,0.0006451774575963465
SiC_15deg,15.0,7.455,2938.019,0.187640771,0.18351118799422445,0.1871745010562267,0.0004662699437733009
SiC_15deg,15.0,7.455,2940.912,0.1872329373,0.18334616071228596,0.18699610334225517,0.0002368339577448475
SiC_15deg,15.0,7.455,2943.804,0.1870040065,0.18319088471179135,0.18682824695392047,0.0001757595460795125
SiC_15deg,15.0,7.455,2946.697,0.18688430749999999,0.18304607105321896,0.18667170056148338,0.00021260693851660184
SiC_15deg,15.0,7.455,2949.59,0.1867760087,0.18291253858050055,0.1865273493512222,0.0002486593487777966
SiC_15deg,15.0,7.455,2952.483,0.1863969935,0.18279099166738577,0.1863959547649134,1.0387350865836975e-06
SiC_15deg,15.0,7.455,2955.375,0.186245912,0.18268210755091485,0.18627824890902064,-3.2336909020630467e-05
SiC_15deg,15.0,7.455,2958.268,0.1860979012,0.18258638692645013,0.18617477304500685,-7.68718450068484e-05
SiC_15deg,15.0,7.455,2961.161,0.18571554110000002,0.1825043773456012,0.18608611908685305,-0.0003705779868530268
SiC_15deg,15.0,7.455,2964.053,0.18568420880000003,0.1824365365362831,0.1860127818473726,-0.00032857304737257675
SiC_15deg,15.0,7.455,2966.946,0.1856509323,0.1823831812693511,0.1859551037620451,-0.00030417146204511636
SiC_15deg,15.0,7.455,2969.839,0.1853668798,0.18234462663402023,0.18591342544846423,-0.0005465456484642361
SiC_15deg,15.0,7.455,2972.731,0.18540467060000002,0.18232109141700847,0.18588798341934393,-0.0004833128193439118
SiC_15deg,15.0,7.455,2975.624,0.18522141720000002,0.1823126958261557,0.18587890762170622,-0.0006574904217062083
SiC_15deg,15.0,7.455,2978.517,0.1852691226,0.1823195099531642,0.18588627382604983,-0.000617151226049828
SiC_15deg,15.0,7.455,2981.41,0.18492505,0.18234151593788916,0.1859100627252095,-0.0009850127252094831
SiC_15deg,15.0,7.455,2984.302,0.1851126883,0.1823786036885618,0.18595015530783354,-0.0008374670078335478
SiC_15deg,15.0,7.455,2987.195,0.1851536608,0.1824306282282119,0.18600639485098655,-0.0008527340509865422
SiC_15deg,15.0,7.455,2990.088,0.1849993224,0.18249733386781725,0.18607850494984304,-0.001079182549843044
SiC_15deg,15.0,7.455,2992.98,0.1851351688,0.18257837147764727,0.18616610818834747,-0.0010309393883474738
SiC_15deg,15.0,7.455,2995.873,0.1852038069,0.18267340733805826,0.186268843809049,-0.001065036909049022
SiC_15deg,15.0,7.455,2998.766,0.1851906616,0.18278195716291856,0.18638618828918355,-0.0011955266891835459
SiC_15deg,15.0,7.455,3001.658,0.185150567,0.1829034518781613,0.1865175264485735,-0.0013669594485735126
SiC_15deg,15.0,7.455,3004.551,0.18541336,0.18303738768316852,0.18666231366891403,-0.0012489536689140324
SiC_15deg,15.0,7.455,3007.444,0.18537900789999998,0.18318307703556785,0.1868198067034762,-0.0014407988034762231
SiC_15deg,15.0,7.455,3010.337,0.185665685,0.1833398160724638,0.18698924466272684,-0.0013235596627268476
SiC_15deg,15.0,7.455,3013.229,0.1857123447,0.18350678930248293,0.18716974598456865,-0.0014574012845686435
SiC_15deg,15.0,7.455,3016.122,0.18568010659999998,0.18368330832246849,0.18736056649174793,-0.0016804598917479485
SiC_15deg,15.0,7.455,3019.015,0.18610874200000002,0.18386846935578033,0.18756072918407024,-0.0014519871840702192
SiC_15deg,15.0,7.455,3021.907,0.1861495936,0.18406131759815758,0.18776920189948682,-0.0016196082994868188
SiC_15deg,15.0,7.455,3024.8,0.1864471377,0.18426106541654208,0.18798513319128304,-0.0015379954912830562
SiC_15deg,15.0,7.455,3027.693,0.1866138439,0.18446669663147686,0.1882074245496248,-0.0015935806496248095
SiC_15deg,15.0,7.455,3030.585,0.18701756679999998,0.18467716239249504,0.18843494214667836,-0.001417375346678379
SiC_15deg,15.0,7.455,3033.478,0.1871346983,0.18489161368786644,0.18866676818418623,-0.0015320698841862213
SiC_15deg,15.0,7.455,3036.371,0.1871019947,0.1851089692738871,0.1889017338165929,-0.0017997391165928966
SiC_15deg,15.0,7.455,3039.264,0.18733657569999998,0.18532821059660606,0.18913873796718988,-0.0018021622671899051
SiC_15deg,15.0,7.455,3042.156,0.18763644119999998,0.18554823881214355,0.18937659276428798,-0.0017401515642880006
SiC_15deg,15.0,7.455,3045.049,0.18799637489999999,0.18576818455675753,0.18961435840870747,-0.0016179835087074823
SiC_15deg,15.0,7.455,3047.942,0.1881243404,0.18598695595766584,0.1898508545646518,-0.0017265141646518045
SiC_15deg,15.0,7.455,3050.834,0.1881431587,0.18620347364987996,0.19008491441749356,-0.001941755717493554
SiC_15deg,15.0,7.455,3053.727,0.18864963240000002,0.1864168984050864,0.19031563074503965,-0.0016659983450396376
SiC_15deg,15.0,7.455,3056.62,0.18889760379999998,0.18662618613562973,0.19054187486814858,-0.0016442710681486006
SiC_15deg,15.0,7.455,3059.512,0.1893563946,0.18683032349862289,0.19076255134337364,-0.0014061567433736322
SiC_15deg,15.0,7.455,3062.405,0.1893675816,0.18702853764479493,0.1909768247055629,-0.001609243105562902
SiC_15deg,15.0,7.455,3065.298,0.1897807727,0.18721987645254973,0.19118366569268055,-0.0014028929926805656
SiC_15deg,15.0,7.455,3068.191,0.1901409058,0.18740349703805598,0.1913821631308474,-0.0012412573308474006
SiC_15deg,15.0,7.455,3071.083,0.1903816737,0.18757853908602712,0.1915713870024409,-0.0011897133024408868
SiC_15deg,15.0,7.455,3073.976,0.1906391982,0.18774436762752575,0.19175065089364174,-0.0011114526936417402
SiC_15deg,15.0,7.455,3076.869,0.1908269124,0.18790021283150266,0.1919191226020546,-0.0010922102020546054
SiC_15deg,15.0,7.455,3079.761,0.19090345330000003,0.188045370175791,0.1920760405254612,-0.0011725872254611802
SiC_15deg,15.0,7.455,3082.654,0.19138895439999998,0.1881793383425676,0.19222086272950628,-0.0008319083295063034
SiC_15deg,15.0,7.455,3085.547,0.1915316688,0.18830152030053407,0.19235294381169918,-0.0008212750116991796
SiC_15deg,15.0,7.455,3088.439,0.1917550482,0.1884113944588284,0.19247171992213383,-0.000716671722133827
SiC_15deg,15.0,7.455,3091.332,0.19180802660000001,0.18850861232089802,0.19257681432923243,-0.0007687877292324174
SiC_15deg,15.0,7.455,3094.225,0.1919281822,0.1885927720008566,0.192667792586505,-0.0007396103865049963
SiC_15deg,15.0,7.455,3097.118,0.1923114555,0.18866357601604938,0.19274433310939323,-0.0004328776093932285
SiC_15deg,15.0,7.455,3100.01,0.1925892216,0.188720774834626,0.19280616614909477,-0.00021694454909476635
SiC_15deg,15.0,7.455,3102.903,0.192556789,0.18876424208097337,0.19285315509110437,-0.0002963660911043664
SiC_15deg,15.0,7.455,3105.796,0.192544869,0.18879385627241568,0.1928851686102775,-0.00034029961027748357
SiC_15deg,15.0,7.455,3108.688,0.1924719717,0.1888095818620652,0.19290216827973442,-0.00043019657973442094
SiC_15deg,15.0,7.455,3111.581,0.1924964251,0.18881146392341136,0.19290420282479728,-0.0004077777247972758
SiC_15deg,15.0,7.455,3114.474,0.192851085,0.18879959513252084,0.19289137243010374,-4.028743010373037e-05
SiC_15deg,15.0,7.455,3117.366,0.1931067488,0.18877415273413167,0.19286386870067632,0.00024288009932368904
SiC_15deg,15.0,7.455,3120.259,0.1929390275,0.18873534979159656,0.1928219219621594,0.00011710553784061162
SiC_15deg,15.0,7.455,3123.152,0.19291989980000002,0.18868348680520325,0.19276585706123134,0.00015404273876867824
SiC_15deg,15.0,7.455,3126.045,0.19294829530000002,0.18861891957074936,0.19269605862009642,0.00025223667990359466
SiC_15deg,15.0,7.455,3128.937,0.1930901428,0.18854209243238218,0.19261300698345377,0.00047713581654623693
SiC_15deg,15.0,7.455,3131.83,0.1929136733,0.18845342562034034,0.19251715642839642,0.0003965168716035805
SiC_15deg,15.0,7.455,3134.723,0.1929614982,0.18835347251706477,0.19240910517214796,0.0005523930278520384
SiC_15deg,15.0,7.455,3137.615,0.1928967874,0.18824285487106884,0.19228952533699112,0.0006072620630088732
SiC_15deg,15.0,7.455,3140.508,0.1929063767,0.18812212765574698,0.19215901686000125,0.0007473598399987402
SiC_15deg,15.0,7.455,3143.401,0.1926684322,0.1879920058036615,0.1920183525972374,0.0006500796027625877
SiC_15deg,15.0,7.455,3146.293,0.1924889845,0.18785326074541475,0.1918683664802432,0.0006206180197567968
SiC_15deg,15.0,7.455,3149.186,0.1925596169,0.18770655838143782,0.19170977836038636,0.000849838539613651
SiC_15deg,15.0,7.455,3152.079,0.1924493683,0.1875527436319279,0.19154350161289738,0.00090586668710263
SiC_15deg,15.0,7.455,3154.972,0.1927011927,0.1873926473622241,0.19137043441943072,0.0013307582805692775
SiC_15deg,15.0,7.455,3157.864,0.1922600576,0.18722718692201762,0.19119156845291393,0.0010684891470860713
SiC_15deg,15.0,7.455,3160.757,0.19208279220000002,0.1870571311936232,0.19100773489014194,0.001075057309858074
SiC_15deg,15.0,7.455,3163.65,0.1922117287,0.18688344003955498,0.19081997136123405,0.0013917573387659532
SiC_15deg,15.0,7.455,3166.542,0.19185693780000002,0.18670709391988943,0.19062933776267663,0.0012276000373233897
SiC_15deg,15.0,7.455,3169.435,0.19146371680000002,0.18652890083952772,0.1904367075635443,0.0010270092364557115
SiC_15deg,15.0,7.455,3172.328,0.1912737917,0.18634985815734048,0.1902431589282499,0.0010306327717501118
SiC_15deg,15.0,7.455,3175.22,0.1910961846,0.18617096639917904,0.19004977344477422,0.0010464111552257738
SiC_15deg,15.0,7.455,3178.113,0.1910095312,0.1859930377704286,0.18985742912299716,0.0011521020770028367
SiC_15deg,15.0,7.455,3181.006,0.19086815000000001,0.1858170631943397,0.18966719717030053,0.001200952829699481
SiC_15deg,15.0,7.455,3183.899,0.1907188837,0.18564395990675792,0.18948006913654272,0.0012388145634572856
SiC_15deg,15.0,7.455,3186.791,0.19046647790000001,0.18547468664423455,0.18929708143465518,0.0011693964653448352
SiC_15deg,15.0,7.455,3189.684,0.1904919815,0.18531000633338715,0.18911905880320778,0.001372922696792206
SiC_15deg,15.0,7.455,3192.577,0.1901209644,0.18515083339124327,0.18894698974486154,0.0011739746551384656
SiC_15deg,15.0,7.455,3195.469,0.18988131689999999,0.1849980453526294,0.188781822891898,0.0010994940081019977
SiC_15deg,15.0,7.455,3198.362,0.1894010489,0.18485232884746663,0.1886243005046684,0.0007767483953315946
SiC_15deg,15.0,7.455,3201.255,0.18958452850000002,0.18471449308099372,0.1884752973498358,0.0011092311501642027
SiC_15deg,15.0,7.455,3204.147,0.18929594940000002,0.18458529536953538,0.188335632101134,0.0009603172988660313
SiC_15deg,15.0,7.455,3207.04,0.1892161482,0.18446531583437847,0.18820593188100107,0.0010102163189989188
SiC_15deg,15.0,7.455,3209.933,0.1887474649,0.18435522249737646,0.1880869188341039,0.000660546065896106
SiC_15deg,15.0,7.455,3212.826,0.18893811970000002,0.18425558628165548,0.18797921013948923,0.0009589095605107845
SiC_15deg,15.0,7.455,3215.718,0.1887240104,0.18416695312014636,0.18788339596131481,0.0008406144386851888
SiC_15deg,15.0,7.455,3218.611,0.18846793380000001,0.18408972263771783,0.18779990830186644,0.0006680254981335787
SiC_15deg,15.0,7.455,3221.504,0.1884146407,0.18402433006426638,0.18772921765316022,0.0006854230468397726
SiC_15deg,15.0,7.455,3224.396,0.1881040958,0.18397113400088738,0.18767171166998203,0.0004323841300179765
SiC_15deg,15.0,7.455,3227.289,0.18829549320000002,0.18393037803680823,0.1876276536770428,0.0006678395229572365
SiC_15deg,15.0,7.455,3230.182,0.18809298089999998,0.18390230000014496,0.1875973007711796,0.0004956801288203971
SiC_15deg,15.0,7.455,3233.074,0.1878249223,0.18388705615851791,0.1875808218807412,0.00024410041925879145
SiC_15deg,15.0,7.455,3235.967,0.18803082910000002,0.1838847245101083,0.18757830132328443,0.00045252777671558886
SiC_15deg,15.0,7.455,3238.86,0.1878218691,0.18389533621040355,0.18758977277849953,0.0002320963215004801
SiC_15deg,15.0,7.455,3241.753,0.1880865537,0.18391885009899706,0.18761519175118324,0.00047136194881675086
SiC_15deg,15.0,7.455,3244.645,0.1881230665,0.18395514588842882,0.1876544282082427,0.00046863829175727845
SiC_15deg,15.0,7.455,3247.538,0.1880160558,0.1840040795880642,0.1877073264929904,0.000308729307009592
SiC_15deg,15.0,7.455,3250.431,0.1879609637,0.184065409219491,0.1877736250220381,0.00018733867796191794
SiC_15deg,15.0,7.455,3253.323,0.1878820157,0.18413881464243517,0.18785297771749868,2.9037982501312065e-05
SiC_15deg,15.0,7.455,3256.216,0.1878381295,0.18422399469694123,0.1879450590195801,-0.00010692951958010677
SiC_15deg,15.0,7.455,3259.109,0.18798994,0.18432051677123854,0.18804940126651143,-5.9461266511434685e-05
SiC_15deg,15.0,7.455,3262.001,0.18806334230000002,0.18442787766259303,0.188165460486312,-0.000102118186311978
SiC_15deg,15.0,7.455,3264.894,0.18824667430000003,0.1845456351689251,0.18829275864989967,-4.608434989963883e-05
SiC_15deg,15.0,7.455,3267.787,0.1883079956,0.18467318794167947,0.18843064568774465,-0.0001226500877446468
SiC_15deg,15.0,7.455,3270.68,0.1883079618,0.184809923516049,0.188578459513432,-0.0002704977134319886
SiC_15deg,15.0,7.455,3273.572,0.18829446489999999,0.18495513475248845,0.18873543569530618,-0.00044097079530619476
SiC_15deg,15.0,7.455,3276.465,0.18843396980000002,0.185108227196405,0.18890093161634552,-0.00046696181634550693
SiC_15deg,15.0,7.455,3279.358,0.18882743130000001,0.18526842114443176,0.18907410440198652,-0.0002466731019865054
SiC_15deg,15.0,7.455,3282.25,0.18882541369999997,0.18543489509649758,0.18925406599461228,-0.00042865229461230836
SiC_15deg,15.0,7.455,3285.143,0.1888468907,0.1856069734611448,0.18944008606666599,-0.0005931953666659939
SiC_15deg,15.0,7.455,3288.036,0.188999874,0.1857837848583917,0.18963122263937351,-0.0006313486393735024
SiC_15deg,15.0,7.455,3290.928,0.1891746281,0.18596443163881274,0.18982650533617904,-0.0006518772361790437
SiC_15deg,15.0,7.455,3293.821,0.1894158306,0.1861481888755967,0.19002515049704527,-0.0006093198970452685
SiC_15deg,15.0,7.455,3296.714,0.1898591935,0.18633413342708074,0.1902261601878101,-0.00036696668781011077
SiC_15deg,15.0,7.455,3299.607,0.18983876030000002,0.18652139709563625,0.19042859586988528,-0.0005898355698852609
SiC_15deg,15.0,7.455,3302.499,0.19032638200000002,0.18670904423341497,0.19063144608967805,-0.00030506408967803655
SiC_15deg,15.0,7.455,3305.392,0.19049009420000002,0.18689633576856518,0.19083391189608617,-0.0003438176960861572
SiC_15deg,15.0,7.455,3308.285,0.19042955030000003,0.18708234368133145,0.19103499008163424,-0.000605439781634215
SiC_15deg,15.0,7.455,3311.177,0.19064125910000002,0.1872661518203293,0.19123369026878756,-0.0005924311687875439
SiC_15deg,15.0,7.455,3314.07,0.1910105136,0.18744704866713086,0.19142924329223304,-0.00041872969223305523
SiC_15deg,15.0,7.455,3316.963,0.1912496561,0.18762414953839401,0.1916206927920042,-0.0003710366920041952
SiC_15deg,15.0,7.455,3319.855,0.1914708078,0.18779659701233709,0.19180711187841365,-0.0003363040784136462
SiC_15deg,15.0,7.455,3322.748,0.1916469666,0.18796373764329413,0.1919877941639379,-0.00034082756393791214
SiC_15deg,15.0,7.455,3325.641,0.1921644061,0.18812476735539319,0.19216187042685953,2.5356731404579946e-06
SiC_15deg,15.0,7.455,3328.534,0.1920587076,0.18827897526741916,0.19232857219070493,-0.00026986459070493796
SiC_15deg,15.0,7.455,3331.426,0.1923062005,0.18842563710238214,0.19248711649790634,-0.0001809159979063446
SiC_15deg,15.0,7.455,3334.319,0.1926717342,0.18856421850246052,0.19263692569722513,3.480850277487457e-05
SiC_15deg,15.0,7.455,3337.212,0.19262571560000002,0.18869407324332707,0.19277730120754585,-0.00015158560754582884
SiC_15deg,15.0,7.455,3340.104,0.1928760725,0.1888146115330943,0.19290760545232238,-3.15329523223884e-05
SiC_15deg,15.0,7.455,3342.997,0.19318620030000003,0.18892541388048262,0.19302738495329072,0.00015881534670930675
SiC_15deg,15.0,7.455,3345.89,0.1934003102,0.189025982905715,0.19313610203320053,0.0002642081667994789
SiC_15deg,15.0,7.455,3348.782,0.1934891326,0.18911588618667352,0.19323328923529914,0.00025584336470085844
SiC_15deg,15.0,7.455,3351.675,0.1935489278,0.18919483529239084,0.1933186347600792,0.00023029303992078143
SiC_15deg,15.0,7.455,3354.568,0.1935752142,0.18926250049819365,0.1933917821687309,0.00018343203126910956
SiC_15deg,15.0,7.455,3357.461,0.1936882237,0.1893186401287797,0.19345247020553374,0.00023575349446625093
SiC_15deg,15.0,7.455,3360.353,0.1935806702,0.1893630552028322,0.19350048376779916,8.018643220084054e-05
SiC_15deg,15.0,7.455,3363.246,0.19367157259999998,0.18939564746135606,0.19353571663563487,0.00013585596436510583
SiC_15deg,15.0,7.455,3366.139,0.1939866674,0.18941632754436466,0.1935580722091506,0.0004285951908493957
SiC_15deg,15.0,7.455,3369.031,0.19392578319999998,0.18942507969911054,0.19356753345931876,0.00035824974068121573
SiC_15deg,15.0,7.455,3371.924,0.1945202061,0.18942195222882963,0.1935641526028805,0.0009560534971194967
SiC_15deg,15.0,7.455,3374.817,0.1942223509,0.1894070389721773,0.19354803108125454,0.0006743198187454669
SiC_15deg,15.0,7.455,3377.709,0.1942584699,0.18938050605007994,0.19351934847440583,0.0007391214255941803
SiC_15deg,15.0,7.455,3380.602,0.1941493547,0.1893425451445503,0.19347831199433277,0.0006710427056672297
SiC_15deg,15.0,7.455,3383.495,0.1941991679,0.18929342751717088,0.19342521488010253,0.0007739530198974665
SiC_15deg,15.0,7.455,3386.387,0.19400630970000002,0.189233492435342,0.1933604238863991,0.0006458858136009216
SiC_15deg,15.0,7.455,3389.28,0.1940895363,0.189163066052633,0.19328429159159918,0.0008052447084008207
SiC_15deg,15.0,7.455,3392.173,0.1940006165,0.18908258409957623,0.19319728902891597,0.0008033274710840255
SiC_15deg,15.0,7.455,3395.066,0.19410268760000002,0.18899251052704963,0.1930999177383073,0.0010027698616927316
SiC_15deg,15.0,7.455,3397.958,0.1940572786,0.1888933898754553,0.19299276637858004,0.0010645122214199554
SiC_15deg,15.0,7.455,3400.851,0.193876475,0.18878570451004661,0.19287635639599146,0.001000118604008532
SiC_15deg,15.0,7.455,3403.744,0.1937383134,0.18867007786981,0.19275136174025864,0.0009869516597413586
SiC_15deg,15.0,7.455,3406.636,0.1935831662,0.1885471811168675,0.19261850795074015,0.0009646582492598421
SiC_15deg,15.0,7.455,3409.529,0.1933949077,0.18841759027908034,0.192478417724801,0.0009164899751989974
SiC_15deg,15.0,7.455,3412.422,0.1933906467,0.18828203837029098,0.19233188346471716,0.0010587632352828391
SiC_15deg,15.0,7.455,3415.314,0.1933600131,0.18814129382433764,0.19217973586247164,0.0011802772375283654
SiC_15deg,15.0,7.455,3418.207,0.1932604584,0.1879960017640646,0.19202267230845524,0.0012377860915447625
SiC_15deg,15.0,7.455,3421.1,0.1930114785,0.18784697280017773,0.19186156908866836,0.00114990941133164
SiC_15deg,15.0,7.455,3423.993,0.1927812862,0.18769498619326158,0.19169726859901817,0.0010840176009818403
SiC_15deg,15.0,7.455,3426.885,0.19290671,0.18754088745160924,0.19153068485047825,0.001376025149521759
SiC_15deg,15.0,7.455,3429.778,0.1926500613,0.18738537055892474,0.19136256805298282,0.0012874932470171851
SiC_15deg,15.0,7.455,3432.671,0.1924109569,0.187229294210829,0.19119384647326437,0.0012171104267356403
SiC_15deg,15.0,7.455,3435.563,0.1922388737,0.18707351891634594,0.19102545033837934,0.001213423361620669
SiC_15deg,15.0,7.455,3438.456,0.1921185973,0.1869187406094822,0.1908581319665772,0.0012604653334228055
SiC_15deg,15.0,7.455,3441.349,0.1923412582,0.18676581033202974,0.1906928113506519,0.0016484468493481175
SiC_15deg,15.0,7.455,3444.241,0.1922420462,0.1866155658801632,0.1905303941646263,0.0017116520353736842
SiC_15deg,15.0,7.455,3447.134,0.19189832880000002,0.18646867497468914,0.19037160222772978,0.0015267265722702372
SiC_15deg,15.0,7.455,3450.027,0.1915995608,0.18632594359296226,0.1902173068172196,0.0013822539827804126
SiC_15deg,15.0,7.455,3452.92,0.19135033629999998,0.18618810324276192,0.19006829870728817,0.00128203759271181
SiC_15deg,15.0,7.455,3455.812,0.191037805,0.18605590449169415,0.18992538927617256,0.001112415723827448
SiC_15deg,15.0,7.455,3458.705,0.1908179272,0.18592993255883322,0.18978921115711864,0.0010287160428813502
SiC_15deg,15.0,7.455,3461.598,0.1909614469,0.18581087861721554,0.18966051152167404,0.001300935378325957
SiC_15deg,15.0,7.455,3464.49,0.1909333607,0.1856993887558443,0.18953998880466627,0.0013933718953337282
SiC_15deg,15.0,7.455,3467.383,0.1907464308,0.18559595609160395,0.18942817607507564,0.0013182547249243615
SiC_15deg,15.0,7.455,3470.276,0.19059999479999998,0.18550114958667155,0.18932568839212466,0.0012743064078753197
SiC_15deg,15.0,7.455,3473.168,0.1904241469,0.18541548242335903,0.18923308051591256,0.001191066384087447
SiC_15deg,15.0,7.455,3476.061,0.1905353074,0.18533933418647558,0.1891507627850295,0.0013845446149704788
SiC_15deg,15.0,7.455,3478.954,0.19041816860000002,0.18527312671202517,0.1890791912124323,0.0013389773875677191
SiC_15deg,15.0,7.455,3481.847,0.1901502693,0.18521720039937511,0.18901873377648334,0.0011315355235166635
SiC_15deg,15.0,7.455,3484.739,0.1902255904,0.18517185765635236,0.18896971738594814,0.0012558730140518615
SiC_15deg,15.0,7.455,3487.632,0.1899931187,0.18513730250479088,0.1889323625924128,0.0010607561075871852
SiC_15deg,15.0,7.455,3490.525,0.1898060479,0.18511373371956769,0.18890688427540053,0.0008991636245994639
SiC_15deg,15.0,7.455,3493.417,0.18991853920000001,0.18510127995600487,0.1888934215138265,0.0010251176861735267
SiC_15deg,15.0,7.455,3496.31,0.1900458707,0.18510000340874508,0.18889204154131378,0.001153829158686226
SiC_15deg,15.0,7.455,3499.203,0.1900052002,0.18510992548831795,0.18890276750306298,0.0011024326969370224
SiC_15deg,15.0,7.455,3502.095,0.1903634969,0.18513099659958357,0.18892554578575946,0.0014379511142405543
SiC_15deg,15.0,7.455,3504.988,0.1902420652,0.18516313577245724,0.18896028885916072,0.0012817763408392857
SiC_15deg,15.0,7.455,3507.881,0.19004442000000002,0.18520618755997764,0.18900682868206642,0.0010375913179336005
SiC_15deg,15.0,7.455,3510.774,0.1899262577,0.18525994829493844,0.18906494508624988,0.0008613126137501093
SiC_15deg,15.0,7.455,3513.666,0.19002453379999998,0.18532413797750502,0.18913433538642282,0.0008901984135771535
SiC_15deg,15.0,7.455,3516.559,0.1900638424,0.18539849418274484,0.18921471589610928,0.0008491265038907125
SiC_15deg,15.0,7.455,3519.452,0.19059581139999998,0.18548264046603186,0.18930567967131828,0.0012901317286816982
SiC_15deg,15.0,7.455,3522.344,0.19064724170000003,0.1855761397254465,0.1894067541963403,0.0012404875036597374
SiC_15deg,15.0,7.455,3525.237,0.1908094209,0.1856786086138956,0.1895175250654826,0.001291895834517387
SiC_15deg,15.0,7.455,3528.13,0.19057520879999998,0.1857895257584173,0.18963742866439362,0.0009377801356063586
SiC_15deg,15.0,7.455,3531.022,0.1904907254,0.18590831826476828,0.1897658456832103,0.0007248797167896948
SiC_15deg,15.0,7.455,3533.915,0.1906552932,0.18603450089325166,0.189902251568346,0.000753041631653989
SiC_15deg,15.0,7.455,3536.808,0.19116426520000002,0.18616743230292476,0.1900459530177193,0.0011183121822807285
SiC_15deg,15.0,7.455,3539.701,0.1909383303,0.1863064799904986,0.19019626628292505,0.0007420640170749393
SiC_15deg,15.0,7.455,3542.593,0.1909977185,0.18645093302258553,0.19035242283109002,0.0006452956689099731
SiC_15deg,15.0,7.455,3545.486,0.1912716586,0.18660020716535125,0.1905137910940321,0.0007578675059679019
SiC_15deg,15.0,7.455,3548.379,0.1915019073,0.18675354833395202,0.19067955589131153,0.0008223514086884709
SiC_15deg,15.0,7.455,3551.271,0.19168069370000002,0.18691017969881607,0.19084887745499335,0.0008318162450066668
SiC_15deg,15.0,7.455,3554.164,0.19180619459999998,0.18706947412091612,0.19102107783554412,0.0007851167644558621
SiC_15deg,15.0,7.455,3557.057,0.1918818128,0.18723063248631286,0.19119529317519254,0.0006865196248074523
SiC_15deg,15.0,7.455,3559.949,0.1921231139,0.18739284698774392,0.19137065021851538,0.0007524636814846275
SiC_15deg,15.0,7.455,3562.842,0.19245343139999999,0.18755547599295053,0.19154645534851283,0.0009069760514871517
SiC_15deg,15.0,7.455,3565.735,0.19307601630000001,0.18771771079335262,0.1917218343354197,0.0013541819645803144
SiC_15deg,15.0,7.455,3568.628,0.1931721314,0.18787880353730238,0.19189597873700265,0.001276152662997354
SiC_15deg,15.0,7.455,3571.52,0.19305596649999998,0.18803796026334277,0.19206803026542438,0.0009879362345756038
SiC_15deg,15.0,7.455,3574.413,0.1932412295,0.18819456395300938,0.19223732191167742,0.0010039075883225834
SiC_15deg,15.0,7.455,3577.306,0.1931324073,0.18834784739829358,0.19240302430892456,0.0007293829910754446
SiC_15deg,15.0,7.455,3580.198,0.1933223178,0.18849706680243664,0.19256433339834675,0.0007579844016532555
SiC_15deg,15.0,7.455,3583.091,0.1934845242,0.18864165464571123,0.19272063568003783,0.0007638885199621748
SiC_15deg,15.0,7.455,3585.984,0.1937894443,0.1887809128561922,0.1928711765246167,0.0009182677753833135
SiC_15deg,15.0,7.455,3588.876,0.1937260417,0.1889141788395795,0.19301523965470768,0.0007108020452923081
SiC_15deg,15.0,7.455,3591.769,0.1942793953,0.18904095825206937,0.19315229067500672,0.0011271046249932692
SiC_15deg,15.0,7.455,3594.662,0.1944729418,0.18916065085475903,0.1932816807155401,0.0011912610844598825
SiC_15deg,15.0,7.455,3597.555,0.1944285426,0.18927273960723517,0.19340285084552578,0.0010256917544742283
SiC_15deg,15.0,7.455,3600.447,0.194593487,0.1893767113079621,0.1935152462840832,0.0010782407159168061
SiC_15deg,15.0,7.455,3603.34,0.1947580456,0.18947219971686435,0.19361847111853991,0.0011395744814600983
SiC_15deg,15.0,7.455,3606.233,0.1947493828,0.18955877151423414,0.19371205692183113,0.0010373258781688766
SiC_15deg,15.0,7.455,3609.125,0.1953482352,0.18963604969364917,0.19379559614265318,0.0015526390573468163
SiC_15deg,15.0,7.455,3612.018,0.1960086226,0.18970378135424804,0.19386881539023698,0.002139807209763006
SiC_15deg,15.0,7.455,3614.911,0.1957662617,0.18976167847580297,0.19393140330909261,0.0018348583909073846
SiC_15deg,15.0,7.455,3617.803,0.19534621900000002,0.18980951440048932,0.19398311487768613,0.0013631041223138851
SiC_15deg,15.0,7.455,3620.696,0.1949161337,0.18984715899903953,0.19402380942373845,0.0008923242762615413
SiC_15deg,15.0,7.455,3623.589,0.1949795493,0.18987447993624695,0.19405334389030732,0.000926205409692682
SiC_15deg,15.0,7.455,3626.482,0.1948808507,0.18989141275263072,0.19407164859543533,0.0008092021045646713
SiC_15deg,15.0,7.455,3629.374,0.194530447,0.1898979422562782,0.19407870711636835,0.00045173988363164663
SiC_15deg,15.0,7.455,3632.267,0.19503437859999997,0.18989410786063327,0.1940745620598087,0.0009598165401912828
SiC_15deg,15.0,7.455,3635.16,0.19538480539999997,0.18987998974688802,0.19405930010319064,0.0013255052968093317
SiC_15deg,15.0,7.455,3638.052,0.19539045640000002,0.18985573107920353,0.19403307600976757,0.0013573803902324488
SiC_15deg,15.0,7.455,3640.945,0.1958946898,0.18982149611417312,0.19399606734412406,0.0018986224558759368
SiC_15deg,15.0,7.455,3643.838,0.19647741289999998,0.18977751965482095,0.19394852793291378,0.002528884967086198
SiC_15deg,15.0,7.455,3646.73,0.19738164139999997,0.18972409583650246,0.193890775742199,0.0034908656578009623
SiC_15deg,15.0,7.455,3649.623,0.1960496222,0.18966150618782623,0.19382311510990258,0.002226507090097418
SiC_15deg,15.0,7.455,3652.516,0.1957250961,0.18959012904333492,0.1937459550230521,0.0019791410769478823
SiC_15deg,15.0,7.455,3655.409,0.195793611,0.18951036702032467,0.19365973071880602,0.0021338802811939894
SiC_15deg,15.0,7.455,3658.301,0.19549620180000002,0.1894226935341493,0.19356495396840523,0.00193124783159479
SiC_15deg,15.0,7.455,3661.194,0.1952917105,0.18932752660105856,0.19346207665557766,0.0018296338444223348
SiC_15deg,15.0,7.455,3664.087,0.19517515259999998,0.18922540865963877,0.1933516851670263,0.00182346743297368
SiC_15deg,15.0,7.455,3666.979,0.1950179943,0.1891169239386744,0.19323441106547445,0.0017835832345255431
SiC_15deg,15.0,7.455,3669.872,0.19532733400000002,0.18900257249169186,0.19311079491854774,0.002216539081452279
SiC_15deg,15.0,7.455,3672.765,0.1958427512,0.18888299279560106,0.1929815269322522,0.0028612242677477917
SiC_15deg,15.0,7.455,3675.657,0.19550553959999997,0.18875885443817772,0.1928473309440473,0.0026582086559526763
SiC_15deg,15.0,7.455,3678.55,0.1948730569,0.18863071820990873,0.1927088131793989,0.0021642437206011167
SiC_15deg,15.0,7.455,3681.443,0.19473251319999998,0.18849929087336614,0.19256673766244706,0.0021657755375529275
SiC_15deg,15.0,7.455,3684.336,0.1942722332,0.18836525159620626,0.19242183858668918,0.001850394613310824
SiC_15deg,15.0,7.455,3687.228,0.19424293469999998,0.1882293380897047,0.19227491343241818,0.0019680212675818043
SiC_15deg,15.0,7.455,3690.121,0.1941824479,0.1880921545839291,0.19212661538413492,0.0020558325158650803
SiC_15deg,15.0,7.455,3693.014,0.1939047469,0.18795445079289327,0.19197775489732666,0.00192699200267335
SiC_15deg,15.0,7.455,3695.906,0.1937443098,0.187816978333264,0.19182914448428567,0.0019151653157143123
SiC_15deg,15.0,7.455,3698.799,0.1933776009,0.1876803438981545,0.1916814399921132,0.0016961609078867956
SiC_15deg,15.0,7.455,3701.692,0.1931143609,0.187545291427833,0.1915354456347648,0.001578915265235209
SiC_15deg,15.0,7.455,3704.584,0.1929742439,0.18741255366482273,0.19139195352121502,0.0015822903787849896
SiC_15deg,15.0,7.455,3707.477,0.19332808,0.18728271357360365,0.19125159384744922,0.002076486152550794
SiC_15deg,15.0,7.455,3710.37,0.1935527291,0.18715647679384173,0.19111512942372413,0.0024375996762758534
SiC_15deg,15.0,7.455,3713.263,0.1927669514,0.18703448377414206,0.19098325258748672,0.001783698812513279
SiC_15deg,15.0,7.455,3716.155,0.19275095239999998,0.18691739255684384,0.1908566746953541,0.0018942777046458692
SiC_15deg,15.0,7.455,3719.048,0.1925352612,0.18680571546195168,0.19073594957525444,0.0017993116247455587
SiC_15deg,15.0,7.455,3721.941,0.19256170260000002,0.18670005942900947,0.1906217333406853,0.0019399692593147222
SiC_15deg,15.0,7.455,3724.833,0.19205170379999997,0.18660099244641765,0.19051463999819768,0.0015370638018022964
SiC_15deg,15.0,7.455,3727.726,0.1918154697,0.18650894753411712,0.1904151376508025,0.0014003320491974836
SiC_15deg,15.0,7.455,3730.619,0.1924773212,0.18642442610062043,0.19032376833089196,0.0021535528691080386
SiC_15deg,15.0,7.455,3733.511,0.1936180488,0.186347881235566,0.19024102183721184,0.00337702696278816
SiC_15deg,15.0,7.455,3736.404,0.1934948757,0.18627964792855417,0.19016726030006087,0.0033276153999391433
SiC_15deg,15.0,7.455,3739.297,0.1931453638,0.18622010021733215,0.19010288806154696,0.0030424757384530376
SiC_15deg,15.0,7.455,3742.19,0.1920931716,0.1861695407561184,0.19004823229678966,0.0020449393032103413
SiC_15deg,15.0,7.455,3745.082,0.1922646305,0.18612823991559968,0.1900035852817804,0.0022610452182195984
SiC_15deg,15.0,7.455,3747.975,0.1928153466,0.1860963806612909,0.18996914480581326,0.002846201794186737
SiC_15deg,15.0,7.455,3750.868,0.1922418799,0.1860741433953234,0.18994510588711463,0.002296774012885361
SiC_15deg,15.0,7.455,3753.76,0.1927874043,0.18606164745652515,0.1899315975332876,0.0028558067667124043
SiC_15deg,15.0,7.455,3756.653,0.1930602732,0.18605895263709554,0.1899286843808672,0.00313158881913278
SiC_15deg,15.0,7.455,3759.546,0.19242230700000001,0.18606608492565108,0.18993639452405534,0.0024859124759446793
SiC_15deg,15.0,7.455,3762.438,0.1924116343,0.18608300831216595,0.189954689035311,0.002456945264689009
SiC_15deg,15.0,7.455,3765.331,0.19270773049999998,0.18610965788649617,0.18998349774550108,0.002724232754498901
SiC_15deg,15.0,7.455,3768.224,0.1926003382,0.1861459052132498,0.19002268181345924,0.0025776563865407554
SiC_15deg,15.0,7.455,3771.117,0.1917812854,0.18619157913953938,0.1900720562195723,0.001709229180427707
SiC_15deg,15.0,7.455,3774.009,0.19191382650000002,0.1862464421052079,0.19013136415667214,0.0017824623433278786
SiC_15deg,15.0,7.455,3776.902,0.19214616199999998,0.18631027046941107,0.1902003638646394,0.0019457981353605824
SiC_15deg,15.0,7.455,3779.795,0.192503129,0.18638274200948718,0.19027870701448535,0.0022244219855146463
SiC_15deg,15.0,7.455,3782.688,0.1925981843,0.18646351038753195,0.1903660192081731,0.0022321650918269154
SiC_15deg,15.0,7.455,3785.58,0.1925724593,0.18655215766148783,0.19046184864217802,0.0021106106578219763
SiC_15deg,15.0,7.455,3788.473,0.19245253399999998,0.18664832173079632,0.19056580387872632,0.001886730121273661
SiC_15deg,15.0,7.455,3791.365,0.1923890465,0.18675147762028713,0.1906773174094086,0.0017117290905913907
SiC_15deg,15.0,7.455,3794.258,0.1930133297,0.1868612050755829,0.1907959349310374,0.002217394768962627
SiC_15deg,15.0,7.455,3797.151,0.1933532733,0.18697694754971778,0.19092105480547591,0.0024322184945240743
SiC_15deg,15.0,7.455,3800.044,0.1930425409,0.18709815534723573,0.19105208280120323,0.001990458098796777
SiC_15deg,15.0,7.455,3802.936,0.19331399130000002,0.1872242096056222,0.1911883499157577,0.002125641384242316
SiC_15deg,15.0,7.455,3805.829,0.19335726749999999,0.18735460130843135,0.1913293058924227,0.002027961607577289
SiC_15deg,15.0,7.455,3808.722,0.1934520752,0.18748867247737633,0.19147423944382297,0.001977835756177021
SiC_15deg,15.0,7.455,3811.615,0.19355198810000002,0.18762579216609107,0.1916224685046174,0.0019295195953826227
SiC_15deg,15.0,7.455,3814.507,0.1939351998,0.18776526827321596,0.1917732448997228,0.0021619549002772076
SiC_15deg,15.0,7.455,3817.4,0.1948580588,0.18790654452499905,0.191925967286352,0.002932091513648011
SiC_15deg,15.0,7.455,3820.292,0.1943872988,0.18804886466586124,0.19207981813745784,0.0023074806625421607
SiC_15deg,15.0,7.455,3823.185,0.1946719621,0.1881916652966145,0.19223418840751763,0.002437773692482381
SiC_15deg,15.0,7.455,3826.078,0.194687637,0.1883342356352023,0.19238830972725005,0.0022993272727499514
SiC_15deg,15.0,7.455,3828.971,0.1952341869,0.1884759174534326,0.19254147053912743,0.0026927163608725657
SiC_15deg,15.0,7.455,3831.863,0.19568856019999997,0.18861601107770193,0.19269291448232315,0.002995645717676826
SiC_15deg,15.0,7.455,3834.756,0.1959534018,0.18875397176737457,0.1928420526815738,0.0031113491184261988
SiC_15deg,15.0,7.455,3837.649,0.19642218849999998,0.1888891217721102,0.19298815247552828,0.003434036024471704
SiC_15deg,15.0,7.455,3840.542,0.19591708289999998,0.1890208478526113,0.19313055094053233,0.002786531959467653
SiC_15deg,15.0,7.455,3843.434,0.19545189659999998,0.18914851201815472,0.19326855839615725,0.0021833382038427274
SiC_15deg,15.0,7.455,3846.327,0.195820096,0.1892716294992503,0.19340165079711902,0.002418445202880981
SiC_15deg,15.0,7.455,3849.219,0.1958144785,0.1893895663951738,0.19352914288435763,0.00228533561564237
SiC_15deg,15.0,7.455,3852.112,0.19458732080000002,0.18950188175322003,0.19365055797938907,0.000936762820610948
SiC_15deg,15.0,7.455,3855.005,0.1955615329,0.1896080401129792,0.19376531723905538,0.0017962156609446223
SiC_15deg,15.0,7.455,3857.898,0.1966198408,0.18970757884301512,0.19387292054974106,0.0027469202502589385
SiC_15deg,15.0,7.455,3860.79,0.1969456409,0.1898000377985834,0.19397287048599296,0.0029727704140070366
SiC_15deg,15.0,7.455,3863.683,0.19696889250000002,0.1898850866794346,0.1940648099867923,0.0029040825132077286
SiC_15deg,15.0,7.455,3866.576,0.1971375863,0.1899623347263893,0.1941483166338364,0.002989269666163613
SiC_15deg,15.0,7.455,3869.469,0.1974900899,0.1900314627537421,0.19422304538114557,0.0032670445188544284
SiC_15deg,15.0,7.455,3872.361,0.19732009009999998,0.1900921717869083,0.1942886730313562,0.0030314170686437936
SiC_15deg,15.0,7.455,3875.254,0.19699980920000001,0.1901442653045181,0.19434498714103046,0.0026548220589695526
SiC_15deg,15.0,7.455,3878.146,0.1970615053,0.1901875107349375,0.1943917362956909,0.002669769004309097
SiC_15deg,15.0,7.455,3881.039,0.19690303069999998,0.19022178397724773,0.19442878633982127,0.0024742443601787067
SiC_15deg,15.0,7.455,3883.932,0.1966482746,0.19024695772839262,0.19445599965633226,0.002192274943667749
SiC_15deg,15.0,7.455,3886.825,0.19649826520000002,0.19026296480997948,0.19447330362406964,0.0020249615759303785
SiC_15deg,15.0,7.455,3889.717,0.19696334159999998,0.19026978109488138,0.19448067216113812,0.0024826694388618564
SiC_15deg,15.0,7.455,3892.61,0.1970397642,0.19026743173359026,0.1944781324557106,0.0025616317442893888
SiC_15deg,15.0,7.455,3895.503,0.1969632394,0.19025597681008855,0.1944657494597452,0.0024974899402547823
SiC_15deg,15.0,7.455,3898.396,0.19705845719999998,0.19023552353688533,0.1944436390720576,0.00261481812794237
SiC_15deg,15.0,7.455,3901.288,0.1974597253,0.19020623333891068,0.1944119757961491,0.003047749503850894
SiC_15deg,15.0,7.455,3904.181,0.19687623869999998,0.1901682774621195,0.1943709447522405,0.0025052939477594738
SiC_15deg,15.0,7.455,3907.073,0.19687305089999999,0.19012191430886313,0.19432082527831904,0.002552225621680948
SiC_15deg,15.0,7.455,3909.966,0.1968216618,0.1900673836793669,0.1942618766031104,0.002559785196889597
SiC_15deg,15.0,7.455,3912.859,0.1966510173,0.1900050103561043,0.19419444982280987,0.0024565674771901413
SiC_15deg,15.0,7.455,3915.752,0.19686673240000002,0.1899351412603793,0.19411891996612082,0.0027478124338791987
SiC_15deg,15.0,7.455,3918.644,0.1964490022,0.18985818613793184,0.19403572997618848,0.002413272223811519
SiC_15deg,15.0,7.455,3921.537,0.19634253480000002,0.18977450677282187,0.19394527094864555,0.0023972638513544697
SiC_15deg,15.0,7.455,3924.43,0.19653956520000002,0.1896845748510972,0.19384805278531947,0.002691512414680547
SiC_15deg,15.0,7.455,3927.323,0.19650064700000003,0.18958886566701635,0.19374458928858404,0.002756057711415988
SiC_15deg,15.0,7.455,3930.215,0.19622608679999998,0.18948791699475054,0.1936354618028184,0.002590624997181573
SiC_15deg,15.0,7.455,3933.108,0.19570956750000001,0.18938218519004008,0.1935211636574883,0.0021884038425117047
SiC_15deg,15.0,7.455,3936.0,0.195524884,0.1892722910319839,0.19340236592692062,0.0021225180730793936
SiC_15deg,15.0,7.455,3938.893,0.1957375636,0.18915872559556068,0.19327959947275558,0.0024579641272444164
SiC_15deg,15.0,7.455,3941.786,0.19597363510000002,0.18904210984142975,0.19315353556559034,0.0028200995344096758
SiC_15deg,15.0,7.455,3944.679,0.1956226148,0.18892304104091784,0.19302481986739095,0.00259779493260906
SiC_15deg,15.0,7.455,3947.571,0.19526387499999998,0.18880216925231758,0.1928941551038643,0.002369719896135686
SiC_15deg,15.0,7.455,3950.464,0.19520380759999997,0.18868002653882548,0.19276211644571448,0.002441691154285497
SiC_15deg,15.0,7.455,3953.357,0.195318711,0.18855727509284992,0.19262941973586437,0.0026892912641356403
SiC_15deg,15.0,7.455,3956.25,0.1949605147,0.1884345374524546,0.19249673795011607,0.0024637767498839336
SiC_15deg,15.0,7.455,3959.142,0.1946382005,0.1883124770320585,0.1923647882524098,0.0022734122475902008
SiC_15deg,15.0,7.455,3962.035,0.19462857670000003,0.18819162647895366,0.19223414644486833,0.0023944302551316965
SiC_15deg,15.0,7.455,3964.927,0.1943565719,0.18807267898278998,0.19210556187903788,0.0022510100209621187
SiC_15deg,15.0,7.455,3967.82,0.1938473255,0.18795615211790717,0.19197959406288545,0.0018677314371145504
SiC_15deg,15.0,7.455,3970.713,0.1938791634,0.18784267437645552,0.19185692240869692,0.002022240991303076
SiC_15deg,15.0,7.455,3973.606,0.19409523620000002,0.18773281691232857,0.19173816434498317,0.0023570718550168512
SiC_15deg,15.0,7.455,3976.498,0.19402780079999998,0.1876271680031002,0.1916239558112878,0.0024038449887121838
SiC_15deg,15.0,7.455,3979.391,0.1936236744,0.1875261856581469,0.19151479192468954,0.002108882475310464
SiC_15deg,15.0,7.455,3982.284,0.1935271244,0.1874304145038986,0.19141126143699308,0.0021158629630069203
SiC_15deg,15.0,7.455,3985.177,0.1933950156,0.1873403355342802,0.19131388431202276,0.0020811312879772392
SiC_15deg,15.0,7.455,3988.069,0.1934229204,0.18725642896466976,0.1912231796719786,0.0021997407280213988
SiC_15deg,15.0,7.455,3990.962,0.1934621185,0.18717905809661517,0.1911395402529274,0.002322578247072604
SiC_15deg,15.0,7.455,3993.854,0.19347640810000002,0.18710866467942294,0.19106344359449476,0.002412964505505266
SiC_15deg,15.0,7.455,3996.747,0.1930208466,0.18704555371545883,0.19099521941019332,0.0020256271898066724
SiC_15deg,15.0,7.455,3999.64,0.19290032149999997,0.18699006809544405,0.1909352383715877,0.0019650831284122594
