band_name,lower_cm,upper_cm,n_points,includes_reststrahlen,angle_deg,thickness_um,rmse,affine_scale,affine_offset,dataset
full_measured,400.0,4000.0,1067,True,10.0,3.0,0.023115865227919072,0.9568968999987205,0.0021059309695525483,SiC_10deg
full_measured,400.0,4000.0,1067,True,10.0,3.02,0.023026601300189787,0.9569513565093651,0.0021465132420042375,SiC_10deg
full_measured,400.0,4000.0,1067,True,10.0,3.04,0.022935968854828806,0.9570081383703344,0.0021854778036833797,SiC_10deg
full_measured,400.0,4000.0,1067,True,10.0,3.06,0.022843886794887473,0.9570675024037828,0.0022219234192182094,SiC_10deg
full_measured,400.0,4000.0,1067,True,10.0,3.08,0.022750294049235873,0.95712961372423,0.002255054143465652,SiC_10deg
full_measured,400.0,4000.0,1067,True,10.0,3.1,0.02265515262634558,0.9571944798268232,0.0022842372634530894,SiC_10deg
full_measured,400.0,4000.0,1067,True,10.0,3.12,0.02255844606899012,0.957261901386024,0.0023090485881963854,SiC_10deg
full_measured,400.0,4000.0,1067,True,10.0,3.14,0.0224601750768664,0.9573314482325964,0.002329301593045026,SiC_10deg
full_measured,400.0,4000.0,1067,True,10.0,3.16,0.02236035274377676,0.9574024640643938,0.002345058649908902,SiC_10deg
full_measured,400.0,4000.0,1067,True,10.0,3.18,0.022259001775940198,0.957474098249672,0.0023566243316353436,SiC_10deg
full_measured,400.0,4000.0,1067,True,10.0,3.2,0.022156155271901817,0.9575453588293426,0.002364522299114025,SiC_10deg
full_measured,400.0,4000.0,1067,True,10.0,3.22,0.022051861363913572,0.9576151783939238,0.0023694583795381492,SiC_10deg
full_measured,400.0,4000.0,1067,True,10.0,3.24,0.021946190587560775,0.9576824842158344,0.0023722730603303126,SiC_10deg
full_measured,400.0,4000.0,1067,True,10.0,3.26,0.02183924367543606,0.9577462655704367,0.0023738868133216457,SiC_10deg
full_measured,400.0,4000.0,1067,True,10.0,3.2800000000000002,0.021731156938541035,0.9578056338255171,0.002375241571263082,SiC_10deg
full_measured,400.0,4000.0,1067,True,10.0,3.3,0.021622102707665625,0.9578598736560653,0.0023772414739341107,SiC_10deg
full_measured,400.0,4000.0,1067,True,10.0,3.32,0.02151228338927847,0.9579084857718724,0.002380695820985622,SiC_10deg
full_measured,400.0,4000.0,1067,True,10.0,3.34,0.02140191922396456,0.957951222278367,0.00238626707661665,SiC_10deg
full_measured,400.0,4000.0,1067,True,10.0,3.36,0.021291231368795533,0.9579881151284056,0.00239442674709792,SiC_10deg
full_measured,400.0,4000.0,1067,True,10.0,3.38,0.0211804230544022,0.9580194964179021,0.0024054219093503845,SiC_10deg
full_measured,400.0,4000.0,1067,True,10.0,3.4,0.021069662070031466,0.9580460072207005,0.002419254986718835,SiC_10deg
full_measured,400.0,4000.0,1067,True,10.0,3.42,0.020959067692567755,0.9580685900786908,0.0024356789294620457,SiC_10deg
full_measured,400.0,4000.0,1067,True,10.0,3.44,0.02084870452578398,0.9580884599004471,0.002454209183125474,SiC_10deg
full_measured,400.0,4000.0,1067,True,10.0,3.46,0.020738584714853806,0.9581070493057738,0.002474152704941785,SiC_10deg
full_measured,400.0,4000.0,1067,True,10.0,3.48,0.02062867877209294,0.9581259273631434,0.002494652887022742,SiC_10deg
full_measured,400.0,4000.0,1067,True,10.0,3.5,0.02051893388408999,0.9581466947116446,0.002514747718681314,SiC_10deg
full_measured,400.0,4000.0,1067,True,10.0,3.52,0.020409297188984085,0.9581708623954722,0.0025334370839417723,SiC_10deg
full_measured,400.0,4000.0,1067,True,10.0,3.54,0.02029974032737726,0.9581997253940826,0.0025497539801636448,SiC_10deg
full_measured,400.0,4000.0,1067,True,10.0,3.56,0.02019028088046565,0.9582342439600013,0.002562833863798942,SiC_10deg
full_measured,400.0,4000.0,1067,True,10.0,3.58,0.020080996414569882,0.958274945979057,0.002571976401608448,SiC_10deg
full_measured,400.0,4000.0,1067,True,10.0,3.6,0.01997202791919215,0.9583218616004723,0.002576694637732021,SiC_10deg
full_measured,400.0,4000.0,1067,True,10.0,3.62,0.019863571376215184,0.9583744977413069,0.0025767478683161246,SiC_10deg
full_measured,400.0,4000.0,1067,True,10.0,3.64,0.019755858671308087,0.9584318554548739,0.002572156143145459,SiC_10deg
full_measured,400.0,4000.0,1067,True,10.0,3.66,0.019649131483687955,0.958492488391366,0.0025631960397602656,SiC_10deg
full_measured,400.0,4000.0,1067,True,10.0,3.68,0.01954361353237134,0.9585545964275619,0.0025503789401595403,SiC_10deg
full_measured,400.0,4000.0,1067,True,10.0,3.7,0.019439487100052426,0.9586161455445064,0.002534414298670114,SiC_10deg
full_measured,400.0,4000.0,1067,True,10.0,3.7199999999999998,0.019336878865586042,0.9586750034425455,0.0025161612220248194,SiC_10deg
full_measured,400.0,4000.0,1067,True,10.0,3.74,0.019235857895603843,0.9587290801634409,0.00249657208222979,SiC_10deg
full_measured,400.0,4000.0,1067,True,10.0,3.76,0.01913644568798857,0.9587764638636062,0.0024766319227036266,SiC_10deg
full_measured,400.0,4000.0,1067,True,10.0,3.7800000000000002,0.019038635187050974,0.9588155434355075,0.0024572972212870076,SiC_10deg
full_measured,400.0,4000.0,1067,True,10.0,3.8,0.018942413503039872,0.958845111470301,0.0024394372718309896,SiC_10deg
full_measured,400.0,4000.0,1067,True,10.0,3.8200000000000003,0.01884778226648963,0.9588644427500378,0.0024237811396226115,SiC_10deg
full_measured,400.0,4000.0,1067,True,10.0,3.84,0.018754770342527927,0.9588733448748765,0.002410872876370215,SiC_10deg
full_measured,400.0,4000.0,1067,True,10.0,3.86,0.01866343578156679,0.958872178774298,0.002401037424329005,SiC_10deg
full_measured,400.0,4000.0,1067,True,10.0,3.88,0.018573856780247377,0.9588618478644071,0.0023943593249176357,SiC_10deg
full_measured,400.0,4000.0,1067,True,10.0,3.9,0.01848611428125258,0.9588437556956203,0.0023906758881214454,SiC_10deg
full_measured,400.0,4000.0,1067,True,10.0,3.92,0.01840027091618102,0.9588197332569937,0.002389585809056956,SiC_10deg
full_measured,400.0,4000.0,1067,True,10.0,3.94,0.01831635180192051,0.9587919387431934,0.00239047331930758,SiC_10deg
full_measured,400.0,4000.0,1067,True,10.0,3.96,0.018234332101123928,0.9587627345026379,0.0023925468756695557,SiC_10deg
full_measured,400.0,4000.0,1067,True,10.0,3.98,0.018154134473586322,0.9587345479010666,0.002394890217775589,SiC_10deg
full_measured,400.0,4000.0,1067,True,10.0,4.0,0.018075637075934296,0.9587097246829082,0.0023965225099399144,SiC_10deg
full_measured,400.0,4000.0,1067,True,10.0,4.02,0.01799869024668025,0.9586903847659801,0.0023964633785672966,SiC_10deg
full_measured,400.0,4000.0,1067,True,10.0,4.04,0.017923138053213564,0.9586782909448103,0.0023937981074952167,SiC_10deg
full_measured,400.0,4000.0,1067,True,10.0,4.0600000000000005,0.017848839921039528,0.9586747404726187,0.0023877381587665484,SiC_10deg
full_measured,400.0,4000.0,1067,True,10.0,4.08,0.017775687796437185,0.9586804878677228,0.002377672578381412,SiC_10deg
full_measured,400.0,4000.0,1067,True,10.0,4.1,0.017703615604174612,0.9586957046716551,0.00236320668226905,SiC_10deg
full_measured,400.0,4000.0,1067,True,10.0,4.12,0.017632599793209535,0.9587199785898528,0.0023441855845816014,SiC_10deg
full_measured,400.0,4000.0,1067,True,10.0,4.140000000000001,0.01756265199937771,0.9587523509206158,0.0023207014686328037,SiC_10deg
full_measured,400.0,4000.0,1067,True,10.0,4.16,0.017493806746468717,0.9587913879133791,0.0022930848352845307,SiC_10deg
full_measured,400.0,4000.0,1067,True,10.0,4.18,0.01742610820222104,0.9588352791208836,0.0022618811372415457,SiC_10deg
full_measured,400.0,4000.0,1067,True,10.0,4.2,0.01735960004820874,0.9588819542062669,0.0022278151085628893,SiC_10deg
full_measured,400.0,4000.0,1067,True,10.0,4.22,0.017294321513629824,0.9589292091338851,0.002191745674610195,SiC_10deg
full_measured,400.0,4000.0,1067,True,10.0,4.24,0.017230310821869654,0.9589748331225204,0.002154614587473478,SiC_10deg
full_measured,400.0,4000.0,1067,True,10.0,4.26,0.01716761516384997,0.9590167289302617,0.0021173919339083024,SiC_10deg
full_measured,400.0,4000.0,1067,True,10.0,4.28,0.01710630439200874,0.9590530206390139,0.002081021494159921,SiC_10deg
full_measured,400.0,4000.0,1067,True,10.0,4.3,0.01704648442453115,0.9590821447633943,0.002046368681848039,SiC_10deg
full_measured,400.0,4000.0,1067,True,10.0,4.32,0.016988306183742658,0.959102921932543,0.002014173538129913,SiC_10deg
full_measured,400.0,4000.0,1067,True,10.0,4.34,0.01693196682052916,0.9591146074143222,0.00198501102013348,SiC_10deg
full_measured,400.0,4000.0,1067,True,10.0,4.36,0.016877701768430852,0.9591169193571019,0.001959260601579832,SiC_10deg
full_measured,400.0,4000.0,1067,True,10.0,4.38,0.016825768373512975,0.9591100439541691,0.001937086941929584,SiC_10deg
full_measured,400.0,4000.0,1067,True,10.0,4.4,0.01677642390589093,0.9590946170323414,0.0019184330100587839,SiC_10deg
full_measured,400.0,4000.0,1067,True,10.0,4.42,0.016729902169060513,0.9590716820954018,0.0019030265082566646,SiC_10deg
full_measured,400.0,4000.0,1067,True,10.0,4.4399999999999995,0.01668639335083033,0.959042625810616,0.0018903997049970992,SiC_10deg
full_measured,400.0,4000.0,1067,True,10.0,4.46,0.016646031120040528,0.9590090933659244,0.0018799218747030633,SiC_10deg
full_measured,400.0,4000.0,1067,True,10.0,4.48,0.016608889439154197,0.9589728879175323,0.0018708425394272379,SiC_10deg
full_measured,400.0,4000.0,1067,True,10.0,4.5,0.016574989512144415,0.9589358601971886,0.0018623427357066357,SiC_10deg
full_measured,400.0,4000.0,1067,True,10.0,4.52,0.016544315206252456,0.9588997958574172,0.0018535907359333074,SiC_10deg
full_measured,400.0,4000.0,1067,True,10.0,4.54,0.01651683365192542,0.9588663089038739,0.0018437981733622159,SiC_10deg
full_measured,400.0,4000.0,1067,True,10.0,4.5600000000000005,0.016492516891532732,0.9588367493134369,0.0018322724472532755,SiC_10deg
full_measured,400.0,4000.0,1067,True,10.0,4.58,0.016471360563790123,0.9588121315874988,0.001818461647098469,SiC_10deg
full_measured,400.0,4000.0,1067,True,10.0,4.6,0.016453396592859208,0.9587930887110232,0.001801988984292835,SiC_10deg
full_measured,400.0,4000.0,1067,True,10.0,4.62,0.01643869841174754,0.9587798531646472,0.0017826747413488713,SiC_10deg
full_measured,400.0,4000.0,1067,True,10.0,4.640000000000001,0.016427378980874964,0.9587722637798671,0.001760544887270833,SiC_10deg
full_measured,400.0,4000.0,1067,True,10.0,4.66,0.01641958334349474,0.9587697948437751,0.001735826601256641,SiC_10deg
full_measured,400.0,4000.0,1067,True,10.0,4.68,0.01641547835928657,0.9587716023300273,0.0017089318617431143,SiC_10deg
full_measured,400.0,4000.0,1067,True,10.0,4.7,0.016415242407521447,0.9587765816238469,0.001680430912681677,SiC_10deg
full_measured,400.0,4000.0,1067,True,10.0,4.72,0.016419057273173308,0.9587834315491508,0.0016510177944444751,SiC_10deg
full_measured,400.0,4000.0,1067,True,10.0,4.74,0.0164271033170968,0.9587907206220708,0.0016214702592886854,SiC_10deg
full_measured,400.0,4000.0,1067,True,10.0,4.76,0.016439557699175416,0.9587969528546211,0.0015926063547518161,SiC_10deg
full_measured,400.0,4000.0,1067,True,10.0,4.78,0.016456594232847857,0.9588006317064381,0.001565239840037171,SiC_10deg
full_measured,400.0,4000.0,1067,True,10.0,4.8,0.01647838272882627,0.9588003216040182,0.0015401364768419105,SiC_10deg
full_measured,400.0,4000.0,1067,True,10.0,4.82,0.016505085652799876,0.9587947066404767,0.0015179731533970272,SiC_10deg
full_measured,400.0,4000.0,1067,True,10.0,4.84,0.01653685062335464,0.9587826456458333,0.00149930176373955,SiC_10deg
full_measured,400.0,4000.0,1067,True,10.0,4.86,0.016573798560288056,0.9587632219670141,0.0014845197363882849,SiC_10deg
full_measured,400.0,4000.0,1067,True,10.0,4.88,0.016616008828551077,0.9587357853382078,0.0014738490189151684,SiC_10deg
full_measured,400.0,4000.0,1067,True,10.0,4.9,0.016663504072079536,0.9586999825268561,0.0014673250970961384,SiC_10deg
full_measured,400.0,4000.0,1067,True,10.0,4.92,0.01671623816976572,0.9586557733347395,0.0014647971935490734,SiC_10deg
full_measured,400.0,4000.0,1067,True,10.0,4.9399999999999995,0.016774090591019475,0.9586034292067843,0.0014659401254429603,SiC_10deg
full_measured,400.0,4000.0,1067,True,10.0,4.96,0.0168368693429746,0.9585435131425057,0.0014702774359930725,SiC_10deg
full_measured,400.0,4000.0,1067,True,10.0,4.98,0.016904322921749235,0.9584768415945165,0.0014772144423637595,SiC_10deg
full_measured,400.0,4000.0,1067,True,10.0,5.0,0.016976159658978578,0.9584044311881427,0.0014860789009145897,SiC_10deg
full_measured,400.0,4000.0,1067,True,10.0,5.02,0.01705207113057427,0.958327434949539,0.0014961662327484294,SiC_10deg
full_measured,400.0,4000.0,1067,True,10.0,5.04,0.017131755331424213,0.9582470738830162,0.0015067858105148192,SiC_10deg
full_measured,400.0,4000.0,1067,True,10.0,5.0600000000000005,0.017214935371696983,0.9581645699493606,0.0015173047597231244,SiC_10deg
full_measured,400.0,4000.0,1067,True,10.0,5.08,0.01730137049426068,0.9580810857510585,0.001527186079214893,SiC_10deg
full_measured,400.0,4000.0,1067,True,10.0,5.1,0.017390857965415396,0.957997674739723,0.0015360185669410112,SiC_10deg
full_measured,400.0,4000.0,1067,True,10.0,5.12,0.017483226400512305,0.9579152439011165,0.0015435369244623522,SiC_10deg
full_measured,400.0,4000.0,1067,True,10.0,5.140000000000001,0.01757832286068249,0.9578345290752224,0.00154963135835808,SiC_10deg
full_measured,400.0,4000.0,1067,True,10.0,5.16,0.01767599719437792,0.9577560817044504,0.0015543468613201765,SiC_10deg
full_measured,400.0,4000.0,1067,True,10.0,5.18,0.017776087376409382,0.9576802650930261,0.001557873041330864,SiC_10deg
full_measured,400.0,4000.0,1067,True,10.0,5.2,0.017878409014400264,0.9576072582331615,0.0015605258292207297,SiC_10deg
full_measured,400.0,4000.0,1067,True,10.0,5.220000000000001,0.01798275094295629,0.9575370657569653,0.0015627226424358499,SiC_10deg
full_measured,400.0,4000.0,1067,True,10.0,5.24,0.018088877238694703,0.9574695333326099,0.0015649526666136246,SiC_10deg
full_measured,400.0,4000.0,1067,True,10.0,5.26,0.018196534442230027,0.9574043685234301,0.0015677439078532066,SiC_10deg
full_measured,400.0,4000.0,1067,True,10.0,5.28,0.018305461606581124,0.9573411674955865,0.0015716286370614275,SiC_10deg
full_measured,400.0,4000.0,1067,True,10.0,5.300000000000001,0.01841540024074862,0.9572794478273721,0.0015771088427644511,SiC_10deg
full_measured,400.0,4000.0,1067,True,10.0,5.32,0.01852610137370196,0.9572186870189592,0.0015846233473374328,SiC_10deg
full_measured,400.0,4000.0,1067,True,10.0,5.34,0.018637327765513974,0.9571583652507791,0.0015945183051129144,SiC_10deg
full_measured,400.0,4000.0,1067,True,10.0,5.359999999999999,0.018748850541473717,0.9570980097371168,0.001607022840199534,SiC_10deg
full_measured,400.0,4000.0,1067,True,10.0,5.38,0.01886044093055485,0.9570372369805595,0.0016222315301771693,SiC_10deg
full_measured,400.0,4000.0,1067,True,10.0,5.4,0.01897185902642352,0.9569757886610253,0.001640095232493268,SiC_10deg
full_measured,400.0,4000.0,1067,True,10.0,5.42,0.019082842268263837,0.9569135570197538,0.0016604213372297246,SiC_10deg
full_measured,400.0,4000.0,1067,True,10.0,5.4399999999999995,0.01919309647571962,0.9568505965115028,0.0016828839052770797,SiC_10deg
full_measured,400.0,4000.0,1067,True,10.0,5.46,0.019302291736740553,0.9567871201051495,0.0017070433562855604,SiC_10deg
full_measured,400.0,4000.0,1067,True,10.0,5.48,0.019410064375572748,0.9567234806489202,0.0017323744957073671,SiC_10deg
full_measured,400.0,4000.0,1067,True,10.0,5.5,0.01951602489166998,0.9566601397937337,0.0017583008383108868,SiC_10deg
full_measured,400.0,4000.0,1067,True,10.0,5.52,0.019619770492494935,0.9565976286665059,0.0017842325289470844,SiC_10deg
full_measured,400.0,4000.0,1067,True,10.0,5.54,0.019720899948738463,0.9565365054568099,0.0018096047907787609,SiC_10deg
full_measured,400.0,4000.0,1067,True,10.0,5.5600000000000005,0.019819028173683122,0.9564773151389561,0.0018339138094825885,SiC_10deg
full_measured,400.0,4000.0,1067,True,10.0,5.58,0.01991379820691486,0.9564205557223553,0.0018567472890034737,SiC_10deg
full_measured,400.0,4000.0,1067,True,10.0,5.6,0.020004889048816775,0.9563666539313125,0.0018778075281086846,SiC_10deg
full_measured,400.0,4000.0,1067,True,10.0,5.62,0.02009201881800856,0.9563159514252175,0.0018969256591072714,SiC_10deg
full_measured,400.0,4000.0,1067,True,10.0,5.640000000000001,0.020174943719626318,0.9562687009858987,0.0019140665326751582,SiC_10deg
full_measured,400.0,4000.0,1067,True,10.0,5.66,0.020253454079010445,0.9562250708637396,0.0019293245066123062,SiC_10deg
full_measured,400.0,4000.0,1067,True,10.0,5.68,0.020327369058993364,0.9561851548895534,0.0019429110147243512,SiC_10deg
full_measured,400.0,4000.0,1067,True,10.0,5.7,0.02039653159751219,0.9561489860475881,0.0019551352135360463,SiC_10deg
full_measured,400.0,4000.0,1067,True,10.0,5.720000000000001,0.020460804643276854,0.9561165518187403,0.0019663792344497507,SiC_10deg
full_measured,400.0,4000.0,1067,True,10.0,5.74,0.020520069081692308,0.9560878104736431,0.001977069649244987,SiC_10deg
full_measured,400.0,4000.0,1067,True,10.0,5.76,0.020574223024482655,0.9560627083087566,0.0019876467492174832,SiC_10deg
full_measured,400.0,4000.0,1067,True,10.0,5.78,0.02062318157390473,0.9560411982954853,0.0019985332045926387,SiC_10deg
full_measured,400.0,4000.0,1067,True,10.0,5.800000000000001,0.020666875909240927,0.9560232605781783,0.002010103655159967,SiC_10deg
full_measured,400.0,4000.0,1067,True,10.0,5.82,0.020705250645414584,0.9560089246846984,0.002022656799591339,SiC_10deg
full_measured,400.0,4000.0,1067,True,10.0,5.84,0.020738258855650914,0.9559982923339067,0.0020363915799812785,SiC_10deg
full_measured,400.0,4000.0,1067,True,10.0,5.859999999999999,0.02076585482053664,0.9559915585983277,0.0020513890515089844,SiC_10deg
full_measured,400.0,4000.0,1067,True,10.0,5.88,0.020787985291359647,0.9559890282382808,0.002067601421201243,SiC_10deg
full_measured,400.0,4000.0,1067,True,10.0,5.9,0.020804580641337393,0.9559911235876264,0.0020848494746259928,SiC_10deg
full_measured,400.0,4000.0,1067,True,10.0,5.92,0.020815547555975058,0.9559983806692797,0.0021028291489155046,SiC_10deg
full_measured,400.0,4000.0,1067,True,10.0,5.9399999999999995,0.02082076478745208,0.9560114313187255,0.0021211273591436783,SiC_10deg
full_measured,400.0,4000.0,1067,True,10.0,5.96,0.020820082975157788,0.9560309708707416,0.0021392463951935025,SiC_10deg
full_measured,400.0,4000.0,1067,True,10.0,5.98,0.02081332873149828,0.9560577131141466,0.0021566353741500548,SiC_10deg
full_measured,400.0,4000.0,1067,True,10.0,6.0,0.02080031230822801,0.9560923363220103,0.002172726482216968,SiC_10deg
full_measured,400.0,4000.0,1067,True,10.0,6.02,0.020780837424117803,0.9561354257830407,0.002186973194419518,SiC_10deg
full_measured,400.0,4000.0,1067,True,10.0,6.04,0.02075471144611166,0.956187419047232,0.002198887416330963,SiC_10deg
full_measured,400.0,4000.0,1067,True,10.0,6.0600000000000005,0.020721754177878186,0.9562485598887639,0.0022080725947593097,SiC_10deg
full_measured,400.0,4000.0,1067,True,10.0,6.08,0.020681804002850305,0.9563188658353831,0.002214250276181948,SiC_10deg
full_measured,400.0,4000.0,1067,True,10.0,6.1,0.02063472091549106,0.9563981122748758,0.0022172782767989896,SiC_10deg
full_measured,400.0,4000.0,1067,True,10.0,6.12,0.020580386837225878,0.9564858340178319,0.0022171594509116732,SiC_10deg
full_measured,400.0,4000.0,1067,True,10.0,6.140000000000001,0.02051870431716303,0.95658134319604,0.0022140408771412342,SiC_10deg
full_measured,400.0,4000.0,1067,True,10.0,6.16,0.020449595074467322,0.95668376085965,0.0022082040131162586,SiC_10deg
full_measured,400.0,4000.0,1067,True,10.0,6.18,0.02037299975760871,0.9567920588067426,0.002200046924682634,SiC_10deg
full_measured,400.0,4000.0,1067,True,10.0,6.2,0.020288879801934605,0.9569051080562909,0.0021900600494182336,SiC_10deg
full_measured,400.0,4000.0,1067,True,10.0,6.220000000000001,0.020197221494668335,0.957021730812419,0.0021787971256408928,SiC_10deg
full_measured,400.0,4000.0,1067,True,10.0,6.24,0.020098041509483012,0.9571407535037445,0.002166842958809285,SiC_10deg
full_measured,400.0,4000.0,1067,True,10.0,6.26,0.01999139247348969,0.957261059219268,0.002154779671756425,SiC_10deg
full_measured,400.0,4000.0,1067,True,10.0,6.28,0.019877366764532205,0.9573816383467816,0.0021431530508590787,SiC_10deg
full_measured,400.0,4000.0,1067,True,10.0,6.300000000000001,0.019756096814054585,0.9575016363015671,0.002132440590720812,SiC_10deg
full_measured,400.0,4000.0,1067,True,10.0,6.32,0.01962775071550096,0.9576203969030664,0.002123022856561051,SiC_10deg
full_measured,400.0,4000.0,1067,True,10.0,6.34,0.019492522810800536,0.9577374993465881,0.002115159795318187,SiC_10deg
full_measured,400.0,4000.0,1067,True,10.0,6.359999999999999,0.01935061996467729,0.9578527860641254,0.0021089735793210695,SiC_10deg
full_measured,400.0,4000.0,1067,True,10.0,6.38,0.019202245209424932,0.9579663783578684,0.002104439398684311,SiC_10deg
full_measured,400.0,4000.0,1067,True,10.0,6.4,0.019047581126214144,0.9580786767778442,0.0021013852805038093,SiC_10deg
full_measured,400.0,4000.0,1067,True,10.0,6.42,0.01888677555268445,0.9581903439564925,0.0020995014844523954,SiC_10deg
full_measured,400.0,4000.0,1067,True,10.0,6.4399999999999995,0.01871993189779626,0.9583022690092974,0.002098359327522708,SiC_10deg
full_measured,400.0,4000.0,1067,True,10.0,6.46,0.018547105551650393,0.9584155144935895,0.0020974384921499116,SiC_10deg
full_measured,400.0,4000.0,1067,True,10.0,6.48,0.0183683067642244,0.958531248975815,0.002096161074198127,SiC_10deg
full_measured,400.0,4000.0,1067,True,10.0,6.5,0.018183509177933984,0.958650670104432,0.0020939299492086717,SiC_10deg
full_measured,400.0,4000.0,1067,True,10.0,6.52,0.017992662202338784,0.9587749243518905,0.0020901685866805612,SiC_10deg
full_measured,400.0,4000.0,1067,True,10.0,6.54,0.017795704837646184,0.958905030016034,0.002084359298501825,SiC_10deg
full_measured,400.0,4000.0,1067,True,10.0,6.5600000000000005,0.01759257850648344,0.9590418095771667,0.0020760770923458874,SiC_10deg
full_measured,400.0,4000.0,1067,True,10.0,6.58,0.017383236927113306,0.9591858362080279,0.0020650167796204947,SiC_10deg
full_measured,400.0,4000.0,1067,True,10.0,6.6,0.0171676519153038,0.959337397411321,0.0020510116772074574,SiC_10deg
full_measured,400.0,4000.0,1067,True,10.0,6.62,0.016945815009031594,0.959496476786002,0.0020340430306312073,SiC_10deg
full_measured,400.0,4000.0,1067,True,10.0,6.640000000000001,0.016717735717253924,0.9596627531677173,0.002014240058123666,SiC_10deg
full_measured,400.0,4000.0,1067,True,10.0,6.66,0.016483437787432036,0.9598356151287146,0.00199187117592834,SiC_10deg
full_measured,400.0,4000.0,1067,True,10.0,6.68,0.016242955042416626,0.9600141881875833,0.001967327458348117,SiC_10deg
full_measured,400.0,4000.0,1067,True,10.0,6.7,0.01599632804671089,0.9601973720353681,0.0019410996980246003,SiC_10deg
full_measured,400.0,4000.0,1067,True,10.0,6.720000000000001,0.015743602227010867,0.9603838854609266,0.0019137505874283192,SiC_10deg
full_measured,400.0,4000.0,1067,True,10.0,6.74,0.015484827276146786,0.9605723172033075,0.0018858835908885346,SiC_10deg
full_measured,400.0,4000.0,1067,True,10.0,6.76,0.015220056933293117,0.960761181411124,0.0018581100741780114,SiC_10deg
full_measured,400.0,4000.0,1067,True,10.0,6.78,0.014949347761954022,0.9609489765445112,0.0018310162523305171,SiC_10deg
full_measured,400.0,4000.0,1067,True,10.0,6.800000000000001,0.014672755484970176,0.9611342463171814,0.001805131529793507,SiC_10deg
full_measured,400.0,4000.0,1067,True,10.0,6.82,0.014390327832309592,0.9613156406777396,0.0017808998350919204,SiC_10deg
full_measured,400.0,4000.0,1067,True,10.0,6.84,0.014102093653264836,0.9614919740269933,0.0017586555623436565,SiC_10deg
full_measured,400.0,4000.0,1067,True,10.0,6.859999999999999,0.013808049078732627,0.9616622771052864,0.0017386056732410756,SiC_10deg
full_measured,400.0,4000.0,1067,True,10.0,6.88,0.01350814255854768,0.961825838533281,0.0017208193308311897,SiC_10deg
full_measured,400.0,4000.0,1067,True,10.0,6.9,0.013202261388034759,0.9619822320832316,0.0017052260894773793,SiC_10deg
full_measured,400.0,4000.0,1067,True,10.0,6.92,0.01289022266039151,0.9621313265214819,0.0016916231422867422,SiC_10deg
full_measured,400.0,4000.0,1067,True,10.0,6.9399999999999995,0.012571771319001645,0.9622732762721429,0.0016796914563285727,SiC_10deg
full_measured,400.0,4000.0,1067,True,10.0,6.96,0.012246587158225969,0.9624084930219893,0.00166901987598988,SiC_10deg
full_measured,400.0,4000.0,1067,True,10.0,6.98,0.011914301402983562,0.9625376004052404,0.0016591355451759907,SiC_10deg
full_measured,400.0,4000.0,1067,True,10.0,7.0,0.011574522172402853,0.962661375704073,0.0016495383999202866,SiC_10deg
full_measured,400.0,4000.0,1067,True,10.0,7.0200000000000005,0.011226867033469241,0.9627806837383288,0.0016397371109332156,SiC_10deg
full_measured,400.0,4000.0,1067,True,10.0,7.04,0.010871000269689391,0.9628964085760027,0.0016292837707457802,SiC_10deg
full_measured,400.0,4000.0,1067,True,10.0,7.0600000000000005,0.010506672603320884,0.9630093883284732,0.00161780483156631,SiC_10deg
full_measured,400.0,4000.0,1067,True,10.0,7.08,0.01013376193370786,0.9631203572376418,0.0016050262638589877,SiC_10deg
full_measured,400.0,4000.0,1067,True,10.0,7.1,0.009752315048612436,0.9632298977954,0.0015907915364451622,SiC_10deg
full_measured,400.0,4000.0,1067,True,10.0,7.12,0.00936259198166547,0.963338404104318,0.0015750717102333079,SiC_10deg
full_measured,400.0,4000.0,1067,True,10.0,7.14,0.008965116444489702,0.9634460564128552,0.001557967586962017,SiC_10deg
full_measured,400.0,4000.0,1067,True,10.0,7.16,0.00856073731478081,0.9635528059583041,0.001539704384258961,SiC_10deg
full_measured,400.0,4000.0,1067,True,10.0,7.18,0.008150707359196423,0.9636583689987004,0.001520619779791754,SiC_10deg
full_measured,400.0,4000.0,1067,True,10.0,7.2,0.0077367861447918485,0.9637622291336276,0.0015011463818427754,SiC_10deg
full_measured,400.0,4000.0,1067,True,10.0,7.22,0.0073213743733176,0.9638636475081233,0.0014817897756808003,SiC_10deg
full_measured,400.0,4000.0,1067,True,10.0,7.24,0.006907686359607419,0.9639616810114704,0.0014631033173553526,SiC_10deg
full_measured,400.0,4000.0,1067,True,10.0,7.26,0.006499965098374254,0.9640552088804528,0.001445660852831812,SiC_10deg
full_measured,400.0,4000.0,1067,True,10.0,7.28,0.006103737904673965,0.9641429680235807,0.001430028569931384,SiC_10deg
full_measured,400.0,4000.0,1067,True,10.0,7.3,0.0057260949768852525,0.9642235968403662,0.0014167372572145105,SiC_10deg
full_measured,400.0,4000.0,1067,True,10.0,7.32,0.005375939976057414,0.964295686388069,0.001406256332472858,SiC_10deg
full_measured,400.0,4000.0,1067,True,10.0,7.34,0.005064101036642951,0.9643578366316977,0.0013989710732441934,SiC_10deg
full_measured,400.0,4000.0,1067,True,10.0,7.36,0.004803103387101036,0.9644087144591958,0.001395164477541575,SiC_10deg
full_measured,400.0,4000.0,1067,True,10.0,7.38,0.004606333554605343,0.9644471094242152,0.0013950050504537893,SiC_10deg
full_measured,400.0,4000.0,1067,True,10.0,7.4,0.0044863912111853975,0.9644719830113252,0.0013985415148776454,SiC_10deg
full_measured,400.0,4000.0,1067,True,10.0,7.42,0.004452783417563104,0.9644825077087794,0.0014057049778144098,SiC_10deg
full_measured,400.0,4000.0,1067,True,10.0,7.44,0.0045097123737206524,0.9644780932795844,0.0014163184822211475,SiC_10deg
full_measured,400.0,4000.0,1067,True,10.0,7.46,0.004655034807245036,0.9644583991538628,0.0014301132101913895,SiC_10deg
full_measured,400.0,4000.0,1067,True,10.0,7.48,0.004880974470238288,0.9644233335280351,0.001446749972658271,SiC_10deg
full_measured,400.0,4000.0,1067,True,10.0,7.5,0.005176136148764765,0.9643730412167387,0.001465844124297564,SiC_10deg
full_measured,400.0,4000.0,1067,True,10.0,7.5200000000000005,0.005527772332856224,0.9643078832773957,0.0014869917613405308,SiC_10deg
full_measured,400.0,4000.0,1067,True,10.0,7.54,0.005923493763629852,0.9642284117511678,0.0015097950375485593,SiC_10deg
full_measured,400.0,4000.0,1067,True,10.0,7.5600000000000005,0.006352200015253495,0.9641353425357687,0.001533884664046192,SiC_10deg
full_measured,400.0,4000.0,1067,True,10.0,7.58,0.00680439623363876,0.9640295285791153,0.0015589380901080262,SiC_10deg
full_measured,400.0,4000.0,1067,True,10.0,7.6000000000000005,0.007272157118354937,0.9639119345215491,0.001584692409714919,SiC_10deg
full_measured,400.0,4000.0,1067,True,10.0,7.62,0.007748940734753627,0.963783612915429,0.0016109516065658462,SiC_10deg
full_measured,400.0,4000.0,1067,True,10.0,7.64,0.00822936905643497,0.9636456814656837,0.0016375882526823786,SiC_10deg
full_measured,400.0,4000.0,1067,True,10.0,7.66,0.00870902882308696,0.9634993005076533,0.0016645401552941067,SiC_10deg
full_measured,400.0,4000.0,1067,True,10.0,7.68,0.0091843100772648,0.9633456501770437,0.001691802682512448,SiC_10deg
full_measured,400.0,4000.0,1067,True,10.0,7.7,0.00965228221544588,0.9631859073118879,0.0017194176049036456,SiC_10deg
full_measured,400.0,4000.0,1067,True,10.0,7.72,0.01011060035339862,0.963021222850819,0.0017474593076117467,SiC_10deg
full_measured,400.0,4000.0,1067,True,10.0,7.74,0.010557433052190068,0.9628527011189549,0.0017760192072176165,SiC_10deg
full_measured,400.0,4000.0,1067,True,10.0,7.76,0.01099140317476353,0.9626813827159523,0.0018051891955831612,SiC_10deg
full_measured,400.0,4000.0,1067,True,10.0,7.78,0.011411535438147977,0.9625082326146515,0.0018350449584168566,SiC_10deg
full_measured,400.0,4000.0,1067,True,10.0,7.8,0.01181720638194938,0.9623341345273483,0.00186563008307412,SiC_10deg
full_measured,400.0,4000.0,1067,True,10.0,7.82,0.012208094591741927,0.9621598916983974,0.0018969419559030697,SiC_10deg
full_measured,400.0,4000.0,1067,True,10.0,7.84,0.012584130836628404,0.9619862332278671,0.0019289205115543939,SiC_10deg
full_measured,400.0,4000.0,1067,True,10.0,7.86,0.01294544912070023,0.9618138240627432,0.001961440883267119,SiC_10deg
full_measured,400.0,4000.0,1067,True,10.0,7.88,0.01329234039592715,0.9616432761456009,0.0019943108676792236,SiC_10deg
full_measured,400.0,4000.0,1067,True,10.0,7.9,0.013625210811520789,0.9614751580575315,0.002027273833720763,SiC_10deg
full_measured,400.0,4000.0,1067,True,10.0,7.92,0.013944545952409508,0.9613100008943938,0.0020600172773184646,SiC_10deg
full_measured,400.0,4000.0,1067,True,10.0,7.94,0.014250881712731136,0.9611482990026191,0.002092186692193205,SiC_10deg
full_measured,400.0,4000.0,1067,True,10.0,7.96,0.014544781494054216,0.9609905053813539,0.0021234038631086976,SiC_10deg
full_measured,400.0,4000.0,1067,True,10.0,7.98,0.01482681856897919,0.9608370227622913,0.0021532881802332625,SiC_10deg
full_measured,400.0,4000.0,1067,True,10.0,8.0,0.015097561928512188,0.9606881923283758,0.0021814792088389453,SiC_10deg
full_measured,400.0,4000.0,1067,True,15.0,3.0,0.02335143367342312,1.034839921176094,-0.002624828174292983,SiC_15deg
full_measured,400.0,4000.0,1067,True,15.0,3.02,0.023280823819751276,1.034874660680776,-0.0025759271080932076,SiC_15deg
full_measured,400.0,4000.0,1067,True,15.0,3.04,0.023208398274803876,1.0349116318324292,-0.0025283235770570682,SiC_15deg
full_measured,400.0,4000.0,1067,True,15.0,3.06,0.02313396327842428,1.0349512072921374,-0.0024830288858843277,SiC_15deg
full_measured,400.0,4000.0,1067,True,15.0,3.08,0.023057355377471594,1.0349936878968695,-0.0024409701884587323,SiC_15deg
full_measured,400.0,4000.0,1067,True,15.0,3.1,0.022978450643957173,1.0350392220681126,-0.0024029231091572257,SiC_15deg
full_measured,400.0,4000.0,1067,True,15.0,3.12,0.022897168624316844,1.035087741070136,-0.002369456178659941,SiC_15deg
full_measured,400.0,4000.0,1067,True,15.0,3.14,0.022813472030259584,1.035138921041292,-0.0023408915570586764,SiC_15deg
full_measured,400.0,4000.0,1067,True,15.0,3.16,0.022727364060748344,1.0351921773705217,-0.002317284707230359,SiC_15deg
full_measured,400.0,4000.0,1067,True,15.0,3.18,0.022638885474662494,1.0352466909742826,-0.002298423723719366,SiC_15deg
full_measured,400.0,4000.0,1067,True,15.0,3.2,0.022548113100260267,1.0353014607910827,-0.002283847235250666,SiC_15deg
full_measured,400.0,4000.0,1067,True,15.0,3.22,0.0224551605016752,1.0353553734675578,-0.002272878423730148,SiC_15deg
full_measured,400.0,4000.0,1067,True,15.0,3.24,0.02236018029850081,1.035407280273927,-0.0022646718531301687,SiC_15deg
full_measured,400.0,4000.0,1067,True,15.0,3.26,0.02226336653239347,1.035456072584085,-0.002258269452926285,SiC_15deg
full_measured,400.0,4000.0,1067,True,15.0,3.2800000000000002,0.022164954876336358,1.0355007500411564,-0.002252662018974273,SiC_15deg
full_measured,400.0,4000.0,1067,True,15.0,3.3,0.022065218623719535,1.0355404787554219,-0.0022468527976692645,SiC_15deg
full_measured,400.0,4000.0,1067,True,15.0,3.32,0.0219644592544909,1.0355746395202687,-0.0022399199427618395,SiC_15deg
full_measured,400.0,4000.0,1067,True,15.0,3.34,0.02186299167623887,1.0356028673591173,-0.0022310747812044032,SiC_15deg
full_measured,400.0,4000.0,1067,True,15.0,3.36,0.02176112556776279,1.0356250834786223,-0.002219712883542989,SiC_15deg
full_measured,400.0,4000.0,1067,True,15.0,3.38,0.021659145245709104,1.0356415191512622,-0.002205454970308435,SiC_15deg
full_measured,400.0,4000.0,1067,True,15.0,3.4,0.02155729094331152,1.035652728841962,-0.0021881748116900747,SiC_15deg
full_measured,400.0,4000.0,1067,True,15.0,3.42,0.021455744342540557,1.0356595879074069,-0.002168011620173441,SiC_15deg
full_measured,400.0,4000.0,1067,True,15.0,3.44,0.02135462075524071,1.035663269287099,-0.002145365099167039,SiC_15deg
full_measured,400.0,4000.0,1067,True,15.0,3.46,0.021253969614581713,1.0356651943581834,-0.0021208723437338432,SiC_15deg
full_measured,400.0,4000.0,1067,True,15.0,3.48,0.021153783950536374,1.0356669556802172,-0.00209536716012674,SiC_15deg
full_measured,400.0,4000.0,1067,True,15.0,3.5,0.021054018273605538,1.0356702133418036,-0.0020698239551186033,SiC_15deg
full_measured,400.0,4000.0,1067,True,15.0,3.52,0.02095461282911907,1.0356765712451221,-0.0020452899402231754,SiC_15deg
full_measured,400.0,4000.0,1067,True,15.0,3.54,0.02085552071308306,1.0356874439134722,-0.0020228107510765264,SiC_15deg
full_measured,400.0,4000.0,1067,True,15.0,3.56,0.020756733226238833,1.0357039273131377,-0.0020033554581337923,SiC_15deg
full_measured,400.0,4000.0,1067,True,15.0,3.58,0.020658298512347146,1.0357266880662188,-0.0019877471672420963,SiC_15deg
full_measured,400.0,4000.0,1067,True,15.0,3.6,0.020560329290749062,1.0357558840643635,-0.001976604914339111,SiC_15deg
full_measured,400.0,4000.0,1067,True,15.0,3.62,0.02046299738456497,1.0357911261209953,-0.0019703014130192887,SiC_15deg
full_measured,400.0,4000.0,1067,True,15.0,3.64,0.020366515446686783,1.035831485555081,-0.0019689395965987126,SiC_15deg
full_measured,400.0,4000.0,1067,True,15.0,3.66,0.02027110918075972,1.0358755473330166,-0.0019723490596140116,SiC_15deg
full_measured,400.0,4000.0,1067,True,15.0,3.68,0.020176985691326133,1.0359215034748044,-0.0019801017159854477,SiC_15deg
full_measured,400.0,4000.0,1067,True,15.0,3.7,0.020084304703100058,1.0359672775685569,-0.0019915444825963097,SiC_15deg
full_measured,400.0,4000.0,1067,True,15.0,3.7199999999999998,0.019993158878186118,1.0360106688710766,-0.0020058457181381913,SiC_15deg
full_measured,400.0,4000.0,1067,True,15.0,3.74,0.019903567372308438,1.0360495037178403,-0.002022051547902557,SiC_15deg
full_measured,400.0,4000.0,1067,True,15.0,3.76,0.01981548359511357,1.0360817826394686,-0.002039148039600587,SiC_15deg
full_measured,400.0,4000.0,1067,True,15.0,3.7800000000000002,0.019728814696349,1.036105813283075,-0.002056125346921896,SiC_15deg
full_measured,400.0,4000.0,1067,True,15.0,3.8,0.019643447512327578,1.036120321469223,-0.0020720402615330286,SiC_15deg
full_measured,400.0,4000.0,1067,True,15.0,3.8200000000000003,0.01955927432377746,1.036124535016641,-0.0020860739827919627,SiC_15deg
full_measured,400.0,4000.0,1067,True,15.0,3.84,0.01947621214256258,1.0361182370136583,-0.002097582252568397,SiC_15deg
full_measured,400.0,4000.0,1067,True,15.0,3.86,0.019394211208553246,1.0361017868696412,-0.002106135302564503,SiC_15deg
full_measured,400.0,4000.0,1067,True,15.0,3.88,0.01931325135623451,1.0360761087752814,-0.002111545373570395,SiC_15deg
full_measured,400.0,4000.0,1067,True,15.0,3.9,0.019233328084444574,1.0360426482839507,-0.002113879970370899,SiC_15deg
full_measured,400.0,4000.0,1067,True,15.0,3.92,0.019154432719720362,1.0360032987827583,-0.002113459588878852,SiC_15deg
full_measured,400.0,4000.0,1067,True,15.0,3.94,0.019076532408504012,1.0359603008111942,-0.002110839436922922,SiC_15deg
full_measured,400.0,4000.0,1067,True,15.0,3.96,0.01899955555165783,1.035916118594761,-0.0021067756598904066,SiC_15deg
full_measured,400.0,4000.0,1067,True,15.0,3.98,0.018923386818959286,1.035873299773936,-0.002102177714390724,SiC_15deg
full_measured,400.0,4000.0,1067,True,15.0,4.0,0.018847873471351112,1.0358343259873675,-0.0020980496950455552,SiC_15deg
full_measured,400.0,4000.0,1067,True,15.0,4.02,0.01877284198357893,1.0358014634597843,-0.002095424465774052,SiC_15deg
full_measured,400.0,4000.0,1067,True,15.0,4.04,0.018698121550475656,1.0357766237207746,-0.0020952952229213186,SiC_15deg
full_measured,400.0,4000.0,1067,True,15.0,4.0600000000000005,0.018623569523794882,1.035761244711382,-0.002098549489697832,SiC_15deg
full_measured,400.0,4000.0,1067,True,15.0,4.08,0.018549093489613772,1.035756201585725,-0.002105910426866458,SiC_15deg
full_measured,400.0,4000.0,1067,True,15.0,4.1,0.018474665599232522,1.0357617544285798,-0.0021178897330993893,SiC_15deg
full_measured,400.0,4000.0,1067,True,15.0,4.12,0.018400326662442575,1.035777537053936,-0.002134755369119996,SiC_15deg
full_measured,400.0,4000.0,1067,True,15.0,4.140000000000001,0.018326179929762782,1.0358025873981667,-0.002156516010099253,SiC_15deg
full_measured,400.0,4000.0,1067,True,15.0,4.16,0.018252376845346755,1.0358354162827568,-0.0021829226898525764,SiC_15deg
full_measured,400.0,4000.0,1067,True,15.0,4.18,0.01817909878272942,1.0358741080290355,-0.0022134867331960926,SiC_15deg
full_measured,400.0,4000.0,1067,True,15.0,4.2,0.018106539472524507,1.0359164440089421,-0.002247511935293464,SiC_15deg
full_measured,400.0,4000.0,1067,True,15.0,4.22,0.01803489233667614,1.0359600389863708,-0.0022841381394259935,SiC_15deg
full_measured,400.0,4000.0,1067,True,15.0,4.24,0.017964345392914666,1.036002480100668,-0.0023223929197609366,SiC_15deg
full_measured,400.0,4000.0,1067,True,15.0,4.26,0.017895084186330457,1.0360414594108038,-0.0023612479606081025,SiC_15deg
full_measured,400.0,4000.0,1067,True,15.0,4.28,0.017827300913214026,1.0360748927288628,-0.0023996768567292816,SiC_15deg
full_measured,400.0,4000.0,1067,True,15.0,4.3,0.01776120612163057,1.0361010196061413,-0.0024367113357940226,SiC_15deg
full_measured,400.0,4000.0,1067,True,15.0,4.32,0.017697038567632398,1.0361184813772033,-0.0024714932254976244,SiC_15deg
full_measured,400.0,4000.0,1067,True,15.0,4.34,0.017635069182623298,1.0361263757951773,-0.002503319787521803,SiC_15deg
full_measured,400.0,4000.0,1067,True,15.0,4.36,0.01757559656272733,1.0361242878485726,-0.002531680299252885,SiC_15deg
full_measured,400.0,4000.0,1067,True,15.0,4.38,0.01751893354545954,1.0361122968714769,-0.002556282011380233,SiC_15deg
full_measured,400.0,4000.0,1067,True,15.0,4.4,0.01746538674556012,1.0360909602487367,-0.002577063909321835,SiC_15deg
full_measured,400.0,4000.0,1067,True,15.0,4.42,0.01741523281229354,1.0360612741764332,-0.002594197133206572,SiC_15deg
full_measured,400.0,4000.0,1067,True,15.0,4.4399999999999995,0.017368696194515247,1.0360246123670516,-0.0026080715214827545,SiC_15deg
full_measured,400.0,4000.0,1067,True,15.0,4.46,0.017325933123408882,1.0359826444905884,-0.002619268551927586,SiC_15deg
full_measured,400.0,4000.0,1067,True,15.0,4.48,0.017287025370535544,1.0359372375483127,-0.002628521920184112,SiC_15deg
full_measured,400.0,4000.0,1067,True,15.0,4.5,0.01725198537928894,1.035890345114461,-0.002636668023486077,SiC_15deg
full_measured,400.0,4000.0,1067,True,15.0,4.52,0.017220772049775537,1.0358438911101422,-0.00264458956802258,SiC_15deg
full_measured,400.0,4000.0,1067,True,15.0,4.54,0.017193314307671608,1.0357996560599754,-0.0026531562400596703,SiC_15deg
full_measured,400.0,4000.0,1067,True,15.0,4.5600000000000005,0.017169538090330148,1.0357591742226981,-0.0026631667406046933,SiC_15deg
full_measured,400.0,4000.0,1067,True,15.0,4.58,0.017149391862829804,1.0357236493315511,-0.002675296400873534,SiC_15deg
full_measured,400.0,4000.0,1067,True,15.0,4.6,0.0171328663198581,1.0356938949192462,-0.0026900540658277815,SiC_15deg
full_measured,400.0,4000.0,1067,True,15.0,4.62,0.017120005368591835,1.0356703025881637,-0.0027077510297640337,SiC_15deg
full_measured,400.0,4000.0,1067,True,15.0,4.640000000000001,0.017110907449997957,1.035652838577789,-0.002728483669377826,SiC_15deg
full_measured,400.0,4000.0,1067,True,15.0,4.66,0.01710571826326391,1.035641066128384,-0.0027521302162869473,SiC_15deg
full_measured,400.0,4000.0,1067,True,15.0,4.68,0.01710461754847327,1.0356341889428224,-0.0027783610076568127,SiC_15deg
full_measured,400.0,4000.0,1067,True,15.0,4.7,0.017107803418532224,1.0356311098378044,-0.00280666067596089,SiC_15deg
full_measured,400.0,4000.0,1067,True,15.0,4.72,0.017115477670187482,1.035630498541183,-0.002836360152360392,SiC_15deg
full_measured,400.0,4000.0,1067,True,15.0,4.74,0.017127834620688575,1.0356308633815225,-0.0028666760629912015,SiC_15deg
full_measured,400.0,4000.0,1067,True,15.0,4.76,0.017145054578506368,1.0356306229910865,-0.002896755039753137,SiC_15deg
full_measured,400.0,4000.0,1067,True,15.0,4.78,0.0171673014588552,1.0356281756757075,-0.0029257205604899645,SiC_15deg
full_measured,400.0,4000.0,1067,True,15.0,4.8,0.017194722729621362,1.0356219653829934,-0.002952720084720181,SiC_15deg
full_measured,400.0,4000.0,1067,True,15.0,4.82,0.017227449186121135,1.0356105439221466,-0.0029769703857005707,SiC_15deg
full_measured,400.0,4000.0,1067,True,15.0,4.84,0.01726559220692486,1.0355926291260336,-0.0029977990600856203,SiC_15deg
full_measured,400.0,4000.0,1067,True,15.0,4.86,0.017309237113722106,1.0355671580668335,-0.003014680231580395,SiC_15deg
full_measured,400.0,4000.0,1067,True,15.0,4.88,0.017358432784206252,1.035533333484685,-0.003027262506863698,SiC_15deg
full_measured,400.0,4000.0,1067,True,15.0,4.9,0.017413179305896226,1.0354906606237353,-0.0030353873711293825,SiC_15deg
full_measured,400.0,4000.0,1067,True,15.0,4.92,0.017473416705632527,1.0354389710770977,-0.003039096510688355,SiC_15deg
full_measured,400.0,4000.0,1067,True,15.0,4.9399999999999995,0.01753901822568474,1.0353784303298132,-0.003038627079813621,SiC_15deg
full_measured,400.0,4000.0,1067,True,15.0,4.96,0.017609791045236235,1.0353095266006738,-0.003034394696826562,SiC_15deg
full_measured,400.0,4000.0,1067,True,15.0,4.98,0.01768548586072244,1.0352330402484646,-0.003026964905689053,SiC_15deg
full_measured,400.0,4000.0,1067,True,15.0,5.0,0.017765814710323197,1.0351499951453218,-0.0030170148604607983,SiC_15deg
full_measured,400.0,4000.0,1067,True,15.0,5.02,0.017850474396685204,1.0350615956040505,-0.003005287929705559,SiC_15deg
full_measured,400.0,4000.0,1067,True,15.0,5.04,0.01793917137853234,1.03496915421462,-0.002992544621379823,SiC_15deg
full_measured,400.0,4000.0,1067,True,15.0,5.0600000000000005,0.018031643468497588,1.0348740169193047,-0.0029795135740773066,SiC_15deg
full_measured,400.0,4000.0,1067,True,15.0,5.08,0.0181276742348397,1.0347774916421006,-0.0029668462887219318,SiC_15deg
full_measured,400.0,4000.0,1067,True,15.0,5.1,0.018227097513466982,1.0346807858258922,-0.002955078803320673,SiC_15deg
full_measured,400.0,4000.0,1067,True,15.0,5.12,0.018329791512380372,1.0345849565756193,-0.002944602730506556,SiC_15deg
full_measured,400.0,4000.0,1067,True,15.0,5.140000000000001,0.018435664127712335,1.0344908751536077,-0.0029356471194061564,SiC_15deg
full_measured,400.0,4000.0,1067,True,15.0,5.16,0.01854463279413655,1.03439920574991,-0.00292827162092988,SiC_15deg
full_measured,400.0,4000.0,1067,True,15.0,5.18,0.0186566030978834,1.0343103971024785,-0.0029223705614754587,SiC_15deg
full_measured,400.0,4000.0,1067,True,15.0,5.2,0.018771450329446934,1.034224684857066,-0.002917686853434698,SiC_15deg
full_measured,400.0,4000.0,1067,True,15.0,5.220000000000001,0.01888900721287349,1.0341421025347661,-0.0029138342259930152,SiC_15deg
full_measured,400.0,4000.0,1067,True,15.0,5.24,0.019009059479190273,1.0340624994490875,-0.0029103260287783057,SiC_15deg
full_measured,400.0,4000.0,1067,True,15.0,5.26,0.019131349132800773,1.0339855646111138,-0.0029066087885904956,SiC_15deg
full_measured,400.0,4000.0,1067,True,15.0,5.28,0.01925558360067633,1.0339108562787886,-0.0029020987135250816,SiC_15deg
full_measured,400.0,4000.0,1067,True,15.0,5.300000000000001,0.019381447806126415,1.0338378370925587,-0.0028962193715799,SiC_15deg
full_measured,400.0,4000.0,1067,True,15.0,5.32,0.019508615797189162,1.0337659145496705,-0.0028884387768992855,SiC_15deg
full_measured,400.0,4000.0,1067,True,15.0,5.34,0.019636758944557436,1.0336944858991552,-0.0028783040839237997,SiC_15deg
full_measured,400.0,4000.0,1067,True,15.0,5.359999999999999,0.019765548793654986,1.0336229855258474,-0.0028654720416348136,SiC_15deg
full_measured,400.0,4000.0,1067,True,15.0,5.38,0.019894654150762366,1.0335509317848453,-0.002849733350564177,SiC_15deg
full_measured,400.0,4000.0,1067,True,15.0,5.4,0.020023733550668672,1.0334779693574097,-0.0028310291644298166,SiC_15deg
full_measured,400.0,4000.0,1067,True,15.0,5.42,0.020152425521467628,1.0334039028234332,-0.0028094582530018455,SiC_15deg
full_measured,400.0,4000.0,1067,True,15.0,5.4399999999999995,0.020280339726108716,1.0333287174943744,-0.0027852738351694987,SiC_15deg
full_measured,400.0,4000.0,1067,True,15.0,5.46,0.020407051958686074,1.0332525846830025,-0.0027588697999281105,SiC_15deg
full_measured,400.0,4000.0,1067,True,15.0,5.48,0.02053210513310363,1.033175850376624,-0.0027307569041556015,SiC_15deg
full_measured,400.0,4000.0,1067,True,15.0,5.5,0.02065501703503945,1.0330990084315597,-0.0027015304664642485,SiC_15deg
full_measured,400.0,4000.0,1067,True,15.0,5.52,0.020775294058373566,1.0330226615091684,-0.0026718319316070722,SiC_15deg
full_measured,400.0,4000.0,1067,True,15.0,5.54,0.020892448796697927,1.032947474603198,-0.002642307322267464,SiC_15deg
full_measured,400.0,4000.0,1067,True,15.0,5.5600000000000005,0.02100601852839902,1.0328741268309367,-0.0026135659154103903,SiC_15deg
full_measured,400.0,4000.0,1067,True,15.0,5.58,0.021115581495479173,1.0328032670210043,-0.002586142423945417,SiC_15deg
full_measured,400.0,4000.0,1067,True,15.0,5.6,0.021220768426695385,1.0327354775906343,-0.002560465543638463,SiC_15deg
full_measured,400.0,4000.0,1067,True,15.0,5.62,0.021321267823706063,1.0326712495266535,-0.002536835015946424,SiC_15deg
full_measured,400.0,4000.0,1067,True,15.0,5.640000000000001,0.021416824833868853,1.0326109693571741,-0.0025154084802431168,SiC_15deg
full_measured,400.0,4000.0,1067,True,15.0,5.66,0.021507234762146967,1.0325549172423238,-0.0024961984807213193,SiC_15deg
full_measured,400.0,4000.0,1067,True,15.0,5.68,0.0215923331587964,1.0325032740622497,-0.002479079177816995,SiC_15deg
full_measured,400.0,4000.0,1067,True,15.0,5.7,0.021671984792661966,1.032456134825616,-0.0024638016781483,SiC_15deg
full_measured,400.0,4000.0,1067,True,15.0,5.720000000000001,0.021746073645684642,1.0324135258607545,-0.0024500164780876543,SiC_15deg
full_measured,400.0,4000.0,1067,True,15.0,5.74,0.021814495433191833,1.0323754239114666,-0.0024373013024546635,SiC_15deg
full_measured,400.0,4000.0,1067,True,15.0,5.76,0.021877153254044178,1.032341776151398,-0.0024251925620316812,SiC_15deg
full_measured,400.0,4000.0,1067,True,15.0,5.78,0.021933956040618357,1.0323125209302133,-0.0024132186835960057,SiC_15deg
full_measured,400.0,4000.0,1067,True,15.0,5.800000000000001,0.021984818740059392,1.0322876094963482,-0.002400933618428935,SiC_15deg
full_measured,400.0,4000.0,1067,True,15.0,5.82,0.022029662786705748,1.0322670288470799,-0.0023879488655662723,SiC_15deg
full_measured,400.0,4000.0,1067,True,15.0,5.84,0.02206841549799873,1.0322508252377716,-0.0023739623433164736,SiC_15deg
full_measured,400.0,4000.0,1067,True,15.0,5.859999999999999,0.02210100750898921,1.032239126898185,-0.0023587824316916475,SiC_15deg
full_measured,400.0,4000.0,1067,True,15.0,5.88,0.022127368117839337,1.0322321634391294,-0.0023423455432627516,SiC_15deg
full_measured,400.0,4000.0,1067,True,15.0,5.9,0.022147419239432104,1.0322302786285622,-0.0023247257279897437,SiC_15deg
full_measured,400.0,4000.0,1067,True,15.0,5.92,0.022161069327330647,1.0322339329866592,-0.0023061351391637903,SiC_15deg
full_measured,400.0,4000.0,1067,True,15.0,5.9399999999999995,0.022168208932591617,1.0322436931965215,-0.002286914714763901,SiC_15deg
full_measured,400.0,4000.0,1067,True,15.0,5.96,0.02216870941674728,1.0322602066779885,-0.0022675151486995344,SiC_15deg
full_measured,400.0,4000.0,1067,True,15.0,5.98,0.022162425743200157,1.0322841616529645,-0.0022484690759412658,SiC_15deg
full_measured,400.0,4000.0,1067,True,15.0,6.0,0.022149203377889864,1.0323162352935187,-0.0022303562665721447,SiC_15deg
full_measured,400.0,4000.0,1067,True,15.0,6.02,0.022128888367965244,1.0323570346386086,-0.0022137643839269068,SiC_15deg
full_measured,400.0,4000.0,1067,True,15.0,6.04,0.022101338895103528,1.0324070364473183,-0.0021992483829512996,SiC_15deg
full_measured,400.0,4000.0,1067,True,15.0,6.0600000000000005,0.02206643623022247,1.0324665326973765,-0.0021872918126799195,SiC_15deg
full_measured,400.0,4000.0,1067,True,15.0,6.08,0.022024093152203432,1.0325355879100757,-0.0021782731046090854,SiC_15deg
full_measured,400.0,4000.0,1067,True,15.0,6.1,0.021974258499631326,1.032614012993172,-0.002172439406722146,SiC_15deg
full_measured,400.0,4000.0,1067,True,15.0,6.12,0.021916917438247006,1.0327013581525175,-0.0021698897502545993,SiC_15deg
full_measured,400.0,4000.0,1067,True,15.0,6.140000000000001,0.021852088004388898,1.032796925065317,-0.002170568439858473,SiC_15deg
full_measured,400.0,4000.0,1067,True,15.0,6.16,0.021779815271529043,1.032899796380237,-0.0021742686725234974,SiC_15deg
full_measured,400.0,4000.0,1067,True,15.0,6.18,0.021700164886270693,1.0330088790665488,-0.002180645630220775,SiC_15deg
full_measured,400.0,4000.0,1067,True,15.0,6.2,0.02161321764270164,1.0331229573630827,-0.002189237727245112,SiC_15deg
full_measured,400.0,4000.0,1067,True,15.0,6.220000000000001,0.021519066246795924,1.0332407510710553,-0.002199494346237668,SiC_15deg
full_measured,400.0,4000.0,1067,True,15.0,6.24,0.021417814613809708,1.03336097551439,-0.002210808241166079,SiC_15deg
full_measured,400.0,4000.0,1067,True,15.0,6.26,0.02130957915894171,1.033482400370451,-0.002222550764165607,SiC_15deg
full_measured,400.0,4000.0,1067,True,15.0,6.28,0.021194490816146508,1.0336039054389825,-0.00223410811847578,SiC_15deg
full_measured,400.0,4000.0,1067,True,15.0,6.300000000000001,0.02107269614121536,1.03372453200728,-0.002244916894018727,SiC_15deg
full_measured,400.0,4000.0,1067,True,15.0,6.32,0.020944355927589548,1.0338435286408256,-0.002254497173403297,SiC_15deg
full_measured,400.0,4000.0,1067,True,15.0,6.34,0.020809640284131622,1.0339603899824492,-0.002262481505750008,SiC_15deg
full_measured,400.0,4000.0,1067,True,15.0,6.359999999999999,0.020668719984158708,1.0340748866235154,-0.002268638067243615,SiC_15deg
full_measured,400.0,4000.0,1067,True,15.0,6.38,0.020521754901666175,1.034187083565227,-0.0022728864162836096,SiC_15deg
full_measured,400.0,4000.0,1067,True,15.0,6.4,0.02036888126755278,1.0342973445034416,-0.0022753044685808726,SiC_15deg
full_measured,400.0,4000.0,1067,True,15.0,6.42,0.02021020007697025,1.0344063193971271,-0.0022761257107833974,SiC_15deg
full_measured,400.0,4000.0,1067,True,15.0,6.4399999999999995,0.02004576909026762,1.034514913659357,-0.0022757262556931356,SiC_15deg
full_measured,400.0,4000.0,1067,True,15.0,6.46,0.01987560043047511,1.0346242388230578,-0.002274602089931598,SiC_15deg
full_measured,400.0,4000.0,1067,True,15.0,6.48,0.01969966485393716,1.0347355464912087,-0.002273337702863497,SiC_15deg
full_measured,400.0,4000.0,1067,True,15.0,6.5,0.019517902543248995,1.034850149452556,-0.0022725681052397236,SiC_15deg
full_measured,400.0,4000.0,1067,True,15.0,6.52,0.019330239011628142,1.0349693356300926,-0.002272936924090236,SiC_15deg
full_measured,400.0,4000.0,1067,True,15.0,6.54,0.019136603702548504,1.035094281659608,-0.0022750536853147958,SiC_15deg
full_measured,400.0,4000.0,1067,True,15.0,6.5600000000000005,0.0189369483508457,1.035225973120648,-0.002279453493077666,SiC_15deg
full_measured,400.0,4000.0,1067,True,15.0,6.58,0.018731262259284166,1.035365137701741,-0.0022865620668041623,SiC_15deg
full_measured,400.0,4000.0,1067,True,15.0,6.6,0.01851958230983691,1.0355121960193046,-0.002296668543628453,SiC_15deg
full_measured,400.0,4000.0,1067,True,15.0,6.62,0.018301996607168372,1.0356672327368022,-0.002309907688084669,SiC_15deg
full_measured,400.0,4000.0,1067,True,15.0,6.640000000000001,0.01807864188689858,1.0358299884459157,-0.0023262522918179357,SiC_15deg
full_measured,400.0,4000.0,1067,True,15.0,6.66,0.01784969593205731,1.0359998708621196,-0.002345515715965402,SiC_15deg
full_measured,400.0,4000.0,1067,True,15.0,6.68,0.017615366990763246,1.036175982539301,-0.002367363826082433,SiC_15deg
full_measured,400.0,4000.0,1067,True,15.0,6.7,0.017375882437578496,1.036357161650508,-0.002391335052352728,SiC_15deg
full_measured,400.0,4000.0,1067,True,15.0,6.720000000000001,0.01713147865593732,1.0365420323714953,-0.002416866988863017,SiC_15deg
full_measured,400.0,4000.0,1067,True,15.0,6.74,0.016882393446327956,1.0367290618557312,-0.0024433277976356983,SiC_15deg
full_measured,400.0,4000.0,1067,True,15.0,6.76,0.016628861381993675,1.0369166214370937,-0.002470050652972707,SiC_15deg
full_measured,400.0,4000.0,1067,True,15.0,6.78,0.016371111680647553,1.0371030502648182,-0.002496369489256627,SiC_15deg
full_measured,400.0,4000.0,1067,True,15.0,6.800000000000001,0.016109367564001595,1.0372867198494953,-0.0025216543508879198,SiC_15deg
full_measured,400.0,4000.0,1067,True,15.0,6.82,0.01584384589950662,1.0374660978773729,-0.002545344660553062,SiC_15deg
full_measured,400.0,4000.0,1067,True,15.0,6.84,0.015574756221118017,1.0376398091648371,-0.002566978725771888,SiC_15deg
full_measured,400.0,4000.0,1067,True,15.0,6.859999999999999,0.015302298949030884,1.0378066909362078,-0.0025862178264920935,SiC_15deg
full_measured,400.0,4000.0,1067,True,15.0,6.88,0.015026663600887278,1.037965838964582,-0.002602863320387625,SiC_15deg
full_measured,400.0,4000.0,1067,True,15.0,6.9,0.014748028758830687,1.038116640794795,-0.002616865423283006,SiC_15deg
full_measured,400.0,4000.0,1067,True,15.0,6.92,0.014466566254346409,1.0382587925023363,-0.0026283227112270597,SiC_15deg
full_measured,400.0,4000.0,1067,True,15.0,6.9399999999999995,0.014182452226498866,1.0383922963531893,-0.002637471958631558,SiC_15deg
full_measured,400.0,4000.0,1067,True,15.0,6.96,0.01389588727750067,1.0385174382803029,-0.002644668642506383,SiC_15deg
full_measured,400.0,4000.0,1067,True,15.0,6.98,0.013607126921120143,1.0386347460807321,-0.002650359232887741,SiC_15deg
full_measured,400.0,4000.0,1067,True,15.0,7.0,0.013316522076594301,1.0387449313315424,-0.0026550471494779723,SiC_15deg
full_measured,400.0,4000.0,1067,True,15.0,7.0200000000000005,0.013024567798480498,1.0388488198344945,-0.0026592548789646253,SiC_15deg
full_measured,400.0,4000.0,1067,True,15.0,7.04,0.012731957080947718,1.038947276580786,-0.0026634851161492154,SiC_15deg
full_measured,400.0,4000.0,1067,True,15.0,7.0600000000000005,0.012439635704416321,1.039041131556133,-0.002668183853280563,SiC_15deg
full_measured,400.0,4000.0,1067,True,15.0,7.08,0.012148853835496765,1.0391311121468225,-0.002673708088009596,SiC_15deg
full_measured,400.0,4000.0,1067,True,15.0,7.1,0.011861210399874415,1.0392177866144314,-0.002680300298873478,SiC_15deg
full_measured,400.0,4000.0,1067,True,15.0,7.12,0.01157868690423828,1.0393015213851127,-0.002688071139576664,SiC_15deg
full_measured,400.0,4000.0,1067,True,15.0,7.14,0.011303668059981176,1.039382453120076,-0.002696991042632737,SiC_15deg
full_measured,400.0,4000.0,1067,True,15.0,7.16,0.011038946917433321,1.0394604750415923,-0.0027068907082202975,SiC_15deg
full_measured,400.0,4000.0,1067,True,15.0,7.18,0.010787712014743194,1.0395352360199588,-0.002717469868005343,SiC_15deg
full_measured,400.0,4000.0,1067,True,15.0,7.2,0.010553513253362809,1.0396061505623033,-0.002728313298744793,SiC_15deg
full_measured,400.0,4000.0,1067,True,15.0,7.22,0.010340202110415872,1.039672418006101,-0.0027389128165912838,SiC_15deg
full_measured,400.0,4000.0,1067,True,15.0,7.24,0.010151841011462378,1.0397330497066473,-0.0027486938754029307,SiC_15deg
full_measured,400.0,4000.0,1067,True,15.0,7.26,0.009992577130427895,1.0397869035540308,-0.0027570453665665077,SiC_15deg
full_measured,400.0,4000.0,1067,True,15.0,7.28,0.009866478545805867,1.0398327255061113,-0.002763351217777379,SiC_15deg
full_measured,400.0,4000.0,1067,True,15.0,7.3,0.009777336206368186,1.03986919779736,-0.0027670223723755424,SiC_15deg
full_measured,400.0,4000.0,1067,True,15.0,7.32,0.009728443276613551,1.0398949930144494,-0.0027675276836744613,SiC_15deg
full_measured,400.0,4000.0,1067,True,15.0,7.34,0.00972237249955838,1.0399088323868493,-0.0027644221946781,SiC_15deg
full_measured,400.0,4000.0,1067,True,15.0,7.36,0.009760779276898477,1.0399095456122247,-0.0027573712332776457,SiC_15deg
full_measured,400.0,4000.0,1067,True,15.0,7.38,0.009844259880008857,1.0398961285867903,-0.0027461687922489047,SiC_15deg
full_measured,400.0,4000.0,1067,True,15.0,7.4,0.009972288465140375,1.0398677948183828,-0.0027307488372003354,SiC_15deg
full_measured,400.0,4000.0,1067,True,15.0,7.42,0.010143243977175084,1.0398240162885455,-0.002711188530946751,SiC_15deg
full_measured,400.0,4000.0,1067,True,15.0,7.44,0.010354522103464218,1.0397645502044521,-0.0026877028836808157,SiC_15deg
full_measured,400.0,4000.0,1067,True,15.0,7.46,0.010602713135248656,1.039689449394514,-0.0026606309982227234,SiC_15deg
full_measured,400.0,4000.0,1067,True,15.0,7.48,0.010883817986253114,1.0395990558499784,-0.0026304148035549073,SiC_15deg
full_measured,400.0,4000.0,1067,True,15.0,7.5,0.011193473233245143,1.039493978783658,-0.002597571857001822,SiC_15deg
full_measured,400.0,4000.0,1067,True,15.0,7.5200000000000005,0.011527160728448876,1.0393750602102856,-0.002562664340002752,SiC_15deg
full_measured,400.0,4000.0,1067,True,15.0,7.54,0.01188038539732494,1.0392433321438799,-0.0025262666874782975,SiC_15deg
full_measured,400.0,4000.0,1067,True,15.0,7.5600000000000005,0.01224881348564585,1.0390999698734056,-0.002488934328552032,SiC_15deg
full_measured,400.0,4000.0,1067,True,15.0,7.58,0.0126283707965538,1.0389462454067204,-0.0024511757792691972,SiC_15deg
full_measured,400.0,4000.0,1067,True,15.0,7.6000000000000005,0.013015305459019388,1.0387834842189299,-0.002413429867265853,SiC_15deg
full_measured,400.0,4000.0,1067,True,15.0,7.62,0.01340622241652007,1.0386130271807663,-0.0023760492707927488,SiC_15deg
full_measured,400.0,4000.0,1067,True,15.0,7.64,0.013798097504534274,1.0384361982946049,-0.002339290921042224,SiC_15deg
full_measured,400.0,4000.0,1067,True,15.0,7.66,0.014188278256320744,1.0382542779103212,-0.0023033132396436066,SiC_15deg
full_measured,400.0,4000.0,1067,True,15.0,7.68,0.014574477002881657,1.038068480603478,-0.0022681797274140525,SiC_15deg
full_measured,400.0,4000.0,1067,True,15.0,7.7,0.014954759910496204,1.0378799369072698,-0.0022338681138144357,SiC_15deg
full_measured,400.0,4000.0,1067,True,15.0,7.72,0.015327533727122497,1.0376896784947574,-0.0022002841099603935,SiC_15deg
full_measured,400.0,4000.0,1067,True,15.0,7.74,0.015691530480836408,1.0374986270084603,-0.002167278744422601,SiC_15deg
full_measured,400.0,4000.0,1067,True,15.0,7.76,0.016045789372966655,1.0373075872901283,-0.0021346682499844235,SiC_15deg
full_measured,400.0,4000.0,1067,True,15.0,7.78,0.016389634709767637,1.037117246056805,-0.002102255462988524,SiC_15deg
full_measured,400.0,4000.0,1067,True,15.0,7.8,0.016722648890290008,1.0369281769591743,-0.002069851663066724,SiC_15deg
full_measured,400.0,4000.0,1067,True,15.0,7.82,0.017044640096529864,1.036740852413356,-0.0020372977127867276,SiC_15deg
full_measured,400.0,4000.0,1067,True,15.0,7.84,0.017355605230097687,1.0365556617052183,-0.0020044832736850903,SiC_15deg
full_measured,400.0,4000.0,1067,True,15.0,7.86,0.017655689585670226,1.0363729338141385,-0.001971362818790605,SiC_15deg
full_measured,400.0,4000.0,1067,True,15.0,7.88,0.017945145522618146,1.0361929624375084,-0.0019379671846272296,SiC_15deg
full_measured,400.0,4000.0,1067,True,15.0,7.9,0.018224292808244252,1.036016030066091,-0.0019044095567520615,SiC_15deg
full_measured,400.0,4000.0,1067,True,15.0,7.92,0.018493483250270427,1.035842427852875,-0.0018708850920658544,SiC_15deg
full_measured,400.0,4000.0,1067,True,15.0,7.94,0.018753071705368076,1.0356724685126604,-0.0018376638470159678,SiC_15deg
full_measured,400.0,4000.0,1067,True,15.0,7.96,0.019003394645472845,1.0355064905266127,-0.0018050772648593389,SiC_15deg
full_measured,400.0,4000.0,1067,True,15.0,7.98,0.019244756374557515,1.0353448533133822,-0.0017734991051980354,SiC_15deg
full_measured,400.0,4000.0,1067,True,15.0,8.0,0.0194774219520751,1.0351879244828486,-0.0017433222818319177,SiC_15deg
include_reststrahlen_tail,800.0,4000.0,1107,True,10.0,3.0,0.02011751130843271,0.9588323924295852,0.001536018268337277,SiC_10deg
include_reststrahlen_tail,800.0,4000.0,1107,True,10.0,3.02,0.020064242799196833,0.958789606497475,0.0015668260597278523,SiC_10deg
include_reststrahlen_tail,800.0,4000.0,1107,True,10.0,3.04,0.02000998426238044,0.9587503535607836,0.0015964104111190688,SiC_10deg
include_reststrahlen_tail,800.0,4000.0,1107,True,10.0,3.06,0.019954528913631173,0.9587153780312336,0.0016237492410458938,SiC_10deg
include_reststrahlen_tail,800.0,4000.0,1107,True,10.0,3.08,0.01989771189257017,0.9586853069878897,0.0016479428381916818,SiC_10deg
include_reststrahlen_tail,800.0,4000.0,1107,True,10.0,3.1,0.019839426142032515,0.9586605995269735,0.0016682725160356694,SiC_10deg
include_reststrahlen_tail,800.0,4000.0,1107,True,10.0,3.12,0.019779627829152262,0.9586415165135883,0.001684244683481935,SiC_10deg
include_reststrahlen_tail,800.0,4000.0,1107,True,10.0,3.14,0.019718331135089803,0.9586281121417771,0.0016956177794720225,SiC_10deg
include_reststrahlen_tail,800.0,4000.0,1107,True,10.0,3.16,0.019655594647663945,0.9586202450544316,0.0017024112067615651,SiC_10deg
include_reststrahlen_tail,800.0,4000.0,1107,True,10.0,3.18,0.019591503345418038,0.9586176040014457,0.0017048969479200587,SiC_10deg
include_reststrahlen_tail,800.0,4000.0,1107,True,10.0,3.2,0.019526150859261678,0.9586197416592632,0.0017035757654957505,SiC_10deg
include_reststrahlen_tail,800.0,4000.0,1107,True,10.0,3.22,0.01945962621323093,0.9586261104516749,0.001699140682515413,SiC_10deg
include_reststrahlen_tail,800.0,4000.0,1107,True,10.0,3.24,0.019392007748491313,0.958636095763541,0.0016924308137992604,SiC_10deg
include_reststrahlen_tail,800.0,4000.0,1107,True,10.0,3.26,0.019323364833502343,0.9586490442865117,0.0016843786599734197,SiC_10deg
include_reststrahlen_tail,800.0,4000.0,1107,True,10.0,3.2800000000000002,0.01925376579809749,0.958664287689234,0.001675953819180534,SiC_10deg
include_reststrahlen_tail,800.0,4000.0,1107,True,10.0,3.3,0.019183288837713367,0.9586811636996078,0.0016681058569921541,SiC_10deg
include_reststrahlen_tail,800.0,4000.0,1107,True,10.0,3.32,0.0191120318261872,0.9586990375403743,0.0016617089115932727,SiC_10deg
include_reststrahlen_tail,800.0,4000.0,1107,True,10.0,3.34,0.019040117243027514,0.9587173262757821,0.001657510548985637,SiC_10deg
include_reststrahlen_tail,800.0,4000.0,1107,True,10.0,3.36,0.018967689697027793,0.9587355271354472,0.001656087402649215,SiC_10deg
include_reststrahlen_tail,800.0,4000.0,1107,True,10.0,3.38,0.01889490550365469,0.9587532487012568,0.0016578101530752864,SiC_10deg
include_reststrahlen_tail,800.0,4000.0,1107,True,10.0,3.4,0.018821915966098075,0.9587702415841268,0.0016628203059005887,SiC_10deg
include_reststrahlen_tail,800.0,4000.0,1107,True,10.0,3.42,0.018748847870697662,0.9587864235348477,0.0016710208907411927,SiC_10deg
include_reststrahlen_tail,800.0,4000.0,1107,True,10.0,3.44,0.01867578575094525,0.9588018933655286,0.0016820825393042485,SiC_10deg
include_reststrahlen_tail,800.0,4000.0,1107,True,10.0,3.46,0.018602760400707137,0.9588169288839905,0.0016954653925029982,SiC_10deg
include_reststrahlen_tail,800.0,4000.0,1107,True,10.0,3.48,0.01852974690016027,0.9588319661952304,0.0017104560007552654,SiC_10deg
include_reststrahlen_tail,800.0,4000.0,1107,True,10.0,3.5,0.018456673326436218,0.9588475607850038,0.0017262169719186376,SiC_10deg
include_reststrahlen_tail,800.0,4000.0,1107,True,10.0,3.52,0.01838343886329575,0.9588643340949615,0.001741845797662921,SiC_10deg
include_reststrahlen_tail,800.0,4000.0,1107,True,10.0,3.54,0.01830993781908773,0.9588829120583946,0.0017564382745183112,SiC_10deg
include_reststrahlen_tail,800.0,4000.0,1107,True,10.0,3.56,0.018236084672797862,0.9589038636295109,0.0017691514143625933,SiC_10deg
include_reststrahlen_tail,800.0,4000.0,1107,True,10.0,3.58,0.018161835046595964,0.9589276473304905,0.001779260810370964,SiC_10deg
include_reststrahlen_tail,800.0,4000.0,1107,True,10.0,3.6,0.0180871984963346,0.9589545722684562,0.0017862080788601715,SiC_10deg
include_reststrahlen_tail,800.0,4000.0,1107,True,10.0,3.62,0.01801224095150423,0.9589847773282603,0.0017896351184558087,SiC_10deg
include_reststrahlen_tail,800.0,4000.0,1107,True,10.0,3.64,0.017937077021112604,0.959018228986665,0.0017894033209887748,SiC_10deg
include_reststrahlen_tail,800.0,4000.0,1107,True,10.0,3.66,0.017861854613911207,0.9590547351706229,0.0017855973074062024,SiC_10deg
include_reststrahlen_tail,800.0,4000.0,1107,True,10.0,3.68,0.01778673586314657,0.9590939704449815,0.0017785140401192123,SiC_10deg
include_reststrahlen_tail,800.0,4000.0,1107,True,10.0,3.7,0.01771187885292849,0.9591355069524135,0.001768639134887963,SiC_10deg
include_reststrahlen_tail,800.0,4000.0,1107,True,10.0,3.7199999999999998,0.017637424039096825,0.9591788459936624,0.0017566127984048664,SiC_10deg
include_reststrahlen_tail,800.0,4000.0,1107,True,10.0,3.74,0.01756348773989648,0.9592234466593903,0.0017431880737223864,SiC_10deg
include_reststrahlen_tail,800.0,4000.0,1107,True,10.0,3.76,0.017490163052182164,0.9592687500034822,0.001729184070572481,SiC_10deg
include_reststrahlen_tail,800.0,4000.0,1107,True,10.0,3.7800000000000002,0.01741752654460089,0.9593141992847526,0.0017154367099578712,SiC_10deg
include_reststrahlen_tail,800.0,4000.0,1107,True,10.0,3.8,0.01734564758687719,0.9593592582570103,0.0017027493378635463,SiC_10deg
include_reststrahlen_tail,800.0,4000.0,1107,True,10.0,3.8200000000000003,0.017274596553961998,0.9594034299931955,0.0016918454436089545,SiC_10deg
include_reststrahlen_tail,800.0,4000.0,1107,True,10.0,3.84,0.017204448538213762,0.9594462781828776,0.0016833256829112085,SiC_10deg
include_reststrahlen_tail,800.0,4000.0,1107,True,10.0,3.86,0.01713528050742782,0.9594874514150471,0.001677631424083957,SiC_10deg
include_reststrahlen_tail,800.0,4000.0,1107,True,10.0,3.88,0.01706716173409623,0.9595267090542746,0.0016750170289893578,SiC_10deg
include_reststrahlen_tail,800.0,4000.0,1107,True,10.0,3.9,0.017000139315666466,0.9595639454793493,0.0016755329434287238,SiC_10deg
include_reststrahlen_tail,800.0,4000.0,1107,True,10.0,3.92,0.016934222192023878,0.9595992082272293,0.0016790213050651885,SiC_10deg
include_reststrahlen_tail,800.0,4000.0,1107,True,10.0,3.94,0.016869367816998784,0.9596327053876303,0.0016851251192940005,SiC_10deg
include_reststrahlen_tail,800.0,4000.0,1107,True,10.0,3.96,0.01680547532754254,0.9596647985944778,0.0016933111076945667,SiC_10deg
include_reststrahlen_tail,800.0,4000.0,1107,True,10.0,3.98,0.016742387720241635,0.9596959800255389,0.0017029051786765545,SiC_10deg
include_reststrahlen_tail,800.0,4000.0,1107,True,10.0,4.0,0.016679903506473772,0.9597268345280764,0.0017131382528669029,SiC_10deg
include_reststrahlen_tail,800.0,4000.0,1107,True,10.0,4.02,0.016617796090402558,0.9597579907239581,0.001723199084669431,SiC_10deg
include_reststrahlen_tail,800.0,4000.0,1107,True,10.0,4.04,0.016555837276686088,0.9597900670629342,0.001732289943914903,SiC_10deg
include_reststrahlen_tail,800.0,4000.0,1107,True,10.0,4.0600000000000005,0.01649382034838071,0.9598236197743083,0.0017396807002756098,SiC_10deg
include_reststrahlen_tail,800.0,4000.0,1107,True,10.0,4.08,0.01643157830886354,0.9598590992769359,0.0017447570504136019,SiC_10deg
include_reststrahlen_tail,800.0,4000.0,1107,True,10.0,4.1,0.016368994103676458,0.9598968199465255,0.0017470593097760445,SiC_10deg
include_reststrahlen_tail,800.0,4000.0,1107,True,10.0,4.12,0.016306001597595515,0.9599369456187105,0.001746309235858636,SiC_10deg
include_reststrahlen_tail,800.0,4000.0,1107,True,10.0,4.140000000000001,0.016242578264160163,0.9599794904315723,0.001742423578282443,SiC_10deg
include_reststrahlen_tail,800.0,4000.0,1107,True,10.0,4.16,0.016178732393669126,0.9600243322186143,0.0017355142686346257,SiC_10deg
include_reststrahlen_tail,800.0,4000.0,1107,True,10.0,4.18,0.016114488690293135,0.9600712341561508,0.0017258762030603772,SiC_10deg
include_reststrahlen_tail,800.0,4000.0,1107,True,10.0,4.2,0.016049876173238695,0.9601198700006072,0.0017139643263856847,SiC_10deg
include_reststrahlen_tail,800.0,4000.0,1107,True,10.0,4.22,0.015984921348561585,0.9601698489780209,0.001700362165748687,SiC_10deg
include_reststrahlen_tail,800.0,4000.0,1107,True,10.0,4.24,0.015919647950089093,0.9602207379040413,0.0016857441212102802,SiC_10deg
include_reststrahlen_tail,800.0,4000.0,1107,True,10.0,4.26,0.015854082600764575,0.9602720799426374,0.001670833786111295,SiC_10deg
include_reststrahlen_tail,800.0,4000.0,1107,True,10.0,4.28,0.015788264015802703,0.9603234110374828,0.0016563604456917103,SiC_10deg
include_reststrahlen_tail,800.0,4000.0,1107,True,10.0,4.3,0.01572225228861699,0.9603742760377036,0.0016430157820287628,SiC_10deg
include_reststrahlen_tail,800.0,4000.0,1107,True,10.0,4.32,0.01565613463874648,0.9604242466385821,0.0016314127542025455,SiC_10deg
include_reststrahlen_tail,800.0,4000.0,1107,True,10.0,4.34,0.015590024804823844,0.9604729424544234,0.0016220486326296944,SiC_10deg
include_reststrahlen_tail,800.0,4000.0,1107,True,10.0,4.36,0.01552405484975709,0.9605200550583647,0.001615274203328531,SiC_10deg
include_reststrahlen_tail,800.0,4000.0,1107,True,10.0,4.38,0.01545836013238333,0.9605653730696622,0.0016112711412119118,SiC_10deg
include_reststrahlen_tail,800.0,4000.0,1107,True,10.0,4.4,0.01539306010280592,0.9606088048377237,0.0016100393861645738,SiC_10deg
include_reststrahlen_tail,800.0,4000.0,1107,True,10.0,4.42,0.015328238911698586,0.9606503944271803,0.0016113959602663385,SiC_10deg
include_reststrahlen_tail,800.0,4000.0,1107,True,10.0,4.4399999999999995,0.015263930221835685,0.960690326761344,0.0016149859995849925,SiC_10deg
include_reststrahlen_tail,800.0,4000.0,1107,True,10.0,4.46,0.015200109928644937,0.960728919004419,0.0016203058618748229,SiC_10deg
include_reststrahlen_tail,800.0,4000.0,1107,True,10.0,4.48,0.015136698864518775,0.9607665973532628,0.0016267371022177983,SiC_10deg
include_reststrahlen_tail,800.0,4000.0,1107,True,10.0,4.5,0.015073575363111756,0.9608038609277467,0.00163358902755514,SiC_10deg
include_reststrahlen_tail,800.0,4000.0,1107,True,10.0,4.52,0.015010595342331054,0.9608412368205081,0.0016401466204966064,SiC_10deg
include_reststrahlen_tail,800.0,4000.0,1107,True,10.0,4.54,0.014947615893627744,0.9608792320308642,0.0016457200233218553,SiC_10deg
include_reststrahlen_tail,800.0,4000.0,1107,True,10.0,4.5600000000000005,0.014884517667380578,0.96091828856349,0.0016496916050447764,SiC_10deg
include_reststrahlen_tail,800.0,4000.0,1107,True,10.0,4.58,0.01482122178891112,0.9609587472909887,0.0016515569303731303,SiC_10deg
include_reststrahlen_tail,800.0,4000.0,1107,True,10.0,4.6,0.014757698494322192,0.9610008244355129,0.0016509566560117474,SiC_10deg
include_reststrahlen_tail,800.0,4000.0,1107,True,10.0,4.62,0.014693966747334867,0.9610446021483531,0.001647697370990983,SiC_10deg
include_reststrahlen_tail,800.0,4000.0,1107,True,10.0,4.640000000000001,0.014630086247325265,0.9610900322231639,0.0016417605058004815,SiC_10deg
include_reststrahlen_tail,800.0,4000.0,1107,True,10.0,4.66,0.014566144923325674,0.9611369500191843,0.0016332994896751931,SiC_10deg
include_reststrahlen_tail,800.0,4000.0,1107,True,10.0,4.68,0.014502245824951488,0.9611850945920986,0.0016226262001269888,SiC_10deg
include_reststrahlen_tail,800.0,4000.0,1107,True,10.0,4.7,0.014438497098504017,0.9612341309863054,0.001610188346233995,SiC_10deg
include_reststrahlen_tail,800.0,4000.0,1107,True,10.0,4.72,0.014375007569795,0.9612836715235346,0.0015965397465911664,SiC_10deg
include_reststrahlen_tail,800.0,4000.0,1107,True,10.0,4.74,0.014311888670322027,0.9613332944025206,0.0015823055514498758,SiC_10deg
include_reststrahlen_tail,800.0,4000.0,1107,True,10.0,4.76,0.014249261508803589,0.9613825595537049,0.0015681444003465838,SiC_10deg
include_reststrahlen_tail,800.0,4000.0,1107,True,10.0,4.78,0.01418726629975511,0.9614310230174269,0.0015547093946666635,SiC_10deg
include_reststrahlen_tail,800.0,4000.0,1107,True,10.0,4.8,0.014126070516727075,0.9614782517822582,0.0015426096753095456,SiC_10deg
include_reststrahlen_tail,800.0,4000.0,1107,True,10.0,4.82,0.014065872258084729,0.9615238408633877,0.001532374368391133,SiC_10deg
include_reststrahlen_tail,800.0,4000.0,1107,True,10.0,4.84,0.01400689638332701,0.961567433468835,0.0015244206902543173,SiC_10deg
include_reststrahlen_tail,800.0,4000.0,1107,True,10.0,4.86,0.013949382753232285,0.9616087436475365,0.001519028037328226,SiC_10deg
include_reststrahlen_tail,800.0,4000.0,1107,True,10.0,4.88,0.013893567964441998,0.9616475792367503,0.0015163198478835237,SiC_10deg
include_reststrahlen_tail,800.0,4000.0,1107,True,10.0,4.9,0.013839663799544951,0.961683861676347,0.0015162548263126744,SiC_10deg
include_reststrahlen_tail,800.0,4000.0,1107,True,10.0,4.92,0.013787836740917995,0.9617176387236246,0.0015186287009705467,SiC_10deg
include_reststrahlen_tail,800.0,4000.0,1107,True,10.0,4.9399999999999995,0.01373819299768545,0.9617490865123077,0.0015230870223103537,SiC_10deg
include_reststrahlen_tail,800.0,4000.0,1107,True,10.0,4.96,0.013690772495214817,0.9617784987493868,0.0015291486362596536,SiC_10deg
include_reststrahlen_tail,800.0,4000.0,1107,True,10.0,4.98,0.013645553385738652,0.9618062628859263,0.001536238485209239,SiC_10deg
include_reststrahlen_tail,800.0,4000.0,1107,True,10.0,5.0,0.013602466312618052,0.9618328253908414,0.0015437274365783557,SiC_10deg
include_reststrahlen_tail,800.0,4000.0,1107,True,10.0,5.02,0.013561415486151081,0.9618586502713534,0.0015509760728729782,SiC_10deg
include_reststrahlen_tail,800.0,4000.0,1107,True,10.0,5.04,0.013522302163484039,0.9618841762413642,0.001557378933112341,SiC_10deg
include_reststrahlen_tail,800.0,4000.0,1107,True,10.0,5.0600000000000005,0.013485045740963637,0.9619097781385061,0.0015624056557057729,SiC_10deg
include_reststrahlen_tail,800.0,4000.0,1107,True,10.0,5.08,0.013449598446138147,0.9619357372910294,0.0015656358455795646,SiC_10deg
include_reststrahlen_tail,800.0,4000.0,1107,True,10.0,5.1,0.013415951331994993,0.9619622237657525,0.001566785205785201,SiC_10deg
include_reststrahlen_tail,800.0,4000.0,1107,True,10.0,5.12,0.013384131462348335,0.9619892912217276,0.0015657214090641542,SiC_10deg
include_reststrahlen_tail,800.0,4000.0,1107,True,10.0,5.140000000000001,0.013354192262756404,0.9620168829708448,0.0015624691826779942,SiC_10deg
include_reststrahlen_tail,800.0,4000.0,1107,True,10.0,5.16,0.013326200472353576,0.9620448462755322,0.0015572049923147952,SiC_10deg
include_reststrahlen_tail,800.0,4000.0,1107,True,10.0,5.18,0.013300223626126307,0.9620729511976137,0.0015502424282699137,SiC_10deg
include_reststrahlen_tail,800.0,4000.0,1107,True,10.0,5.2,0.01327632144201136,0.9621009105235062,0.001542009866099147,SiC_10deg
include_reststrahlen_tail,800.0,4000.0,1107,True,10.0,5.220000000000001,0.013254543069074868,0.9621283982693931,0.0015330222006539748,SiC_10deg
include_reststrahlen_tail,800.0,4000.0,1107,True,10.0,5.24,0.01323493026875568,0.9621550656805501,0.0015238484907478685,SiC_10deg
include_reststrahlen_tail,800.0,4000.0,1107,True,10.0,5.26,0.013217524751547706,0.9621805550642921,0.001515077282031014,SiC_10deg
include_reststrahlen_tail,800.0,4000.0,1107,True,10.0,5.28,0.013202376555523325,0.9622045128426064,0.0015072812797290224,SiC_10deg
include_reststrahlen_tail,800.0,4000.0,1107,True,10.0,5.300000000000001,0.013189549873377544,0.9622266036016112,0.0015009829813632115,SiC_10deg
include_reststrahlen_tail,800.0,4000.0,1107,True,10.0,5.32,0.013179123239247931,0.9622465265522534,0.0014966228764159266,SiC_10deg
include_reststrahlen_tail,800.0,4000.0,1107,True,10.0,5.34,0.013171182361381295,0.9622640348006458,0.0014945318572213294,SiC_10deg
include_reststrahlen_tail,800.0,4000.0,1107,True,10.0,5.359999999999999,0.013165805801869341,0.9622789564312885,0.0014949095088182397,SiC_10deg
include_reststrahlen_tail,800.0,4000.0,1107,True,10.0,5.38,0.013163045688392784,0.9622912150166547,0.0014978098796372388,SiC_10deg
include_reststrahlen_tail,800.0,4000.0,1107,True,10.0,5.4,0.013162907190010975,0.9623008461849782,0.0015031361050574957,SiC_10deg
include_reststrahlen_tail,800.0,4000.0,1107,True,10.0,5.42,0.01316533118383937,0.9623080066254986,0.0015106448120862789,SiC_10deg
include_reststrahlen_tail,800.0,4000.0,1107,True,10.0,5.4399999999999995,0.01317018416654273,0.9623129725385405,0.0015199605703148306,SiC_10deg
include_reststrahlen_tail,800.0,4000.0,1107,True,10.0,5.46,0.013177258077058692,0.9623161259800258,0.0015305998214861808,SiC_10deg
include_reststrahlen_tail,800.0,4000.0,1107,True,10.0,5.48,0.01318628061699184,0.9623179295240046,0.0015420028186866124,SiC_10deg
include_reststrahlen_tail,800.0,4000.0,1107,True,10.0,5.5,0.013196934397534268,0.9623188917374279,0.0015535712714119046,SiC_10deg
include_reststrahlen_tail,800.0,4000.0,1107,True,10.0,5.52,0.013208881377081377,0.9623195276476386,0.001564708764661363,SiC_10deg
include_reststrahlen_tail,800.0,4000.0,1107,True,10.0,5.54,0.013221788049716389,0.962320319284367,0.0015748607112707725,SiC_10deg
include_reststrahlen_tail,800.0,4000.0,1107,True,10.0,5.5600000000000005,0.013235346936576617,0.9623216812817256,0.0015835506642179074,SiC_10deg
include_reststrahlen_tail,800.0,4000.0,1107,True,10.0,5.58,0.013249291061624162,0.9623239354650523,0.0015904102474765093,SiC_10deg
include_reststrahlen_tail,800.0,4000.0,1107,True,10.0,5.6,0.0132633999342505,0.9623272965902179,0.0015952006815816882,SiC_10deg
include_reststrahlen_tail,800.0,4000.0,1107,True,10.0,5.62,0.013277497617951661,0.9623318693773082,0.001597824757991674,SiC_10deg
include_reststrahlen_tail,800.0,4000.0,1107,True,10.0,5.640000000000001,0.013291445211219147,0.9623376551574435,0.001598329012404483,SiC_10deg
include_reststrahlen_tail,800.0,4000.0,1107,True,10.0,5.66,0.01330513108511166,0.9623445652235549,0.001596896634439557,SiC_10deg
include_reststrahlen_tail,800.0,4000.0,1107,True,10.0,5.68,0.013318462299922177,0.9623524375627354,0.001593832243122192,SiC_10deg
include_reststrahlen_tail,800.0,4000.0,1107,True,10.0,5.7,0.013331359796373596,0.9623610540533734,0.0015895400214879817,SiC_10deg
include_reststrahlen_tail,800.0,4000.0,1107,True,10.0,5.720000000000001,0.013343758483903944,0.962370156237412,0.0015844968585610594,SiC_10deg
include_reststrahlen_tail,800.0,4000.0,1107,True,10.0,5.74,0.013355611636513037,0.9623794590918793,0.0015792221507657902,SiC_10deg
include_reststrahlen_tail,800.0,4000.0,1107,True,10.0,5.76,0.013366897504075406,0.9623886634413845,0.0015742458430143727,SiC_10deg
include_reststrahlen_tail,800.0,4000.0,1107,True,10.0,5.78,0.013377625136657188,0.9623974684394754,0.0015700762127811938,SiC_10deg
include_reststrahlen_tail,800.0,4000.0,1107,True,10.0,5.800000000000001,0.013387836331363442,0.9624055856920252,0.0015671688648721779,SiC_10deg
include_reststrahlen_tail,800.0,4000.0,1107,True,10.0,5.82,0.013397601374769063,0.9624127560623433,0.0015658984210740003,SiC_10deg
include_reststrahlen_tail,800.0,4000.0,1107,True,10.0,5.84,0.013407007693542703,0.9624187691269579,0.001566534430357841,SiC_10deg
include_reststrahlen_tail,800.0,4000.0,1107,True,10.0,5.859999999999999,0.01341614230071853,0.9624234839293616,0.0015692230347667626,SiC_10deg
include_reststrahlen_tail,800.0,4000.0,1107,True,10.0,5.88,0.013425070604242995,0.9624268484721327,0.0015739758324253479,SiC_10deg
include_reststrahlen_tail,800.0,4000.0,1107,True,10.0,5.9,0.013433815304683972,0.9624289146520243,0.0015806671182060656,SiC_10deg
include_reststrahlen_tail,800.0,4000.0,1107,True,10.0,5.92,0.013442339437727454,0.9624298453343844,0.0015890402187292679,SiC_10deg
include_reststrahlen_tail,800.0,4000.0,1107,True,10.0,5.9399999999999995,0.0134505369970081,0.9624299110678146,0.0015987229803997298,SiC_10deg
include_reststrahlen_tail,800.0,4000.0,1107,True,10.0,5.96,0.013458233123781227,0.9624294754376378,0.0016092516767075812,SiC_10deg
include_reststrahlen_tail,800.0,4000.0,1107,True,10.0,5.98,0.013465193909837364,0.9624289699419527,0.0016201017775994014,SiC_10deg
include_reststrahlen_tail,800.0,4000.0,1107,True,10.0,6.0,0.013471143902725505,0.9624288611252574,0.0016307232972400337,SiC_10deg
include_reststrahlen_tail,800.0,4000.0,1107,True,10.0,6.02,0.0134757879117521,0.962429614090668,0.0016405779311364894,SiC_10deg
include_reststrahlen_tail,800.0,4000.0,1107,True,10.0,6.04,0.013478833050575192,0.9624316571055597,0.0016491750004226262,SiC_10deg
include_reststrahlen_tail,800.0,4000.0,1107,True,10.0,6.0600000000000005,0.013480007257516127,0.9624353516824133,0.0016561033756331664,SiC_10deg
include_reststrahlen_tail,800.0,4000.0,1107,True,10.0,6.08,0.01347907169308082,0.9624409713504972,0.001661057025650266,SiC_10deg
include_reststrahlen_tail,800.0,4000.0,1107,True,10.0,6.1,0.013475826095219731,0.9624486906292556,0.0016638525437646723,SiC_10deg
include_reststrahlen_tail,800.0,4000.0,1107,True,10.0,6.12,0.01347010792759231,0.9624585838842236,0.0016644378202314563,SiC_10deg
include_reststrahlen_tail,800.0,4000.0,1107,True,10.0,6.140000000000001,0.013461787540017466,0.9624706322117208,0.0016628918305660336,SiC_10deg
include_reststrahlen_tail,800.0,4000.0,1107,True,10.0,6.16,0.01345076224675871,0.9624847355801588,0.0016594161837109541,SiC_10deg
include_reststrahlen_tail,800.0,4000.0,1107,True,10.0,6.18,0.013436952083668454,0.9625007273002584,0.0016543195582505135,SiC_10deg
include_reststrahlen_tail,800.0,4000.0,1107,True,10.0,6.2,0.013420299110283865,0.962518388451537,0.001647996432057601,SiC_10deg
include_reststrahlen_tail,800.0,4000.0,1107,True,10.0,6.220000000000001,0.01340077074068696,0.9625374609349899,0.0016409016102189881,SiC_10deg
include_reststrahlen_tail,800.0,4000.0,1107,True,10.0,6.24,0.013378366089395091,0.9625576590238234,0.0016335220371944366,SiC_10deg
include_reststrahlen_tail,800.0,4000.0,1107,True,10.0,6.26,0.013353123093865453,0.9625786802995796,0.0016263473115653568,SiC_10deg
include_reststrahlen_tail,800.0,4000.0,1107,True,10.0,6.28,0.01332512353707137,0.9626002174095641,0.0016198402649260286,SiC_10deg
include_reststrahlen_tail,800.0,4000.0,1107,True,10.0,6.300000000000001,0.013294493212276715,0.96262197201425,0.0016144089540884945,SiC_10deg
include_reststrahlen_tail,800.0,4000.0,1107,True,10.0,6.32,0.013261395338725853,0.9626436716240484,0.0016103814471681772,SiC_10deg
include_reststrahlen_tail,800.0,4000.0,1107,True,10.0,6.34,0.013226016765660278,0.9626650889269688,0.0016079848251399393,SiC_10deg
include_reststrahlen_tail,800.0,4000.0,1107,True,10.0,6.359999999999999,0.013188548168496966,0.9626860619743257,0.0016073298129235256,SiC_10deg
include_reststrahlen_tail,800.0,4000.0,1107,True,10.0,6.38,0.013149160950784824,0.9627065125640978,0.0016084023321532774,SiC_10deg
include_reststrahlen_tail,800.0,4000.0,1107,True,10.0,6.4,0.013107984542509454,0.962726459650816,0.0016110629779433792,SiC_10deg
include_reststrahlen_tail,800.0,4000.0,1107,True,10.0,6.42,0.013065087963342017,0.962746024814217,0.0016150549417216745,SiC_10deg
include_reststrahlen_tail,800.0,4000.0,1107,True,10.0,6.4399999999999995,0.013020468816885344,0.9627654277624015,0.0016200202528690777,SiC_10deg
include_reststrahlen_tail,800.0,4000.0,1107,True,10.0,6.46,0.012974051435789802,0.9627849713659511,0.0016255234610970965,SiC_10deg
include_reststrahlen_tail,800.0,4000.0,1107,True,10.0,6.48,0.012925694040801143,0.962805017497086,0.001631081133317413,SiC_10deg
include_reststrahlen_tail,800.0,4000.0,1107,True,10.0,6.5,0.012875202958331956,0.9628259565802245,0.0016361949130521206,SiC_10deg
include_reststrahlen_tail,800.0,4000.0,1107,True,10.0,6.52,0.012822350607140858,0.9628481748664215,0.001640385495784812,SiC_10deg
include_reststrahlen_tail,800.0,4000.0,1107,True,10.0,6.54,0.012766893435755777,0.9628720237654739,0.0016432247814616248,SiC_10deg
include_reststrahlen_tail,800.0,4000.0,1107,True,10.0,6.5600000000000005,0.01270858637547041,0.9628977950397516,0.001644363692098626,SiC_10deg
include_reststrahlen_tail,800.0,4000.0,1107,True,10.0,6.58,0.012647191536802941,0.962925704425453,0.0016435536457777714,SiC_10deg
include_reststrahlen_tail,800.0,4000.0,1107,True,10.0,6.6,0.012582480491189948,0.9629558846108858,0.0016406603676642046,SiC_10deg
include_reststrahlen_tail,800.0,4000.0,1107,True,10.0,6.62,0.012514231113714214,0.9629883868599161,0.001635669477582086,SiC_10deg
include_reststrahlen_tail,800.0,4000.0,1107,True,10.0,6.640000000000001,0.012442221201739552,0.9630231892920431,0.0016286840068330739,SiC_10deg
include_reststrahlen_tail,800.0,4000.0,1107,True,10.0,6.66,0.012366221634628333,0.9630602091736912,0.001619914574802895,SiC_10deg
include_reststrahlen_tail,800.0,4000.0,1107,True,10.0,6.68,0.012285991596257166,0.9630993166214672,0.0016096633505030256,SiC_10deg
include_reststrahlen_tail,800.0,4000.0,1107,True,10.0,6.7,0.012201277444561356,0.9631403477707615,0.001598303133290372,SiC_10deg
include_reststrahlen_tail,800.0,4000.0,1107,True,10.0,6.720000000000001,0.01211181545042475,0.9631831164822867,0.0015862529467115132,SiC_10deg
include_reststrahlen_tail,800.0,4000.0,1107,True,10.0,6.74,0.012017337208586198,0.9632274247306031,0.0015739515087802964,SiC_10deg
include_reststrahlen_tail,800.0,4000.0,1107,True,10.0,6.76,0.0119175754191369,0.963273072634336,0.0015618298839088559,SiC_10deg
include_reststrahlen_tail,800.0,4000.0,1107,True,10.0,6.78,0.011812267242770342,0.9633198694201736,0.0015502845850075078,SiC_10deg
include_reststrahlen_tail,800.0,4000.0,1107,True,10.0,6.800000000000001,0.011701152694176301,0.9633676463667817,0.0015396524008963138,SiC_10deg
include_reststrahlen_tail,800.0,4000.0,1107,True,10.0,6.82,0.011583966526483936,0.9634162720090886,0.0015301882637964376,SiC_10deg
include_reststrahlen_tail,800.0,4000.0,1107,True,10.0,6.84,0.011460423573663019,0.9634656687958123,0.0015220475047654492,SiC_10deg
include_reststrahlen_tail,800.0,4000.0,1107,True,10.0,6.859999999999999,0.011330199223336931,0.9635158292758413,0.0015152738136784548,SiC_10deg
include_reststrahlen_tail,800.0,4000.0,1107,True,10.0,6.88,0.011192908193050107,0.963566829059874,0.0015097940649538935,SiC_10deg
include_reststrahlen_tail,800.0,4000.0,1107,True,10.0,6.9,0.011048085707969559,0.9636188335270915,0.0015054208477071113,SiC_10deg
include_reststrahlen_tail,800.0,4000.0,1107,True,10.0,6.92,0.010895175273275626,0.9636720956642604,0.0015018630393102254,SiC_10deg
include_reststrahlen_tail,800.0,4000.0,1107,True,10.0,6.9399999999999995,0.010733526434776503,0.9637269435099344,0.0014987441168104667,SiC_10deg
include_reststrahlen_tail,800.0,4000.0,1107,True,10.0,6.96,0.010562404380404207,0.9637837572313267,0.0014956271851990373,SiC_10deg
include_reststrahlen_tail,800.0,4000.0,1107,True,10.0,6.98,0.010381011299783907,0.9638429375575265,0.0014920450182819712,SiC_10deg
include_reststrahlen_tail,800.0,4000.0,1107,True,10.0,7.0,0.010188517545492845,0.9639048687514005,0.0014875328679776615,SiC_10deg
include_reststrahlen_tail,800.0,4000.0,1107,True,10.0,7.0200000000000005,0.009984099275740689,0.9639698801920286,0.0014816614947400428,SiC_10deg
include_reststrahlen_tail,800.0,4000.0,1107,True,10.0,7.04,0.009766978724372781,0.9640382107640376,0.0014740678589131831,SiC_10deg
include_reststrahlen_tail,800.0,4000.0,1107,True,10.0,7.0600000000000005,0.009536463651804897,0.9641099796009345,0.0014644811903951496,SiC_10deg
include_reststrahlen_tail,800.0,4000.0,1107,True,10.0,7.08,0.009291983762805083,0.9641851654860332,0.001452742669262658,SiC_10deg
include_reststrahlen_tail,800.0,4000.0,1107,True,10.0,7.1,0.009033123633576404,0.9642635956924065,0.0014388176106254402,SiC_10deg
include_reststrahlen_tail,800.0,4000.0,1107,True,10.0,7.12,0.00875965357878064,0.9643449436070903,0.0014227997434821203,SiC_10deg
include_reststrahlen_tail,800.0,4000.0,1107,True,10.0,7.14,0.00847156153146516,0.9644287334522904,0.0014049078043002943,SiC_10deg
include_reststrahlen_tail,800.0,4000.0,1107,True,10.0,7.16,0.008169090136047715,0.9645143499800949,0.0013854751588825618,SiC_10deg
include_reststrahlen_tail,800.0,4000.0,1107,True,10.0,7.18,0.00785278376291803,0.9646010512046485,0.0013649334888322622,SiC_10deg
include_reststrahlen_tail,800.0,4000.0,1107,True,10.0,7.2,0.00752355011594528,0.9646879829141832,0.001343791740803598,SiC_10deg
include_reststrahlen_tail,800.0,4000.0,1107,True,10.0,7.22,0.007182740734025985,0.9647741946259948,0.0013226115787819785,SiC_10deg
include_reststrahlen_tail,800.0,4000.0,1107,True,10.0,7.24,0.006832254250625391,0.9648586575144062,0.001301980559056616,SiC_10deg
include_reststrahlen_tail,800.0,4000.0,1107,True,10.0,7.26,0.006474665942169151,0.9649402853866014,0.0012824842197544668,SiC_10deg
include_reststrahlen_tail,800.0,4000.0,1107,True,10.0,7.28,0.006113386696089668,0.965017959827186,0.0012646782800118462,SiC_10deg
include_reststrahlen_tail,800.0,4000.0,1107,True,10.0,7.3,0.0057528531194274805,0.9650905601358873,0.0012490621887800257,SiC_10deg
include_reststrahlen_tail,800.0,4000.0,1107,True,10.0,7.32,0.005398745638349799,0.9651569977420874,0.0012360553305904123,SiC_10deg
include_reststrahlen_tail,800.0,4000.0,1107,True,10.0,7.34,0.005058218062232516,0.9652162536152772,0.0012259772409385554,SiC_10deg
include_reststrahlen_tail,800.0,4000.0,1107,True,10.0,7.36,0.0047400916859735845,0.9652674160927194,0.0012190331498281338,SiC_10deg
include_reststrahlen_tail,800.0,4000.0,1107,True,10.0,7.38,0.004454909583776666,0.9653097158093602,0.0012153060042757002,SiC_10deg
include_reststrahlen_tail,800.0,4000.0,1107,True,10.0,7.4,0.0042146628507004754,0.9653425542642299,0.0012147557855823905,SiC_10deg
include_reststrahlen_tail,800.0,4000.0,1107,True,10.0,7.42,0.004031932901261649,0.9653655230864198,0.0012172264356843882,SiC_10deg
include_reststrahlen_tail,800.0,4000.0,1107,True,10.0,7.44,0.003918265280678157,0.9653784122025248,0.0012224600804162245,SiC_10deg
include_reststrahlen_tail,800.0,4000.0,1107,True,10.0,7.46,0.003881955249313635,0.9653812066329692,0.001230117564434719,SiC_10deg
include_reststrahlen_tail,800.0,4000.0,1107,True,10.0,7.48,0.003926012913064398,0.9653740732282677,0.001239803693956294,SiC_10deg
include_reststrahlen_tail,800.0,4000.0,1107,True,10.0,7.5,0.004047353683830908,0.965357339947659,0.0012510951212876987,SiC_10deg
include_reststrahlen_tail,800.0,4000.0,1107,True,10.0,7.5200000000000005,0.004237697282455043,0.9653314709993428,0.0012635685785358692,SiC_10deg
include_reststrahlen_tail,800.0,4000.0,1107,True,10.0,7.54,0.0044856283217668165,0.9652970411662337,0.0012768272139303317,SiC_10deg
include_reststrahlen_tail,800.0,4000.0,1107,True,10.0,7.5600000000000005,0.004778766106232491,0.9652547119753728,0.0012905230889454216,SiC_10deg
include_reststrahlen_tail,800.0,4000.0,1107,True,10.0,7.58,0.005105313924001924,0.9652052112406739,0.0013043743968429052,SiC_10deg
include_reststrahlen_tail,800.0,4000.0,1107,True,10.0,7.6000000000000005,0.005454845856646587,0.9651493162303236,0.0013181765706704604,SiC_10deg
include_reststrahlen_tail,800.0,4000.0,1107,True,10.0,7.62,0.005818534221494786,0.9650878396140496,0.0013318070593414187,SiC_10deg
include_reststrahlen_tail,800.0,4000.0,1107,True,10.0,7.64,0.006189077086507534,0.9650216166946978,0.0013452240762270476,SiC_10deg
include_reststrahlen_tail,800.0,4000.0,1107,True,10.0,7.66,0.006560511275186701,0.9649514923544608,0.0013584600090337194,SiC_10deg
include_reststrahlen_tail,800.0,4000.0,1107,True,10.0,7.68,0.006928010203807332,0.9648783066217631,0.0013716104052540166,SiC_10deg
include_reststrahlen_tail,800.0,4000.0,1107,True,10.0,7.7,0.007287707302557594,0.9648028786232397,0.0013848195337245598,SiC_10deg
include_reststrahlen_tail,800.0,4000.0,1107,True,10.0,7.72,0.007636554440568398,0.9647259896681859,0.0013982635153183323,SiC_10deg
include_reststrahlen_tail,800.0,4000.0,1107,True,10.0,7.74,0.007972210989393429,0.96464836703996,0.0014121319702700397,SiC_10deg
include_reststrahlen_tail,800.0,4000.0,1107,True,10.0,7.76,0.008292954783427451,0.9645706705054999,0.0014266090955093965,SiC_10deg
include_reststrahlen_tail,800.0,4000.0,1107,True,10.0,7.78,0.008597606361506126,0.9644934834670748,0.0014418550923552284,SiC_10deg
include_reststrahlen_tail,800.0,4000.0,1107,True,10.0,7.8,0.008885459901671824,0.964417310067278,0.0014579889154575335,SiC_10deg
include_reststrahlen_tail,800.0,4000.0,1107,True,10.0,7.82,0.009156216865291089,0.964342578548006,0.0014750733826489114,SiC_10deg
include_reststrahlen_tail,800.0,4000.0,1107,True,10.0,7.84,0.009409920847405912,0.9642696499887384,0.0014931037261615306,SiC_10deg
include_reststrahlen_tail,800.0,4000.0,1107,True,10.0,7.86,0.009646894089948342,0.9641988304909497,0.001512000623812607,SiC_10deg
include_reststrahlen_tail,800.0,4000.0,1107,True,10.0,7.88,0.00986767732975229,0.9641303841996267,0.001531608577132911,SiC_10deg
include_reststrahlen_tail,800.0,4000.0,1107,True,10.0,7.9,0.010072975042672388,0.9640645444426834,0.0015517001778409768,SiC_10deg
include_reststrahlen_tail,800.0,4000.0,1107,True,10.0,7.92,0.010263607771008286,0.9640015207748601,0.0015719863346407654,SiC_10deg
include_reststrahlen_tail,800.0,4000.0,1107,True,10.0,7.94,0.010440472286599044,0.9639415007316724,0.001592131966726174,SiC_10deg
include_reststrahlen_tail,800.0,4000.0,1107,True,10.0,7.96,0.010604509158456848,0.9638846463954175,0.0016117760874991916,SiC_10deg
include_reststrahlen_tail,800.0,4000.0,1107,True,10.0,7.98,0.010756676219625547,0.9638310871358481,0.0016305546964697098,SiC_10deg
include_reststrahlen_tail,800.0,4000.0,1107,True,10.0,8.0,0.01089792578246391,0.9637809108034783,0.0016481245582049282,SiC_10deg
include_reststrahlen_tail,800.0,4000.0,1107,True,15.0,3.0,0.019701855719564544,1.0340586263579876,-0.003505484307812444,SiC_15deg
include_reststrahlen_tail,800.0,4000.0,1107,True,15.0,3.02,0.01965630475110756,1.0339986886575696,-0.003470083875831289,SiC_15deg
include_reststrahlen_tail,800.0,4000.0,1107,True,15.0,3.04,0.01960905059948403,1.033942441786853,-0.0034355540919637348,SiC_15deg
include_reststrahlen_tail,800.0,4000.0,1107,True,15.0,3.06,0.01955969185268911,1.0338907988235442,-0.003403039338416675,SiC_15deg
include_reststrahlen_tail,800.0,4000.0,1107,True,15.0,3.08,0.019507889303903788,1.0338445619847416,-0.003373581566585501,SiC_15deg
include_reststrahlen_tail,800.0,4000.0,1107,True,15.0,3.1,0.019453394372231883,1.0338043577519593,-0.003348051831403163,SiC_15deg
include_reststrahlen_tail,800.0,4000.0,1107,True,15.0,3.12,0.019396064880196667,1.0337705926091199,-0.0033270957402197388,SiC_15deg
include_reststrahlen_tail,800.0,4000.0,1107,True,15.0,3.14,0.01933586657821968,1.0337434327486046,-0.0033110962943083216,SiC_15deg
include_reststrahlen_tail,800.0,4000.0,1107,True,15.0,3.16,0.01927286180108254,1.033722807028173,-0.003300155826433023,SiC_15deg
include_reststrahlen_tail,800.0,4000.0,1107,True,15.0,3.18,0.01920718915049857,1.0337084289727352,-0.003294096999310717,SiC_15deg
include_reststrahlen_tail,800.0,4000.0,1107,True,15.0,3.2,0.019139039550593533,1.0336998314216983,-0.003292481361447354,SiC_15deg
include_reststrahlen_tail,800.0,4000.0,1107,True,15.0,3.22,0.019068634129495443,1.0336964068756744,-0.0032946429058644173,SiC_15deg
include_reststrahlen_tail,800.0,4000.0,1107,True,15.0,3.24,0.018996208186665954,1.0336974476251701,-0.0032997334848531143,SiC_15deg
include_reststrahlen_tail,800.0,4000.0,1107,True,15.0,3.26,0.01892200336683291,1.0337021819074839,-0.0033067767435882587,SiC_15deg
include_reststrahlen_tail,800.0,4000.0,1107,True,15.0,3.2800000000000002,0.018846267642787615,1.0337098049591835,-0.003314727322853696,SiC_15deg
include_reststrahlen_tail,800.0,4000.0,1107,True,15.0,3.3,0.018769260445967925,1.033719506176783,-0.0033225322956986153,SiC_15deg
include_reststrahlen_tail,800.0,4000.0,1107,True,15.0,3.32,0.018691258830751938,1.033730495054336,-0.003329192010576464,SiC_15deg
include_reststrahlen_tail,800.0,4000.0,1107,True,15.0,3.34,0.018612560265502256,1.0337420287797037,-0.003333817631103038,SiC_15deg
include_reststrahlen_tail,800.0,4000.0,1107,True,15.0,3.36,0.018533478578825747,1.033753443319564,-0.0033356826765855866,SiC_15deg
include_reststrahlen_tail,800.0,4000.0,1107,True,15.0,3.38,0.018454331525628954,1.033764187815969,-0.0033342658350450478,SiC_15deg
include_reststrahlen_tail,800.0,4000.0,1107,True,15.0,3.4,0.01837542089979868,1.0337738597184283,-0.0033292823519953992,SiC_15deg
include_reststrahlen_tail,800.0,4000.0,1107,True,15.0,3.42,0.01829700849071827,1.0337822359721185,-0.0033207015256692266,SiC_15deg
include_reststrahlen_tail,800.0,4000.0,1107,True,15.0,3.44,0.018219292838885674,1.0337892944171985,-0.00330874837633432,SiC_15deg
include_reststrahlen_tail,800.0,4000.0,1107,True,15.0,3.46,0.018142392221191305,1.0337952197616838,-0.0032938884604990087,SiC_15deg
include_reststrahlen_tail,800.0,4000.0,1107,True,15.0,3.48,0.0180663383980024,1.033800390175461,-0.003276796042167601,SiC_15deg
include_reststrahlen_tail,800.0,4000.0,1107,True,15.0,3.5,0.017991083539648206,1.0338053434429404,-0.0032583072920490705,SiC_15deg
include_reststrahlen_tail,800.0,4000.0,1107,True,15.0,3.52,0.01791651990504984,1.0338107251047186,-0.0032393616642791075,SiC_15deg
include_reststrahlen_tail,800.0,4000.0,1107,True,15.0,3.54,0.017842508969175056,1.0338172243245638,-0.0032209358633224702,SiC_15deg
include_reststrahlen_tail,800.0,4000.0,1107,True,15.0,3.56,0.01776891451723207,1.0338255055574572,-0.003203975640440898,SiC_15deg
include_reststrahlen_tail,800.0,4000.0,1107,True,15.0,3.58,0.0176956333003939,1.033836144904587,-0.0031893308959796357,SiC_15deg
include_reststrahlen_tail,800.0,4000.0,1107,True,15.0,3.6,0.017622617414957173,1.0338495791266733,-0.003177699162776941,SiC_15deg
include_reststrahlen_tail,800.0,4000.0,1107,True,15.0,3.62,0.01754988447440336,1.0338660728716502,-0.0031695815768710387,SiC_15deg
include_reststrahlen_tail,800.0,4000.0,1107,True,15.0,3.64,0.017477514405291803,1.033885706336579,-0.00316525407459667,SiC_15deg
include_reststrahlen_tail,800.0,4000.0,1107,True,15.0,3.66,0.017405634626417768,1.033908382103651,-0.003164755019613358,SiC_15deg
include_reststrahlen_tail,800.0,4000.0,1107,True,15.0,3.68,0.017334397760930292,1.0339338470361685,-0.0031678889950351335,SiC_15deg
include_reststrahlen_tail,800.0,4000.0,1107,True,15.0,3.7,0.01726395733568092,1.0339617234633,-0.0031742452861345683,SiC_15deg
include_reststrahlen_tail,800.0,4000.0,1107,True,15.0,3.7199999999999998,0.01719444687840218,1.0339915436661686,-0.003183228740454652,SiC_15deg
include_reststrahlen_tail,800.0,4000.0,1107,True,15.0,3.74,0.017125966504542203,1.0340227827850452,-0.0031941002455852384,SiC_15deg
include_reststrahlen_tail,800.0,4000.0,1107,True,15.0,3.76,0.01705857886837906,1.0340548872750583,-0.003206023950291879,SiC_15deg
include_reststrahlen_tail,800.0,4000.0,1107,True,15.0,3.7800000000000002,0.016992313815081223,1.034087298341587,-0.0032181184589157442,SiC_15deg
include_reststrahlen_tail,800.0,4000.0,1107,True,15.0,3.8,0.016927178845425977,1.0341194717577993,-0.0032295094222180576,SiC_15deg
include_reststrahlen_tail,800.0,4000.0,1107,True,15.0,3.8200000000000003,0.01686317113132541,1.0341508966015296,-0.0032393811198901702,SiC_15deg
include_reststrahlen_tail,800.0,4000.0,1107,True,15.0,3.84,0.016800286617900638,1.0341811154803124,-0.0032470247178743826,SiC_15deg
include_reststrahlen_tail,800.0,4000.0,1107,True,15.0,3.86,0.0167385227481461,1.034209747766281,-0.003251880885925735,SiC_15deg
include_reststrahlen_tail,800.0,4000.0,1107,True,15.0,3.88,0.01667787328869229,1.0342365155424218,-0.0032535744356315885,SiC_15deg
include_reststrahlen_tail,800.0,4000.0,1107,True,15.0,3.9,0.01661831612758988,1.0342612698804625,-0.003251938686875368,SiC_15deg
include_reststrahlen_tail,800.0,4000.0,1107,True,15.0,3.92,0.01655979714611591,1.0342840133268738,-0.003247027505388861,SiC_15deg
include_reststrahlen_tail,800.0,4000.0,1107,True,15.0,3.94,0.016502214749934185,1.03430491360564,-0.003239113468024527,SiC_15deg
include_reststrahlen_tail,800.0,4000.0,1107,True,15.0,3.96,0.01644540996560949,1.0343243038937502,-0.0032286714440390874,SiC_15deg
include_reststrahlen_tail,800.0,4000.0,1107,True,15.0,3.98,0.01638916603769787,1.0343426666299866,-0.003216347992627097,SiC_15deg
include_reststrahlen_tail,800.0,4000.0,1107,True,15.0,4.0,0.01633321940527798,1.0343606003959591,-0.003202918252262249,SiC_15deg
include_reststrahlen_tail,800.0,4000.0,1107,True,15.0,4.02,0.01627728129555685,1.0343787724067794,-0.0031892332571713663,SiC_15deg
include_reststrahlen_tail,800.0,4000.0,1107,True,15.0,4.04,0.016221066615749766,1.0343978618767873,-0.0031761616557673443,SiC_15deg
include_reststrahlen_tail,800.0,4000.0,1107,True,15.0,4.0600000000000005,0.016164325011133025,1.034418501332258,-0.0031645304411097096,SiC_15deg
include_reststrahlen_tail,800.0,4000.0,1107,True,15.0,4.08,0.01610686835267979,1.0344412233903921,-0.0031550694155271066,SiC_15deg
include_reststrahlen_tail,800.0,4000.0,1107,True,15.0,4.1,0.016048589668759227,1.0344664195052435,-0.003148363676261658,SiC_15deg
include_reststrahlen_tail,800.0,4000.0,1107,True,15.0,4.12,0.01598947043613174,1.0344943149485668,-0.0031448175030616256,SiC_15deg
include_reststrahlen_tail,800.0,4000.0,1107,True,15.0,4.140000000000001,0.015929575702361743,1.0345249613853746,-0.0031446318105604813,SiC_15deg
include_reststrahlen_tail,800.0,4000.0,1107,True,15.0,4.16,0.015869039082574775,1.034558245498391,-0.0031477960000104084,SiC_15deg
include_reststrahlen_tail,800.0,4000.0,1107,True,15.0,4.18,0.015808041636962304,1.0345939098510744,-0.0031540938054140364,SiC_15deg
include_reststrahlen_tail,800.0,4000.0,1107,True,15.0,4.2,0.01574678954514105,1.0346315809975355,-0.0031631217325085942,SiC_15deg
include_reststrahlen_tail,800.0,4000.0,1107,True,15.0,4.22,0.01568549517900687,1.03467079989783,-0.00317431801792955,SiC_15deg
include_reststrahlen_tail,800.0,4000.0,1107,True,15.0,4.24,0.015624364771344615,1.0347110508201804,-0.0031869996943001883,SiC_15deg
include_reststrahlen_tail,800.0,4000.0,1107,True,15.0,4.26,0.015563593776687841,1.0347517867030767,-0.003200405272941312,SiC_15deg
include_reststrahlen_tail,800.0,4000.0,1107,True,15.0,4.28,0.015503368772466879,1.0347924508757793,-0.003213740647442208,SiC_15deg
include_reststrahlen_tail,800.0,4000.0,1107,True,15.0,4.3,0.015443872920819213,1.0348324965677098,-0.0032262259688475544,SiC_15deg
include_reststrahlen_tail,800.0,4000.0,1107,True,15.0,4.32,0.01538529105836146,1.0348714063792592,-0.0032371413596744463,SiC_15deg
include_reststrahlen_tail,800.0,4000.0,1107,True,15.0,4.34,0.015327810637860054,1.0349087136620492,-0.0032458693769012023,SiC_15deg
include_reststrahlen_tail,800.0,4000.0,1107,True,15.0,4.36,0.015271615975542455,1.0349440266443328,-0.0032519321149774207,SiC_15deg
include_reststrahlen_tail,800.0,4000.0,1107,True,15.0,4.38,0.01521687525965309,1.034977054450154,-0.0032550208198293155,SiC_15deg
include_reststrahlen_tail,800.0,4000.0,1107,True,15.0,4.4,0.01516372204950649,1.0350076323724857,-0.003255015956704366,SiC_15deg
include_reststrahlen_tail,800.0,4000.0,1107,True,15.0,4.42,0.015112234952953588,1.0350357423926868,-0.0032519959365731946,SiC_15deg
include_reststrahlen_tail,800.0,4000.0,1107,True,15.0,4.4399999999999995,0.01506242028069791,1.035061524432226,-0.003246233229978134,SiC_15deg
include_reststrahlen_tail,800.0,4000.0,1107,True,15.0,4.46,0.015014202397528991,1.0350852744217245,-0.003238177403228029,SiC_15deg
include_reststrahlen_tail,800.0,4000.0,1107,True,15.0,4.48,0.0149674251770158,1.0351074269481686,-0.003228425650194301,SiC_15deg
include_reststrahlen_tail,800.0,4000.0,1107,True,15.0,4.5,0.014921865697172382,1.0351285226824245,-0.0032176825458110933,SiC_15deg
include_reststrahlen_tail,800.0,4000.0,1107,True,15.0,4.52,0.014877258637268853,1.0351491634676389,-0.003206711847729983,SiC_15deg
include_reststrahlen_tail,800.0,4000.0,1107,True,15.0,4.54,0.014833327424804714,1.0351699602466862,-0.0031962840389870855,SiC_15deg
include_reststrahlen_tail,800.0,4000.0,1107,True,15.0,4.5600000000000005,0.014789816654154032,1.0351914803761026,-0.003187123782771311,SiC_15deg
include_reststrahlen_tail,800.0,4000.0,1107,True,15.0,4.58,0.01474652004312964,1.0352142009844196,-0.0031798614608872992,SiC_15deg
include_reststrahlen_tail,800.0,4000.0,1107,True,15.0,4.6,0.014703299265089037,1.0352384738598344,-0.003174992487781772,SiC_15deg
include_reststrahlen_tail,800.0,4000.0,1107,True,15.0,4.62,0.01466009110436433,1.0352645051835097,-0.0031728472173506678,SiC_15deg
include_reststrahlen_tail,800.0,4000.0,1107,True,15.0,4.640000000000001,0.014616902988537397,1.035292350779006,-0.003173573142237592,SiC_15deg
include_reststrahlen_tail,800.0,4000.0,1107,True,15.0,4.66,0.014573799404605695,1.0353219250353396,-0.0031771299073328567,SiC_15deg
include_reststrahlen_tail,800.0,4000.0,1107,True,15.0,4.68,0.01453088342376599,1.035353019822827,-0.0031832965920143364,SiC_15deg
include_reststrahlen_tail,800.0,4000.0,1107,True,15.0,4.7,0.014488278163785397,1.0353853289002306,-0.003191689884611979,SiC_15deg
include_reststrahlen_tail,800.0,4000.0,1107,True,15.0,4.72,0.014446112419451327,1.0354184735815144,-0.0032017912364240104,SiC_15deg
include_reststrahlen_tail,800.0,4000.0,1107,True,15.0,4.74,0.014404513097269282,1.0354520265958933,-0.003212980831326559,SiC_15deg
include_reststrahlen_tail,800.0,4000.0,1107,True,15.0,4.76,0.01436360494035631,1.035485532740293,-0.003224576175816054,SiC_15deg
include_reststrahlen_tail,800.0,4000.0,1107,True,15.0,4.78,0.014323515881714707,1.035518526602558,-0.0032358732086795513,SiC_15deg
include_reststrahlen_tail,800.0,4000.0,1107,True,15.0,4.8,0.014284384758877557,1.0355505488715517,-0.0032461879541444026,SiC_15deg
include_reststrahlen_tail,800.0,4000.0,1107,True,15.0,4.82,0.014246367455733886,1.0355811632287664,-0.003254896827119872,SiC_15deg
include_reststrahlen_tail,800.0,4000.0,1107,True,15.0,4.84,0.01420963796982809,1.0356099754245354,-0.003261473716487698,SiC_15deg
include_reststrahlen_tail,800.0,4000.0,1107,True,15.0,4.86,0.014174382328369286,1.0356366549991702,-0.003265521943214517,SiC_15deg
include_reststrahlen_tail,800.0,4000.0,1107,True,15.0,4.88,0.014140785341347155,1.0356609585329182,-0.0032667991770894797,SiC_15deg
include_reststrahlen_tail,800.0,4000.0,1107,True,15.0,4.9,0.014109012365992544,1.0356827517418614,-0.0032652334858828624,SiC_15deg
include_reststrahlen_tail,800.0,4000.0,1107,True,15.0,4.92,0.014079189994754507,1.0357020266420816,-0.0032609289691342483,SiC_15deg
include_reststrahlen_tail,800.0,4000.0,1107,True,15.0,4.9399999999999995,0.014051390388931394,1.0357189097480182,-0.0032541599523782713,SiC_15deg
include_reststrahlen_tail,800.0,4000.0,1107,True,15.0,4.96,0.014025623598246908,1.0357336580240322,-0.003245353491592169,SiC_15deg
include_reststrahlen_tail,800.0,4000.0,1107,True,15.0,4.98,0.014001840668895595,1.0357466409901797,-0.0032350609040192324,SiC_15deg
include_reststrahlen_tail,800.0,4000.0,1107,True,15.0,5.0,0.013979947993773629,1.0357583096660516,-0.003223920083060588,SiC_15deg
include_reststrahlen_tail,800.0,4000.0,1107,True,15.0,5.02,0.013959830774664908,1.0357691554175816,-0.0032126113157618153,SiC_15deg
include_reststrahlen_tail,800.0,4000.0,1107,True,15.0,5.04,0.013941381303700854,1.035779663696281,-0.0032018100402490257,SiC_15deg
include_reststrahlen_tail,800.0,4000.0,1107,True,15.0,5.0600000000000005,0.013924526587348244,1.0357902686674905,-0.0031921403279712448,SiC_15deg
include_reststrahlen_tail,800.0,4000.0,1107,True,15.0,5.08,0.013909249932948458,1.035801314569587,-0.003184132786165516,SiC_15deg
include_reststrahlen_tail,800.0,4000.0,1107,True,15.0,5.1,0.013895602462672034,1.0358130283688094,-0.00317819006401942,SiC_15deg
include_reststrahlen_tail,800.0,4000.0,1107,True,15.0,5.12,0.013883702760380806,1.0358255061849602,-0.0031745623025937245,SiC_15deg
include_reststrahlen_tail,800.0,4000.0,1107,True,15.0,5.140000000000001,0.013873725424136204,1.0358387135574416,-0.003173333838923356,SiC_15deg
include_reststrahlen_tail,800.0,4000.0,1107,True,15.0,5.16,0.013865881560012306,1.0358524974467835,-0.0031744214237504477,SiC_15deg
include_reststrahlen_tail,800.0,4000.0,1107,True,15.0,5.18,0.01386039568107054,1.0358666063831772,-0.003177583287873181,SiC_15deg
include_reststrahlen_tail,800.0,4000.0,1107,True,15.0,5.2,0.013857483766659408,1.0358807146421296,-0.0031824376955243375,SiC_15deg
include_reststrahlen_tail,800.0,4000.0,1107,True,15.0,5.220000000000001,0.01385733638187749,1.035894446761117,-0.003188489194342887,SiC_15deg
include_reststrahlen_tail,800.0,4000.0,1107,True,15.0,5.24,0.013860109027216965,1.0359073998901989,-0.00319516058983761,SiC_15deg
include_reststrahlen_tail,800.0,4000.0,1107,True,15.0,5.26,0.013865919759669516,1.0359191630115052,-0.0032018286719544603,SiC_15deg
include_reststrahlen_tail,800.0,4000.0,1107,True,15.0,5.28,0.013874852153973475,1.0359293335253916,-0.00320786181528366,SiC_15deg
include_reststrahlen_tail,800.0,4000.0,1107,True,15.0,5.300000000000001,0.013886960353060635,1.0359375326932498,-0.003212657680002996,SiC_15deg
include_reststrahlen_tail,800.0,4000.0,1107,True,15.0,5.32,0.013902272610496166,1.0359434216965184,-0.0032156793019480607,SiC_15deg
include_reststrahlen_tail,800.0,4000.0,1107,True,15.0,5.34,0.013920790425854715,1.0359467195621213,-0.0032164878618731493,SiC_15deg
include_reststrahlen_tail,800.0,4000.0,1107,True,15.0,5.359999999999999,0.013942481924779768,1.03594722306498,-0.003214770393960793,SiC_15deg
include_reststrahlen_tail,800.0,4000.0,1107,True,15.0,5.38,0.01396727013100986,1.035944827266314,-0.0032103606950390847,SiC_15deg
include_reststrahlen_tail,800.0,4000.0,1107,True,15.0,5.4,0.01399501869044267,1.0359395439953567,-0.0032032518090881123,SiC_15deg
include_reststrahlen_tail,800.0,4000.0,1107,True,15.0,5.42,0.014025518917833846,1.035931514740122,-0.0031935987602178945,SiC_15deg
include_reststrahlen_tail,800.0,4000.0,1107,True,15.0,5.4399999999999995,0.014058482365499315,1.0359210143806392,-0.003181710734195796,SiC_15deg
include_reststrahlen_tail,800.0,4000.0,1107,True,15.0,5.46,0.01409354232593665,1.0359084430844552,-0.0031680326566389263,SiC_15deg
include_reststrahlen_tail,800.0,4000.0,1107,True,15.0,5.48,0.014130265934256482,1.0358943053657275,-0.003153117020207604,SiC_15deg
include_reststrahlen_tail,800.0,4000.0,1107,True,15.0,5.5,0.014168176250813671,1.0358791774474312,-0.0031375877576917057,SiC_15deg
include_reststrahlen_tail,800.0,4000.0,1107,True,15.0,5.52,0.014206781453215247,1.0358636661843565,-0.003122098797484962,SiC_15deg
include_reststrahlen_tail,800.0,4000.0,1107,True,15.0,5.54,0.014245606623044324,1.0358483644069312,-0.0031072905294960724,SiC_15deg
include_reststrahlen_tail,800.0,4000.0,1107,True,15.0,5.5600000000000005,0.014284222991009964,1.0358338082474365,-0.0030937476457949067,SiC_15deg
include_reststrahlen_tail,800.0,4000.0,1107,True,15.0,5.58,0.014322270050225617,1.0358204416413763,-0.0030819616562229083,SiC_15deg
include_reststrahlen_tail,800.0,4000.0,1107,True,15.0,5.6,0.014359467504761341,1.0358085918483562,-0.003072300843303095,SiC_15deg
include_reststrahlen_tail,800.0,4000.0,1107,True,15.0,5.62,0.014395616184162597,1.035798457834727,-0.003064989608075338,SiC_15deg
include_reststrahlen_tail,800.0,4000.0,1107,True,15.0,5.640000000000001,0.014430589285963231,1.0357901111753298,-0.0030600982072231347,SiC_15deg
include_reststrahlen_tail,800.0,4000.0,1107,True,15.0,5.66,0.014464317079096638,1.0357835072546853,-0.0030575429410657044,SiC_15deg
include_reststrahlen_tail,800.0,4000.0,1107,True,15.0,5.68,0.014496769123509782,1.03577850336436,-0.0030570960487512535,SiC_15deg
include_reststrahlen_tail,800.0,4000.0,1107,True,15.0,5.7,0.014527937973401924,1.0357748799949706,-0.003058403982277249,SiC_15deg
include_reststrahlen_tail,800.0,4000.0,1107,True,15.0,5.720000000000001,0.014557827322771949,1.0357723621725714,-0.0030610123888675064,SiC_15deg
include_reststrahlen_tail,800.0,4000.0,1107,True,15.0,5.74,0.014586445926618447,1.0357706388523806,-0.003064396003053979,SiC_15deg
include_reststrahlen_tail,800.0,4000.0,1107,True,15.0,5.76,0.014613806824008532,1.0357693797911962,-0.0030679916699067776,SiC_15deg
include_reststrahlen_tail,800.0,4000.0,1107,True,15.0,5.78,0.014639929856811316,1.035768250573705,-0.0030712328092292202,SiC_15deg
include_reststrahlen_tail,800.0,4000.0,1107,True,15.0,5.800000000000001,0.014664844591277853,1.0357669272325247,-0.0030735837160900136,SiC_15deg
include_reststrahlen_tail,800.0,4000.0,1107,True,15.0,5.82,0.014688590712487848,1.0357651119835163,-0.003074572132423982,SiC_15deg
include_reststrahlen_tail,800.0,4000.0,1107,True,15.0,5.84,0.014711213768500328,1.0357625509860706,-0.0030738185124425848,SiC_15deg
include_reststrahlen_tail,800.0,4000.0,1107,True,15.0,5.859999999999999,0.01473275558185891,1.0357590539054038,-0.0030710603747823814,SiC_15deg
include_reststrahlen_tail,800.0,4000.0,1107,True,15.0,5.88,0.014753240354767065,1.0357545137154203,-0.0030661701493158353,SiC_15deg
include_reststrahlen_tail,800.0,4000.0,1107,True,15.0,5.9,0.014772659031374683,1.0357489240199047,-0.003059165060293454,SiC_15deg
include_reststrahlen_tail,800.0,4000.0,1107,True,15.0,5.92,0.014790955436215296,1.035742390546054,-0.0030502079030657247,SiC_15deg
include_reststrahlen_tail,800.0,4000.0,1107,True,15.0,5.9399999999999995,0.01480801780346097,1.035735133619395,-0.0030395980995055385,SiC_15deg
include_reststrahlen_tail,800.0,4000.0,1107,True,15.0,5.96,0.014823678477789278,1.0357274794183553,-0.0030277531397318006,SiC_15deg
include_reststrahlen_tail,800.0,4000.0,1107,True,15.0,5.98,0.014837722972906446,1.035719839471947,-0.003015181364500235,SiC_15deg
include_reststrahlen_tail,800.0,4000.0,1107,True,15.0,6.0,0.014849907591776462,1.035712679861178,-0.003002447899966731,SiC_15deg
include_reststrahlen_tail,800.0,4000.0,1107,True,15.0,6.02,0.014859982929540017,1.0357064834642946,-0.0029901362893257704,SiC_15deg
include_reststrahlen_tail,800.0,4000.0,1107,True,15.0,6.04,0.014867719266049738,1.035701709906277,-0.002978808847618185,SiC_15deg
include_reststrahlen_tail,800.0,4000.0,1107,True,15.0,6.0600000000000005,0.014872929436585558,1.0356987583172064,-0.0029689689088867374,SiC_15deg
include_reststrahlen_tail,800.0,4000.0,1107,True,15.0,6.08,0.014875485342672391,1.0356979374658488,-0.0029610279113341607,SiC_15deg
include_reststrahlen_tail,800.0,4000.0,1107,True,15.0,6.1,0.014875325673831149,1.0356994464468001,-0.0029552797159282176,SiC_15deg
include_reststrahlen_tail,800.0,4000.0,1107,True,15.0,6.12,0.014872454295299107,1.0357033671957994,-0.0029518837741537973,SiC_15deg
include_reststrahlen_tail,800.0,4000.0,1107,True,15.0,6.140000000000001,0.014866930652193973,1.0357096681331324,-0.0029508578822816725,SiC_15deg
include_reststrahlen_tail,800.0,4000.0,1107,True,15.0,6.16,0.014858855000941818,1.0357182166263998,-0.002952080416888262,SiC_15deg
include_reststrahlen_tail,800.0,4000.0,1107,True,15.0,6.18,0.014848351984861717,1.03572879704226,-0.0029553012482487584,SiC_15deg
include_reststrahlen_tail,800.0,4000.0,1107,True,15.0,6.2,0.01483555590143837,1.0357411310542683,-0.0029601600381378096,SiC_15deg
include_reststrahlen_tail,800.0,4000.0,1107,True,15.0,6.220000000000001,0.014820600059292484,1.035754897515681,-0.002966210357773431,SiC_15deg
include_reststrahlen_tail,800.0,4000.0,1107,True,15.0,6.24,0.014803611170819339,1.0357697503430854,-0.0029729479754473046,SiC_15deg
include_reststrahlen_tail,800.0,4000.0,1107,True,15.0,6.26,0.01478470815740791,1.0357853341397907,-0.0029798416973503485,SiC_15deg
include_reststrahlen_tail,800.0,4000.0,1107,True,15.0,6.28,0.01476400345638501,1.035801298356513,-0.0029863652263314075,SiC_15deg
include_reststrahlen_tail,800.0,4000.0,1107,True,15.0,6.300000000000001,0.014741604230372771,1.035817311357775,-0.0029920285711784343,SiC_15deg
include_reststrahlen_tail,800.0,4000.0,1107,True,15.0,6.32,0.01471761095698486,1.0358330756917724,-0.0029964075610280777,SiC_15deg
include_reststrahlen_tail,800.0,4000.0,1107,True,15.0,6.34,0.014692111698344305,1.0358483451774914,-0.0029991699991119983,SiC_15deg
include_reststrahlen_tail,800.0,4000.0,1107,True,15.0,6.359999999999999,0.014665171711614494,1.0358629433159823,-0.003000096964954594,SiC_15deg
include_reststrahlen_tail,800.0,4000.0,1107,True,15.0,6.38,0.014636819621316126,1.0358767813126497,-0.0029990978057639305,SiC_15deg
include_reststrahlen_tail,800.0,4000.0,1107,True,15.0,6.4,0.014607032728064562,1.0358898730188357,-0.0029962175136693603,SiC_15deg
include_reststrahlen_tail,800.0,4000.0,1107,True,15.0,6.42,0.014575724806912346,1.03590234367725,-0.002991635518678958,SiC_15deg
include_reststrahlen_tail,800.0,4000.0,1107,True,15.0,6.4399999999999995,0.014542739710515697,1.0359144296765284,-0.002985655457039401,SiC_15deg
include_reststrahlen_tail,800.0,4000.0,1107,True,15.0,6.46,0.01450785319507891,1.0359264675938264,-0.0029786861741792586,SiC_15deg
include_reststrahlen_tail,800.0,4000.0,1107,True,15.0,6.48,0.014470783809607497,1.0359388724440384,-0.002971215015973695,SiC_15deg
include_reststrahlen_tail,800.0,4000.0,1107,True,15.0,6.5,0.014431211796768966,1.0359521069144615,-0.002963775240566627,SiC_15deg
include_reststrahlen_tail,800.0,4000.0,1107,True,15.0,6.52,0.014388803207531617,1.0359666450217586,-0.0029569100200477244,SiC_15deg
include_reststrahlen_tail,800.0,4000.0,1107,True,15.0,6.54,0.014343235265971975,1.0359829346930722,-0.0029511358856369628,SiC_15deg
include_reststrahlen_tail,800.0,4000.0,1107,True,15.0,6.5600000000000005,0.014294218725024854,1.036001363988648,-0.0029469085310494516,SiC_15deg
include_reststrahlen_tail,800.0,4000.0,1107,True,15.0,6.58,0.014241513596588857,1.0360222349979271,-0.002944593613978458,SiC_15deg
include_reststrahlen_tail,800.0,4000.0,1107,True,15.0,6.6,0.014184936052473096,1.0360457480209553,-0.0029444446340555035,SiC_15deg
include_reststrahlen_tail,800.0,4000.0,1107,True,15.0,6.62,0.014124356123019325,1.036071996829915,-0.002946589215314542,SiC_15deg
include_reststrahlen_tail,800.0,4000.0,1107,True,15.0,6.640000000000001,0.014059687626623145,1.0361009740093787,-0.002951024305788866,SiC_15deg
include_reststrahlen_tail,800.0,4000.0,1107,True,15.0,6.66,0.01399087313069474,1.036132583986744,-0.002957620047229481,SiC_15deg
include_reststrahlen_tail,800.0,4000.0,1107,True,15.0,6.68,0.013917867384048514,1.03616666065005,-0.0029661314568585942,SiC_15deg
include_reststrahlen_tail,800.0,4000.0,1107,True,15.0,6.7,0.013840622472447871,1.0362029864914506,-0.0029762166492681044,SiC_15deg
include_reststrahlen_tail,800.0,4000.0,1107,True,15.0,6.720000000000001,0.013759077035617767,1.0362413109053248,-0.002987460111018437,SiC_15deg
include_reststrahlen_tail,800.0,4000.0,1107,True,15.0,6.74,0.01367315051577385,1.0362813663566641,-0.002999399484382917,SiC_15deg
include_reststrahlen_tail,800.0,4000.0,1107,True,15.0,6.76,0.01358274195152663,1.0363228822881108,-0.0030115543577593096,SiC_15deg
include_reststrahlen_tail,800.0,4000.0,1107,True,15.0,6.78,0.013487731661295218,1.0363655975311812,-0.0030234556327361777,SiC_15deg
include_reststrahlen_tail,800.0,4000.0,1107,True,15.0,6.800000000000001,0.013387983572242813,1.036409272391819,-0.003034674090707141,SiC_15deg
include_reststrahlen_tail,800.0,4000.0,1107,True,15.0,6.82,0.013283346093838445,1.0364537013938837,-0.0030448467924857293,SiC_15deg
include_reststrahlen_tail,800.0,4000.0,1107,True,15.0,6.84,0.01317365028019843,1.0364987269464576,-0.003053699923188674,SiC_15deg
include_reststrahlen_tail,800.0,4000.0,1107,True,15.0,6.859999999999999,0.013058705369432782,1.0365442531563123,-0.0030610666824523124,SiC_15deg
include_reststrahlen_tail,800.0,4000.0,1107,True,15.0,6.88,0.012938293297513314,1.0365902579362394,-0.003066898876247807,SiC_15deg
include_reststrahlen_tail,800.0,4000.0,1107,True,15.0,6.9,0.012812165067498653,1.036636800788634,-0.0030712710521340063,SiC_15deg
include_reststrahlen_tail,800.0,4000.0,1107,True,15.0,6.92,0.012680042555034908,1.0366840234414025,-0.003074376378051946,SiC_15deg
include_reststrahlen_tail,800.0,4000.0,1107,True,15.0,6.9399999999999995,0.012541629215049133,1.0367321410202863,-0.003076514004546398,SiC_15deg
include_reststrahlen_tail,800.0,4000.0,1107,True,15.0,6.96,0.012396632181065471,1.036781422624521,-0.003078068336433792,SiC_15deg
include_reststrahlen_tail,800.0,4000.0,1107,True,15.0,6.98,0.012244796589863407,1.0368321618195475,-0.003079481394214739,SiC_15deg
include_reststrahlen_tail,800.0,4000.0,1107,True,15.0,7.0,0.012085950971507128,1.036884639326141,-0.00308122015967733,SiC_15deg
include_reststrahlen_tail,800.0,4000.0,1107,True,15.0,7.0200000000000005,0.0119200606610993,1.0369390816730417,-0.0030837413579939475,SiC_15deg
include_reststrahlen_tail,800.0,4000.0,1107,True,15.0,7.04,0.011747284831579176,1.0369956204448825,-0.0030874564327110945,SiC_15deg
include_reststrahlen_tail,800.0,4000.0,1107,True,15.0,7.0600000000000005,0.011568032196208795,1.0370542567958,-0.003092699464943026,SiC_15deg
include_reststrahlen_tail,800.0,4000.0,1107,True,15.0,7.08,0.011383010752821051,1.0371148351056405,-0.0030997004740770163,SiC_15deg
include_reststrahlen_tail,800.0,4000.0,1107,True,15.0,7.1,0.011193267980297215,1.0371770282218795,-0.003108565970295652,SiC_15deg
include_reststrahlen_tail,800.0,4000.0,1107,True,15.0,7.12,0.011000219310273595,1.0372403349915629,-0.0031192679067492063,SiC_15deg
include_reststrahlen_tail,800.0,4000.0,1107,True,15.0,7.14,0.010805664050252087,1.037304089133035,-0.003131641417249818,SiC_15deg
include_reststrahlen_tail,800.0,4000.0,1107,True,15.0,7.16,0.010611788809994619,1.0373674772687493,-0.0031453910319349633,SiC_15deg
include_reststrahlen_tail,800.0,4000.0,1107,True,15.0,7.18,0.010421158582477599,1.0374295633506978,-0.0031601045167703335,SiC_15deg
include_reststrahlen_tail,800.0,4000.0,1107,True,15.0,7.2,0.010236694858441558,1.0374893167991972,-0.003175273119031597,SiC_15deg
include_reststrahlen_tail,800.0,4000.0,1107,True,15.0,7.22,0.010061638674671605,1.0375456423153195,-0.003190316812765494,SiC_15deg
include_reststrahlen_tail,800.0,4000.0,1107,True,15.0,7.24,0.00989949475924886,1.0375974102640484,-0.003204613084538663,SiC_15deg
include_reststrahlen_tail,800.0,4000.0,1107,True,15.0,7.26,0.009753951651456318,1.0376434874528784,-0.0032175278216514634,SiC_15deg
include_reststrahlen_tail,800.0,4000.0,1107,True,15.0,7.28,0.009628772713646417,1.0376827687663093,-0.003228446904325288,SiC_15deg
include_reststrahlen_tail,800.0,4000.0,1107,True,15.0,7.3,0.0095276551500657,1.0377142102702672,-0.003236807119134614,SiC_15deg
include_reststrahlen_tail,800.0,4000.0,1107,True,15.0,7.32,0.009454058961994138,1.0377368640158309,-0.0032421249899536935,SiC_15deg
include_reststrahlen_tail,800.0,4000.0,1107,True,15.0,7.34,0.009411014875117269,1.0377499139411845,-0.003244022082788496,SiC_15deg
include_reststrahlen_tail,800.0,4000.0,1107,True,15.0,7.36,0.009400928258722347,1.0377527112124776,-0.0032422453260152998,SiC_15deg
include_reststrahlen_tail,800.0,4000.0,1107,True,15.0,7.38,0.009425402489598068,1.0377448063530217,-0.0032366809557437468,SiC_15deg
include_reststrahlen_tail,800.0,4000.0,1107,True,15.0,7.4,0.009485107350058624,1.0377259748867311,-0.003227360902502508,SiC_15deg
include_reststrahlen_tail,800.0,4000.0,1107,True,15.0,7.42,0.00957971403512037,1.0376962331973336,-0.0032144608147983028,SiC_15deg
include_reststrahlen_tail,800.0,4000.0,1107,True,15.0,7.44,0.00970790837067022,1.037655841977552,-0.003198289466717452,SiC_15deg
include_reststrahlen_tail,800.0,4000.0,1107,True,15.0,7.46,0.009867480456242557,1.0376052959415765,-0.003179269977828163,SiC_15deg
include_reststrahlen_tail,800.0,4000.0,1107,True,15.0,7.48,0.010055476102650928,1.0375453001677224,-0.0031579140027192436,SiC_15deg
include_reststrahlen_tail,800.0,4000.0,1107,True,15.0,7.5,0.010268386784703891,1.0374767351819492,-0.0031347907187103973,SiC_15deg
include_reststrahlen_tail,800.0,4000.0,1107,True,15.0,7.5200000000000005,0.010502352219094875,1.0374006143151133,-0.0031104929456671365,SiC_15deg
include_reststrahlen_tail,800.0,4000.0,1107,True,15.0,7.54,0.01075335271318204,1.0373180376629947,-0.0030856029862605804,SiC_15deg
include_reststrahlen_tail,800.0,4000.0,1107,True,15.0,7.5600000000000005,0.011017375122471331,1.0372301469917475,-0.0030606607364131104,SiC_15deg
include_reststrahlen_tail,800.0,4000.0,1107,True,15.0,7.58,0.011290544138913111,1.0371380851942587,-0.0030361362953570414,SiC_15deg
include_reststrahlen_tail,800.0,4000.0,1107,True,15.0,7.6000000000000005,0.01156921769119349,1.0370429626241207,-0.003012408764197567,SiC_15deg
include_reststrahlen_tail,800.0,4000.0,1107,True,15.0,7.62,0.011850050312500382,1.0369458311404036,-0.002989752257388383,SiC_15deg
include_reststrahlen_tail,800.0,4000.0,1107,True,15.0,7.64,0.012130031086150106,1.036847665344267,-0.002968329471116488,SiC_15deg
include_reststrahlen_tail,800.0,4000.0,1107,True,15.0,7.66,0.012406503455395195,1.0367493495702502,-0.0029481925518105782,SiC_15deg
include_reststrahlen_tail,800.0,4000.0,1107,True,15.0,7.68,0.012677173321786516,1.0366516688710816,-0.002929290551135288,SiC_15deg
include_reststrahlen_tail,800.0,4000.0,1107,True,15.0,7.7,0.012940110089716643,1.0365553025016652,-0.0029114824645605558,SiC_15deg
include_reststrahlen_tail,800.0,4000.0,1107,True,15.0,7.72,0.01319374323795911,1.0364608191126423,-0.00289455471347283,SiC_15deg
include_reststrahlen_tail,800.0,4000.0,1107,True,15.0,7.74,0.013436855096917128,1.0363686737515803,-0.002878241901759214,SiC_15deg
include_reststrahlen_tail,800.0,4000.0,1107,True,15.0,7.76,0.013668569123248096,1.0362792075537233,-0.002862249700309756,SiC_15deg
include_reststrahlen_tail,800.0,4000.0,1107,True,15.0,7.78,0.013888332276085087,1.0361926514367414,-0.00284627873498044,SiC_15deg
include_reststrahlen_tail,800.0,4000.0,1107,True,15.0,7.8,0.014095890144473645,1.0361091350454923,-0.00283004834225943,SiC_15deg
include_reststrahlen_tail,800.0,4000.0,1107,True,15.0,7.82,0.014291254152704791,1.0360287016063632,-0.0028133190067316056,SiC_15deg
include_reststrahlen_tail,800.0,4000.0,1107,True,15.0,7.84,0.014474661270995419,1.0359513283653323,-0.002795912228773599,SiC_15deg
include_reststrahlen_tail,800.0,4000.0,1107,True,15.0,7.86,0.014646527906618016,1.0358769511286314,-0.00277772653573186,SiC_15deg
include_reststrahlen_tail,800.0,4000.0,1107,True,15.0,7.88,0.01480740074695755,1.035805490387334,-0.002758748401226405,SiC_15deg
include_reststrahlen_tail,800.0,4000.0,1107,True,15.0,7.9,0.014957908006118414,1.0357368758648218,-0.002739057025250254,SiC_15deg
include_reststrahlen_tail,800.0,4000.0,1107,True,15.0,7.92,0.015098714613518551,1.03567106627782,-0.0027188222800499924,SiC_15deg
include_reststrahlen_tail,800.0,4000.0,1107,True,15.0,7.94,0.01523048433048741,1.0356080617118137,-0.0026982956361939615,SiC_15deg
include_reststrahlen_tail,800.0,4000.0,1107,True,15.0,7.96,0.015353850692851664,1.0355479071859865,-0.002677794503162521,SiC_15deg
include_reststrahlen_tail,800.0,4000.0,1107,True,15.0,7.98,0.015469397289809042,1.0354906874823104,-0.002657681068540593,SiC_15deg
include_reststrahlen_tail,800.0,4000.0,1107,True,15.0,8.0,0.015577646516209036,1.0354365148096525,-0.0026383372997830726,SiC_15deg
classic_high,1000.0,4000.0,1037,False,10.0,3.0,0.011128425640580086,0.9109427504443902,0.010525404461216636,SiC_10deg
classic_high,1000.0,4000.0,1037,False,10.0,3.02,0.011123393911064532,0.9106102714986933,0.010598789367602807,SiC_10deg
classic_high,1000.0,4000.0,1037,False,10.0,3.04,0.011117291731894593,0.9103205961843772,0.010664390372879754,SiC_10deg
classic_high,1000.0,4000.0,1037,False,10.0,3.06,0.011109726902283764,0.9100624646626493,0.01072324507691189,SiC_10deg
classic_high,1000.0,4000.0,1037,False,10.0,3.08,0.01110037823372342,0.9098250049450578,0.010776418576702335,SiC_10deg
classic_high,1000.0,4000.0,1037,False,10.0,3.1,0.011089024726342052,0.9095980898593276,0.010824991997889569,SiC_10deg
classic_high,1000.0,4000.0,1037,False,10.0,3.12,0.011075556686181908,0.909372928154097,0.010870001328612907,SiC_10deg
classic_high,1000.0,4000.0,1037,False,10.0,3.14,0.011059968386497112,0.909142843980469,0.010912331892072264,SiC_10deg
classic_high,1000.0,4000.0,1037,False,10.0,3.16,0.011042335997992725,0.9089041144907167,0.01095258901240028,SiC_10deg
classic_high,1000.0,4000.0,1037,False,10.0,3.18,0.011022787525022776,0.9086566820173483,0.010990975439826975,SiC_10deg
classic_high,1000.0,4000.0,1037,False,10.0,3.2,0.011001472700861395,0.9084045511417894,0.011027208143126122,SiC_10deg
classic_high,1000.0,4000.0,1037,False,10.0,3.22,0.010978539995377195,0.9081557249387884,0.011060500564890626,SiC_10deg
classic_high,1000.0,4000.0,1037,False,10.0,3.24,0.010954125360517524,0.9079216183608103,0.01108962305669136,SiC_10deg
classic_high,1000.0,4000.0,1037,False,10.0,3.26,0.010928353791030805,0.9077159894997773,0.01111303739004273,SiC_10deg
classic_high,1000.0,4000.0,1037,False,10.0,3.2800000000000002,0.010901351143877365,0.9075535264477121,0.011129085151595608,SiC_10deg
classic_high,1000.0,4000.0,1037,False,10.0,3.3,0.010873260853990138,0.9074482961307105,0.011136198296304007,SiC_10deg
classic_high,1000.0,4000.0,1037,False,10.0,3.32,0.010844258875888038,0.9074122870020868,0.011133095697487905,SiC_10deg
classic_high,1000.0,4000.0,1037,False,10.0,3.34,0.010814560650859107,0.9074542556459407,0.01111893296977935,SiC_10deg
classic_high,1000.0,4000.0,1037,False,10.0,3.36,0.010784416001837509,0.9075790246168619,0.011093383114408934,SiC_10deg
classic_high,1000.0,4000.0,1037,False,10.0,3.38,0.010754091075538486,0.9077872901011262,0.011056640161403654,SiC_10deg
classic_high,1000.0,4000.0,1037,False,10.0,3.4,0.010723840016156118,0.9080759029052852,0.011009353630699027,SiC_10deg
classic_high,1000.0,4000.0,1037,False,10.0,3.42,0.010693872106744396,0.9084385051794326,0.010952514841085345,SiC_10deg
classic_high,1000.0,4000.0,1037,False,10.0,3.44,0.010664321879150455,0.90886635505555,0.010887323975699281,SiC_10deg
classic_high,1000.0,4000.0,1037,False,10.0,3.46,0.010635229663767022,0.9093491619893426,0.010815067671635082,SiC_10deg
classic_high,1000.0,4000.0,1037,False,10.0,3.48,0.01060653813452376,0.9098757877052517,0.010737030656049293,SiC_10deg
classic_high,1000.0,4000.0,1037,False,10.0,3.5,0.010578106991283137,0.910434732054946,0.010654453229500994,SiC_10deg
classic_high,1000.0,4000.0,1037,False,10.0,3.52,0.010549743817833036,0.9110144024670597,0.010568532229862381,SiC_10deg
classic_high,1000.0,4000.0,1037,False,10.0,3.54,0.010521245386116785,0.9116032385494405,0.010480450222024386,SiC_10deg
classic_high,1000.0,4000.0,1037,False,10.0,3.56,0.01049244121236915,0.9121898098150728,0.010391409504762203,SiC_10deg
classic_high,1000.0,4000.0,1037,False,10.0,3.58,0.01046323064028846,0.9127630114631716,0.01030264633477393,SiC_10deg
classic_high,1000.0,4000.0,1037,False,10.0,3.6,0.010433606254722156,0.9133124485475234,0.010215406887585207,SiC_10deg
classic_high,1000.0,4000.0,1037,False,10.0,3.62,0.010403659611511422,0.9138290323021944,0.010130878242607402,SiC_10deg
classic_high,1000.0,4000.0,1037,False,10.0,3.64,0.010373569293518828,0.914305732632883,0.010050081865133335,SiC_10deg
classic_high,1000.0,4000.0,1037,False,10.0,3.66,0.010343575171190509,0.9147383605215381,0.009973749759411637,SiC_10deg
classic_high,1000.0,4000.0,1037,False,10.0,3.68,0.010313945526540559,0.915126213603206,0.009902211191708367,SiC_10deg
classic_high,1000.0,4000.0,1037,False,10.0,3.7,0.010284944753729984,0.9154724196646837,0.00983531849958123,SiC_10deg
classic_high,1000.0,4000.0,1037,False,10.0,3.7199999999999998,0.010256808483663074,0.9157838571718988,0.009772433795643427,SiC_10deg
classic_high,1000.0,4000.0,1037,False,10.0,3.74,0.010229730485847832,0.9160706087322701,0.00971248604038875,SiC_10deg
classic_high,1000.0,4000.0,1037,False,10.0,3.76,0.010203862271639238,0.9163449940428309,0.009654093095934003,SiC_10deg
classic_high,1000.0,4000.0,1037,False,10.0,3.7800000000000002,0.010179322865586444,0.9166203117799436,0.009595729609257565,SiC_10deg
classic_high,1000.0,4000.0,1037,False,10.0,3.8,0.010156213605216891,0.91690947607543,0.009535912128507703,SiC_10deg
classic_high,1000.0,4000.0,1037,False,10.0,3.8200000000000003,0.010134631704346789,0.9172237507628792,0.009473369783352621,SiC_10deg
classic_high,1000.0,4000.0,1037,False,10.0,3.84,0.010114676909312548,0.9175717608486411,0.009407172650427183,SiC_10deg
classic_high,1000.0,4000.0,1037,False,10.0,3.86,0.010096447702080473,0.9179589022670887,0.009336799501911942,SiC_10deg
classic_high,1000.0,4000.0,1037,False,10.0,3.88,0.010080026604880112,0.9183871917063917,0.009262139687547598,SiC_10deg
classic_high,1000.0,4000.0,1037,False,10.0,3.9,0.010065457432881994,0.9188555158541812,0.009183437427764233,SiC_10deg
classic_high,1000.0,4000.0,1037,False,10.0,3.92,0.010052719984505,0.9193601716752147,0.009101197757574701,SiC_10deg
classic_high,1000.0,4000.0,1037,False,10.0,3.94,0.010041708949853753,0.9198955505824988,0.009016079324027954,SiC_10deg
classic_high,1000.0,4000.0,1037,False,10.0,3.96,0.010032223367754046,0.9204548171832077,0.00892879892596211,SiC_10deg
classic_high,1000.0,4000.0,1037,False,10.0,3.98,0.010023970818598493,0.921030466626292,0.00884006630731999,SiC_10deg
classic_high,1000.0,4000.0,1037,False,10.0,4.0,0.010016587206811657,0.9216147036685849,0.00875055699726068,SiC_10deg
classic_high,1000.0,4000.0,1037,False,10.0,4.02,0.010009669309212842,0.9221996549686482,0.008660918798371239,SiC_10deg
classic_high,1000.0,4000.0,1037,False,10.0,4.04,0.010002814206217406,0.922777484766209,0.008571797161196892,SiC_10deg
classic_high,1000.0,4000.0,1037,False,10.0,4.0600000000000005,0.009995658076479756,0.923340516474773,0.008483859002708968,SiC_10deg
classic_high,1000.0,4000.0,1037,False,10.0,4.08,0.009987907040351008,0.9238814595040683,0.008397795122878169,SiC_10deg
classic_high,1000.0,4000.0,1037,False,10.0,4.1,0.009979354705386115,0.9243938026003718,0.008314288104512691,SiC_10deg
classic_high,1000.0,4000.0,1037,False,10.0,4.12,0.009969884261537007,0.9248723729400369,0.00823394358185542,SiC_10deg
classic_high,1000.0,4000.0,1037,False,10.0,4.140000000000001,0.009959456559951362,0.9253139919841243,0.00815719496045093,SiC_10deg
classic_high,1000.0,4000.0,1037,False,10.0,4.16,0.009948088682013868,0.9257181045554052,0.008084201646993912,SiC_10deg
classic_high,1000.0,4000.0,1037,False,10.0,4.18,0.00993582931937968,0.9260872329775751,0.008014765794921221,SiC_10deg
classic_high,1000.0,4000.0,1037,False,10.0,4.2,0.009922737437296873,0.9264271215353325,0.007948291055737062,SiC_10deg
classic_high,1000.0,4000.0,1037,False,10.0,4.22,0.009908869210083477,0.9267464858341808,0.00788379915037109,SiC_10deg
classic_high,1000.0,4000.0,1037,False,10.0,4.24,0.00989427553819296,0.9270563552767559,0.007820008148392961,SiC_10deg
classic_high,1000.0,4000.0,1037,False,10.0,4.26,0.00987900930599899,0.9273690771624842,0.007755463120739969,SiC_10deg
classic_high,1000.0,4000.0,1037,False,10.0,4.28,0.009863138734388556,0.9276971189078976,0.007688698510932387,SiC_10deg
classic_high,1000.0,4000.0,1037,False,10.0,4.3,0.00984676142125704,0.9280518451114828,0.007618404782990706,SiC_10deg
classic_high,1000.0,4000.0,1037,False,10.0,4.32,0.00983001336382452,0.9284424501598758,0.007543571121854856,SiC_10deg
classic_high,1000.0,4000.0,1037,False,10.0,4.34,0.00981306847412392,0.9288751947783319,0.007463581224617975,SiC_10deg
classic_high,1000.0,4000.0,1037,False,10.0,4.36,0.009796126530882764,0.9293530343063837,0.00737824921337647,SiC_10deg
classic_high,1000.0,4000.0,1037,False,10.0,4.38,0.009779390575497723,0.9298756513032727,0.007287795101453796,SiC_10deg
classic_high,1000.0,4000.0,1037,False,10.0,4.4,0.009763037720558733,0.9304398318733932,0.007192771250070789,SiC_10deg
classic_high,1000.0,4000.0,1037,False,10.0,4.42,0.009747189459788308,0.9310400696246017,0.0070939601752129725,SiC_10deg
classic_high,1000.0,4000.0,1037,False,10.0,4.4399999999999995,0.009731888277513564,0.931669255113807,0.006992267917884826,SiC_10deg
classic_high,1000.0,4000.0,1037,False,10.0,4.46,0.009717086400346391,0.9323193169036758,0.006888635157212335,SiC_10deg
classic_high,1000.0,4000.0,1037,False,10.0,4.48,0.00970265007253527,0.9329817196846637,0.0067839809199633045,SiC_10deg
classic_high,1000.0,4000.0,1037,False,10.0,4.5,0.009688379335118227,0.9336477842872457,0.006679183054036265,SiC_10deg
classic_high,1000.0,4000.0,1037,False,10.0,4.52,0.009674039791806368,0.9343088575103844,0.006575088424623519,SiC_10deg
classic_high,1000.0,4000.0,1037,False,10.0,4.54,0.00965940014823592,0.9349564090561346,0.006472537084580007,SiC_10deg
classic_high,1000.0,4000.0,1037,False,10.0,4.5600000000000005,0.009644268110515952,0.9355821546347012,0.00637238085297897,SiC_10deg
classic_high,1000.0,4000.0,1037,False,10.0,4.58,0.009628517819422885,0.936178292263369,0.00627547887326662,SiC_10deg
classic_high,1000.0,4000.0,1037,False,10.0,4.6,0.00961210419895907,0.9367378962760764,0.0061826602301404306,SiC_10deg
classic_high,1000.0,4000.0,1037,False,10.0,4.62,0.009595062820449297,0.9372554527089157,0.006094654492256199,SiC_10deg
classic_high,1000.0,4000.0,1037,False,10.0,4.640000000000001,0.009577497291390763,0.9377274580460992,0.006012002102024629,SiC_10deg
classic_high,1000.0,4000.0,1037,False,10.0,4.66,0.009559558917115794,0.938152958761564,0.005934964760332771,SiC_10deg
classic_high,1000.0,4000.0,1037,False,10.0,4.68,0.009541424793489461,0.9385338950341332,0.005863459036536793,SiC_10deg
classic_high,1000.0,4000.0,1037,False,10.0,4.7,0.00952328026509302,0.9388751335494268,0.0057970334544736515,SiC_10deg
classic_high,1000.0,4000.0,1037,False,10.0,4.72,0.009505309941693487,0.9391841270168676,0.005734900959401512,SiC_10deg
classic_high,1000.0,4000.0,1037,False,10.0,4.74,0.009487698703278992,0.9394702094165094,0.005676027034677519,SiC_10deg
classic_high,1000.0,4000.0,1037,False,10.0,4.76,0.009470641081273294,0.939743608981507,0.005619261675193105,SiC_10deg
classic_high,1000.0,4000.0,1037,False,10.0,4.78,0.009454354869415201,0.9400143184119472,0.005563493830046855,SiC_10deg
classic_high,1000.0,4000.0,1037,False,10.0,4.8,0.009439093430548226,0.9402909908477576,0.005507802010614987,SiC_10deg
classic_high,1000.0,4000.0,1037,False,10.0,4.82,0.009425151265450347,0.9405800247109134,0.0054515755663557645,SiC_10deg
classic_high,1000.0,4000.0,1037,False,10.0,4.84,0.009412858972563064,0.9408849625814766,0.005394587364371912,SiC_10deg
classic_high,1000.0,4000.0,1037,False,10.0,4.86,0.009402566381892002,0.941206267776388,0.005337008769185149,SiC_10deg
classic_high,1000.0,4000.0,1037,False,10.0,4.88,0.009394615760068923,0.9415414710642656,0.00527936957123533,SiC_10deg
classic_high,1000.0,4000.0,1037,False,10.0,4.9,0.009389309796721415,0.9418856145759985,0.0052224762042532916,SiC_10deg
classic_high,1000.0,4000.0,1037,False,10.0,4.92,0.00938688087212373,0.9422318745391669,0.0051673088261441095,SiC_10deg
classic_high,1000.0,4000.0,1037,False,10.0,4.9399999999999995,0.009387468361629936,0.9425722284547849,0.005114920008508494,SiC_10deg
classic_high,1000.0,4000.0,1037,False,10.0,4.96,0.009391109304236386,0.94289804835291,0.005066354466273907,SiC_10deg
classic_high,1000.0,4000.0,1037,False,10.0,4.98,0.00939774493865695,0.9432005446505225,0.005022601381081197,SiC_10deg
classic_high,1000.0,4000.0,1037,False,10.0,5.0,0.009407242072961805,0.9434710429188862,0.0049845805224142765,SiC_10deg
classic_high,1000.0,4000.0,1037,False,10.0,5.02,0.00941942490943913,0.9437011325996939,0.004953153318777733,SiC_10deg
classic_high,1000.0,4000.0,1037,False,10.0,5.04,0.00943411066940274,0.9438827666333803,0.004929143002347569,SiC_10deg
classic_high,1000.0,4000.0,1037,False,10.0,5.0600000000000005,0.00945114173983473,0.9440084029072104,0.00491334586813087,SiC_10deg
classic_high,1000.0,4000.0,1037,False,10.0,5.08,0.009470408226203016,0.9440712590861291,0.004906519116013765,SiC_10deg
classic_high,1000.0,4000.0,1037,False,10.0,5.1,0.009491857393147235,0.9440657073923349,0.004909338704341255,SiC_10deg
classic_high,1000.0,4000.0,1037,False,10.0,5.12,0.009515489789176159,0.9439877783103778,0.0049223308858809215,SiC_10deg
classic_high,1000.0,4000.0,1037,False,10.0,5.140000000000001,0.009541345006422322,0.9438356887973239,0.0049457907309479535,SiC_10deg
classic_high,1000.0,4000.0,1037,False,10.0,5.16,0.009569482223965307,0.9436102771145366,0.004979707251108962,SiC_10deg
classic_high,1000.0,4000.0,1037,False,10.0,5.18,0.009599961407867718,0.9433152231637825,0.0050237159253275826,SiC_10deg
classic_high,1000.0,4000.0,1037,False,10.0,5.2,0.009632830181740387,0.942956962284454,0.005077095097056278,SiC_10deg
classic_high,1000.0,4000.0,1037,False,10.0,5.220000000000001,0.009668119244098468,0.9425442553206899,0.0051388139174215145,SiC_10deg
classic_high,1000.0,4000.0,1037,False,10.0,5.24,0.009705846418241239,0.942087445238974,0.005207628451982375,SiC_10deg
classic_high,1000.0,4000.0,1037,False,10.0,5.26,0.009746026743435558,0.9415974945282916,0.005282211964002454,SiC_10deg
classic_high,1000.0,4000.0,1037,False,10.0,5.28,0.009788684154524538,0.9410849431045624,0.005361297769438152,SiC_10deg
classic_high,1000.0,4000.0,1037,False,10.0,5.300000000000001,0.009833859712887704,0.9405589432807866,0.005443810172494313,SiC_10deg
classic_high,1000.0,4000.0,1037,False,10.0,5.32,0.009881612167981814,0.9400265132325073,0.005528961425080561,SiC_10deg
classic_high,1000.0,4000.0,1037,False,10.0,5.34,0.009932008619767948,0.9394921071966089,0.00561629977046417,SiC_10deg
classic_high,1000.0,4000.0,1037,False,10.0,5.359999999999999,0.009985105712325044,0.9389575393263493,0.005705703761104115,SiC_10deg
classic_high,1000.0,4000.0,1037,False,10.0,5.38,0.010040924454054313,0.9384222323023911,0.0057973288767903,SiC_10deg
classic_high,1000.0,4000.0,1037,False,10.0,5.4,0.010099423758744107,0.9378837058015014,0.0058915215754781715,SiC_10deg
classic_high,1000.0,4000.0,1037,False,10.0,5.42,0.010160478610756297,0.9373381857269162,0.005988721250590964,SiC_10deg
classic_high,1000.0,4000.0,1037,False,10.0,5.4399999999999995,0.010223868133874693,0.936781209644943,0.006089370976744085,SiC_10deg
classic_high,1000.0,4000.0,1037,False,10.0,5.46,0.010289276902010818,0.9362081273104151,0.0061938534016700445,SiC_10deg
classic_high,1000.0,4000.0,1037,False,10.0,5.48,0.010356310032994125,0.9356144405968001,0.006302459903157113,SiC_10deg
classic_high,1000.0,4000.0,1037,False,10.0,5.5,0.010424519651611895,0.9349959820861851,0.0064153913519438025,SiC_10deg
classic_high,1000.0,4000.0,1037,False,10.0,5.52,0.010493437939397356,0.9343489810325505,0.00653278010203821,SiC_10deg
classic_high,1000.0,4000.0,1037,False,10.0,5.54,0.010562610789069978,0.9336700959007521,0.006654717496515659,SiC_10deg
classic_high,1000.0,4000.0,1037,False,10.0,5.5600000000000005,0.010631626311821634,0.9329564960021814,0.006781270637280907,SiC_10deg
classic_high,1000.0,4000.0,1037,False,10.0,5.58,0.010700133984349092,0.9322060503766938,0.006912476502455167,SiC_10deg
classic_high,1000.0,4000.0,1037,False,10.0,5.6,0.01076785261799031,0.9314176373763993,0.007048309429232728,SiC_10deg
classic_high,1000.0,4000.0,1037,False,10.0,5.62,0.010834567941876948,0.9305915365511408,0.007188627243565069,SiC_10deg
classic_high,1000.0,4000.0,1037,False,10.0,5.640000000000001,0.010900122760476872,0.9297298206071627,0.007333109292125576,SiC_10deg
classic_high,1000.0,4000.0,1037,False,10.0,5.66,0.010964403872277031,0.9288366423340454,0.007481204080899012,SiC_10deg
classic_high,1000.0,4000.0,1037,False,10.0,5.68,0.011027329988613466,0.9279183165771339,0.007632103899777815,SiC_10deg
classic_high,1000.0,4000.0,1037,False,10.0,5.7,0.011088843846291366,0.9269831300509519,0.007784758761497258,SiC_10deg
classic_high,1000.0,4000.0,1037,False,10.0,5.720000000000001,0.011148909910092314,0.9260408642502941,0.007937933492756684,SiC_10deg
classic_high,1000.0,4000.0,1037,False,10.0,5.74,0.01120751702228417,0.9251020761555581,0.008090302025842676,SiC_10deg
classic_high,1000.0,4000.0,1037,False,10.0,5.76,0.011264683614971802,0.9241772335741602,0.008240564261554261,SiC_10deg
classic_high,1000.0,4000.0,1037,False,10.0,5.78,0.011320462092542087,0.9232758346237863,0.008387565381376777,SiC_10deg
classic_high,1000.0,4000.0,1037,False,10.0,5.800000000000001,0.011374938950806495,0.9224056467396091,0.008530396435494081,SiC_10deg
classic_high,1000.0,4000.0,1037,False,10.0,5.82,0.011428228121377124,0.9215721786644744,0.008668458617002436,SiC_10deg
classic_high,1000.0,4000.0,1037,False,10.0,5.84,0.011480456682914503,0.9207784543448153,0.008801480990176138,SiC_10deg
classic_high,1000.0,4000.0,1037,False,10.0,5.859999999999999,0.011531744066420498,0.9200251005062311,0.008929490884360555,SiC_10deg
classic_high,1000.0,4000.0,1037,False,10.0,5.88,0.011582177721612899,0.9193107024716942,0.009052745565386848,SiC_10deg
classic_high,1000.0,4000.0,1037,False,10.0,5.9,0.011631789451129162,0.9186323379138928,0.00917164104453829,SiC_10deg
classic_high,1000.0,4000.0,1037,False,10.0,5.92,0.011680536931334895,0.9179861752682071,0.009286617357809805,SiC_10deg
classic_high,1000.0,4000.0,1037,False,10.0,5.9399999999999995,0.011728294206904504,0.9173680270025093,0.009398078590069834,SiC_10deg
classic_high,1000.0,4000.0,1037,False,10.0,5.96,0.011774853309232504,0.9167737761113264,0.00950634065389932,SiC_10deg
classic_high,1000.0,4000.0,1037,False,10.0,5.98,0.011819936978386382,0.9161996392665659,0.00961161173078291,SiC_10deg
classic_high,1000.0,4000.0,1037,False,10.0,6.0,0.011863220283644735,0.9156422798948305,0.009714001450003937,SiC_10deg
classic_high,1000.0,4000.0,1037,False,10.0,6.02,0.011904357268146159,0.9150988256934024,0.009813547631256022,SiC_10deg
classic_high,1000.0,4000.0,1037,False,10.0,6.04,0.011943007984144462,0.9145668667321916,0.009910245648116116,SiC_10deg
classic_high,1000.0,4000.0,1037,False,10.0,6.0600000000000005,0.011978861591142713,0.9140445067670059,0.010004066131243723,SiC_10deg
classic_high,1000.0,4000.0,1037,False,10.0,6.08,0.012011652437482902,0.913530513237601,0.010094951551886507,SiC_10deg
classic_high,1000.0,4000.0,1037,False,10.0,6.1,0.012041167881546043,0.9130245688324836,0.010182789792176841,SiC_10deg
classic_high,1000.0,4000.0,1037,False,10.0,6.12,0.012067248548015592,0.9125275819802006,0.010267370962124163,SiC_10deg
classic_high,1000.0,4000.0,1037,False,10.0,6.140000000000001,0.01208978327724887,0.9120419784401603,0.010348340175786837,SiC_10deg
classic_high,1000.0,4000.0,1037,False,10.0,6.16,0.01210870185532232,0.9115718816344391,0.010425161962150454,SiC_10deg
classic_high,1000.0,4000.0,1037,False,10.0,6.18,0.012123968557214548,0.9111231000893163,0.01049711064186245,SiC_10deg
classic_high,1000.0,4000.0,1037,False,10.0,6.2,0.012135578673252056,0.910702874142046,0.0105632956886498,SiC_10deg
classic_high,1000.0,4000.0,1037,False,10.0,6.220000000000001,0.012143558791951857,0.9103193827166995,0.010622723177136825,SiC_10deg
classic_high,1000.0,4000.0,1037,False,10.0,6.24,0.012147970069853475,0.9099810626329535,0.010674385889656279,SiC_10deg
classic_high,1000.0,4000.0,1037,False,10.0,6.26,0.012148912435947548,0.9096958352128893,0.01071736760714642,SiC_10deg
classic_high,1000.0,4000.0,1037,False,10.0,6.28,0.012146526980025362,0.9094703580287816,0.010750943223951035,SiC_10deg
classic_high,1000.0,4000.0,1037,False,10.0,6.300000000000001,0.012140993836175252,0.9093094183163084,0.010774656496238592,SiC_10deg
classic_high,1000.0,4000.0,1037,False,10.0,6.32,0.01213252368872333,0.9092155593190252,0.010788361398217178,SiC_10deg
classic_high,1000.0,4000.0,1037,False,10.0,6.34,0.01212134241761149,0.9091889873714001,0.010792220257653183,SiC_10deg
classic_high,1000.0,4000.0,1037,False,10.0,6.359999999999999,0.012107670048289398,0.9092277554863349,0.010786660444733299,SiC_10deg
classic_high,1000.0,4000.0,1037,False,10.0,6.38,0.012091696692337929,0.9093281699673036,0.010772299462690342,SiC_10deg
classic_high,1000.0,4000.0,1037,False,10.0,6.4,0.012073559184645182,0.9094853308126141,0.010749854015804533,SiC_10deg
classic_high,1000.0,4000.0,1037,False,10.0,6.42,0.012053322363245425,0.909693702074218,0.010720050714357512,SiC_10deg
classic_high,1000.0,4000.0,1037,False,10.0,6.4399999999999995,0.012030968292711936,0.9099476176489524,0.010683554062240697,SiC_10deg
classic_high,1000.0,4000.0,1037,False,10.0,6.46,0.01200639530858137,0.9102416582591112,0.010640921794024955,SiC_10deg
classic_high,1000.0,4000.0,1037,False,10.0,6.48,0.011979426869019472,0.9105708784315959,0.010592589916635448,SiC_10deg
classic_high,1000.0,4000.0,1037,False,10.0,6.5,0.011949828284515558,0.9109309065989805,0.010538881965094287,SiC_10deg
classic_high,1000.0,4000.0,1037,False,10.0,6.52,0.011917327919050853,0.9113179751531705,0.010480031054184682,SiC_10deg
classic_high,1000.0,4000.0,1037,False,10.0,6.54,0.011881638771003667,0.9117289514007579,0.01041620084551774,SiC_10deg
classic_high,1000.0,4000.0,1037,False,10.0,6.5600000000000005,0.011842476596998346,0.9121614313594189,0.010347493157377308,SiC_10deg
classic_high,1000.0,4000.0,1037,False,10.0,6.58,0.011799571840944871,0.9126139291484917,0.010273935109684416,SiC_10deg
classic_high,1000.0,4000.0,1037,False,10.0,6.6,0.011752674265867782,0.9130861539853904,0.010195445931165137,SiC_10deg
classic_high,1000.0,4000.0,1037,False,10.0,6.62,0.011701550927422593,0.9135793263356411,0.010111790821428216,SiC_10deg
classic_high,1000.0,4000.0,1037,False,10.0,6.640000000000001,0.011645979539385324,0.9140964562767482,0.01002253453830743,SiC_10deg
classic_high,1000.0,4000.0,1037,False,10.0,6.66,0.011585740032931908,0.9146424989565706,0.009927009222483912,SiC_10deg
classic_high,1000.0,4000.0,1037,False,10.0,6.68,0.01152060705664867,0.9152243169244727,0.009824308873924397,SiC_10deg
classic_high,1000.0,4000.0,1037,False,10.0,6.7,0.011450345366476083,0.9158504137082295,0.00971331740137337,SiC_10deg
classic_high,1000.0,4000.0,1037,False,10.0,6.720000000000001,0.01137470876088091,0.916530448860051,0.009592769685279359,SiC_10deg
classic_high,1000.0,4000.0,1037,False,10.0,6.74,0.011293441786373466,0.9172745906467165,0.0094613375041526,SiC_10deg
classic_high,1000.0,4000.0,1037,False,10.0,6.76,0.01120628225276816,0.9180927976254176,0.009317726335184523,SiC_10deg
classic_high,1000.0,4000.0,1037,False,10.0,6.78,0.011112961967333752,0.9189941363411916,0.009160766347999352,SiC_10deg
classic_high,1000.0,4000.0,1037,False,10.0,6.800000000000001,0.011013203195301519,0.9199862356883314,0.00898948199205715,SiC_10deg
classic_high,1000.0,4000.0,1037,False,10.0,6.82,0.010906709182318912,0.9210749506725834,0.008803129179545382,SiC_10deg
classic_high,1000.0,4000.0,1037,False,10.0,6.84,0.010793148464182686,0.92226426563387,0.008601196136466404,SiC_10deg
classic_high,1000.0,4000.0,1037,False,10.0,6.859999999999999,0.010672134337814006,0.9235564188982561,0.008383371932675106,SiC_10deg
classic_high,1000.0,4000.0,1037,False,10.0,6.88,0.010543202398141722,0.9249521879444023,0.008149493702446334,SiC_10deg
classic_high,1000.0,4000.0,1037,False,10.0,6.9,0.010405790085896352,0.9264512459832555,0.007899488019591488,SiC_10deg
classic_high,1000.0,4000.0,1037,False,10.0,6.92,0.010259222458625898,0.9280524935726446,0.007633322747810851,SiC_10deg
classic_high,1000.0,4000.0,1037,False,10.0,6.9399999999999995,0.010102707774287251,0.929754283901972,0.0073509827324863995,SiC_10deg
classic_high,1000.0,4000.0,1037,False,10.0,6.96,0.009935345055906953,0.9315544937037704,0.00705247664202455,SiC_10deg
classic_high,1000.0,4000.0,1037,False,10.0,6.98,0.009756143882152705,0.9334504348033665,0.006737874599780084,SiC_10deg
classic_high,1000.0,4000.0,1037,False,10.0,7.0,0.009564054655330449,0.9354386429844156,0.006407368897963017,SiC_10deg
classic_high,1000.0,4000.0,1037,False,10.0,7.0200000000000005,0.009358005997335536,0.9375146103428456,0.006061344913081444,SiC_10deg
classic_high,1000.0,4000.0,1037,False,10.0,7.04,0.009136945084995338,0.9396725371169234,0.005700447638076202,SiC_10deg
classic_high,1000.0,4000.0,1037,False,10.0,7.0600000000000005,0.008899876841353441,0.9419051669968308,0.005325631368488385,SiC_10deg
classic_high,1000.0,4000.0,1037,False,10.0,7.08,0.00864589890497032,0.9442037400144858,0.004938185356062689,SiC_10deg
classic_high,1000.0,4000.0,1037,False,10.0,7.1,0.008374230961158337,0.9465580580797517,0.0045397351593497335,SiC_10deg
classic_high,1000.0,4000.0,1037,False,10.0,7.12,0.008084238970588641,0.948956621278368,0.004132226047260562,SiC_10deg
classic_high,1000.0,4000.0,1037,False,10.0,7.14,0.007775456686765136,0.9513867687130392,0.003717899333171765,SiC_10deg
classic_high,1000.0,4000.0,1037,False,10.0,7.16,0.007447608314391775,0.9538347529617074,0.003299273717650608,SiC_10deg
classic_high,1000.0,4000.0,1037,False,10.0,7.18,0.007100637095071825,0.9562856938422352,0.0028791412835847156,SiC_10deg
classic_high,1000.0,4000.0,1037,False,10.0,7.2,0.006734745113457347,0.9587233911866943,0.002460582361207916,SiC_10deg
classic_high,1000.0,4000.0,1037,False,10.0,7.22,0.006350450067368667,0.9611300193605613,0.002046996465866837,SiC_10deg
classic_high,1000.0,4000.0,1037,False,10.0,7.24,0.0059486658404075575,0.9634857676980015,0.0016421396977905245,SiC_10deg
classic_high,1000.0,4000.0,1037,False,10.0,7.26,0.005530816607667993,0.9657685206508552,0.0012501541095623905,SiC_10deg
classic_high,1000.0,4000.0,1037,False,10.0,7.28,0.005099000779846237,0.967953681831998,0.0008755728566323078,SiC_10deg
classic_high,1000.0,4000.0,1037,False,10.0,7.3,0.004656234557093918,0.9700142342305018,0.0005232869694455192,SiC_10deg
classic_high,1000.0,4000.0,1037,False,10.0,7.32,0.00420683081280793,0.9719210966174602,0.00019846499680813793,SiC_10deg
classic_high,1000.0,4000.0,1037,False,10.0,7.34,0.0037570166757300767,0.9736437899839756,-9.357552644342601e-05,SiC_10deg
classic_high,1000.0,4000.0,1037,False,10.0,7.36,0.003315973443177582,0.9751513773206294,-0.0003475374692084324,SiC_10deg
classic_high,1000.0,4000.0,1037,False,10.0,7.38,0.0028975842622803497,0.9764135958128958,-0.0005583398217590182,SiC_10deg
classic_high,1000.0,4000.0,1037,False,10.0,7.4,0.0025231410572378347,0.9774020719684615,-0.000721320747045695,SiC_10deg
classic_high,1000.0,4000.0,1037,False,10.0,7.42,0.002224354630127433,0.9780915031763873,-0.0008324282362942562,SiC_10deg
classic_high,1000.0,4000.0,1037,False,10.0,7.44,0.002042441668184134,0.9784607044937148,-0.000888381733987968,SiC_10deg
classic_high,1000.0,4000.0,1037,False,10.0,7.46,0.0020142850078431786,0.9784934523209963,-0.0008867941701231715,SiC_10deg
classic_high,1000.0,4000.0,1037,False,10.0,7.48,0.002147734861921106,0.9781790978686303,-0.0008262512724877563,SiC_10deg
classic_high,1000.0,4000.0,1037,False,10.0,7.5,0.0024152422048774633,0.9775129616959997,-0.0007063518679338895,SiC_10deg
classic_high,1000.0,4000.0,1037,False,10.0,7.5200000000000005,0.002775417458756725,0.9764965460245028,-0.0005277173636090729,SiC_10deg
classic_high,1000.0,4000.0,1037,False,10.0,7.54,0.003192781771779199,0.9751376079964574,-0.0002919796896713521,SiC_10deg
classic_high,1000.0,4000.0,1037,False,10.0,7.5600000000000005,0.0036425518467944214,0.9734501245049073,-1.7546742940158849e-06,SiC_10deg
classic_high,1000.0,4000.0,1037,False,10.0,7.58,0.004108363175557218,0.9714541534979182,0.0003393968758657429,SiC_10deg
classic_high,1000.0,4000.0,1037,False,10.0,7.6000000000000005,0.004579289940391098,0.9691755676797863,0.0007270234802121868,SiC_10deg
classic_high,1000.0,4000.0,1037,False,10.0,7.62,0.005047766125591533,0.9666456151951802,0.0011558598958788249,SiC_10deg
classic_high,1000.0,4000.0,1037,False,10.0,7.64,0.005508337576808349,0.9639002567633017,0.0016199352526935964,SiC_10deg
classic_high,1000.0,4000.0,1037,False,10.0,7.66,0.005956943936615868,0.9609792435468879,0.002112719004223809,SiC_10deg
classic_high,1000.0,4000.0,1037,False,10.0,7.68,0.006390508309109633,0.9579249326704244,0.002627306165674594,SiC_10deg
classic_high,1000.0,4000.0,1037,False,10.0,7.7,0.0068067009678567025,0.9547808805118696,0.003156636285673133,SiC_10deg
classic_high,1000.0,4000.0,1037,False,10.0,7.72,0.007203799991432368,0.9515902974637722,0.003693733392319909,SiC_10deg
classic_high,1000.0,4000.0,1037,False,10.0,7.74,0.0075806040758430214,0.9483944813627969,0.004231948535257664,SiC_10deg
classic_high,1000.0,4000.0,1037,False,10.0,7.76,0.007936371197514246,0.9452313621886443,0.004765183893220076,SiC_10deg
classic_high,1000.0,4000.0,1037,False,10.0,7.78,0.008270767754032873,0.9421342840884928,0.005288078407422804,SiC_10deg
classic_high,1000.0,4000.0,1037,False,10.0,7.8,0.008583819754575369,0.9391311232822911,0.005796139393297757,SiC_10deg
classic_high,1000.0,4000.0,1037,False,10.0,7.82,0.008875862287901052,0.9362437973077702,0.006285811688104281,SiC_10deg
classic_high,1000.0,4000.0,1037,False,10.0,7.84,0.009147486666454348,0.9334881707797617,0.006754484195428718,SiC_10deg
classic_high,1000.0,4000.0,1037,False,10.0,7.86,0.009399486681911966,0.9308743149974874,0.007200441558181639,SiC_10deg
classic_high,1000.0,4000.0,1037,False,10.0,7.88,0.009632806466262656,0.9284070422136816,0.007622774620679707,SiC_10deg
classic_high,1000.0,4000.0,1037,False,10.0,7.9,0.009848492640240673,0.9260866164890384,0.008021266255608695,SiC_10deg
classic_high,1000.0,4000.0,1037,False,10.0,7.92,0.010047652890558631,0.923909544185041,0.008396268632518236,SiC_10deg
classic_high,1000.0,4000.0,1037,False,10.0,7.94,0.010231422067545272,0.9218693661846235,0.008748584464420067,SiC_10deg
classic_high,1000.0,4000.0,1037,False,10.0,7.96,0.010400935628450356,0.919957404663485,0.009079359265932584,SiC_10deg
classic_high,1000.0,4000.0,1037,False,10.0,7.98,0.01055730909683615,0.9181634507995725,0.009389985723498017,SiC_10deg
classic_high,1000.0,4000.0,1037,False,10.0,8.0,0.010701621462299204,0.9164764069116536,0.009682016519659241,SiC_10deg
classic_high,1000.0,4000.0,1037,False,15.0,3.0,0.011645171621330984,0.9451189044296745,0.012426256408914276,SiC_15deg
classic_high,1000.0,4000.0,1037,False,15.0,3.02,0.011645671159491647,0.9446760634025254,0.012519007232472786,SiC_15deg
classic_high,1000.0,4000.0,1037,False,15.0,3.04,0.011644155001875782,0.9442953425626146,0.012601083924178058,SiC_15deg
classic_high,1000.0,4000.0,1037,False,15.0,3.06,0.0116399090634801,0.9439687548255867,0.012672921117107043,SiC_15deg
classic_high,1000.0,4000.0,1037,False,15.0,3.08,0.01163232005303993,0.9436880191911193,0.012735074937456894,SiC_15deg
classic_high,1000.0,4000.0,1037,False,15.0,3.1,0.011620923312726116,0.9434446689136671,0.012788258046782373,SiC_15deg
classic_high,1000.0,4000.0,1037,False,15.0,3.12,0.011605431061728386,0.9432304298865715,0.012833319980508563,SiC_15deg
classic_high,1000.0,4000.0,1037,False,15.0,3.14,0.011585738478660533,0.9430378717407222,0.012871169604597213,SiC_15deg
classic_high,1000.0,4000.0,1037,False,15.0,3.16,0.011561909474768659,0.9428612386304492,0.01290265354929303,SiC_15deg
classic_high,1000.0,4000.0,1037,False,15.0,3.18,0.011534147715793756,0.942697292187448,0.012928418050735531,SiC_15deg
classic_high,1000.0,4000.0,1037,False,15.0,3.2,0.011502760644283096,0.9425459666008423,0.012948788129449303,SiC_15deg
classic_high,1000.0,4000.0,1037,False,15.0,3.22,0.011468124519529796,0.9424106547248124,0.012963695783842627,SiC_15deg
classic_high,1000.0,4000.0,1037,False,15.0,3.24,0.011430656878421241,0.942298010237046,0.012972678531016095,SiC_15deg
classic_high,1000.0,4000.0,1037,False,15.0,3.26,0.011390799818183608,0.9422172476692406,0.012974953912595713,SiC_15deg
classic_high,1000.0,4000.0,1037,False,15.0,3.2800000000000002,0.011349013915662655,0.9421790257472575,0.012969558490442524,SiC_15deg
classic_high,1000.0,4000.0,1037,False,15.0,3.3,0.011305779342613632,0.9421940852325417,0.01295552554882355,SiC_15deg
classic_high,1000.0,4000.0,1037,False,15.0,3.32,0.01126159861523226,0.9422718610472304,0.01293206748529175,SiC_15deg
classic_high,1000.0,4000.0,1037,False,15.0,3.34,0.011216994934337008,0.942419290189716,0.01289872840416344,SiC_15deg
classic_high,1000.0,4000.0,1037,False,15.0,3.36,0.01117250133438374,0.9426399931455105,0.012855479553996326,SiC_15deg
classic_high,1000.0,4000.0,1037,False,15.0,3.38,0.01112863855674476,0.9429339283712003,0.0128027431193538,SiC_15deg
classic_high,1000.0,4000.0,1037,False,15.0,3.4,0.011085883045619192,0.9432975249909193,0.012741345450603144,SiC_15deg
classic_high,1000.0,4000.0,1037,False,15.0,3.42,0.011044629874899287,0.9437242089002945,0.01267241555571629,SiC_15deg
classic_high,1000.0,4000.0,1037,False,15.0,3.44,0.011005157862221568,0.9442051713605483,0.012597255282671544,SiC_15deg
classic_high,1000.0,4000.0,1037,False,15.0,3.46,0.01096760489835914,0.9447302008082041,0.012517211715171239,SiC_15deg
classic_high,1000.0,4000.0,1037,False,15.0,3.48,0.010931960275237752,0.9452884134193342,0.012433578985621073,SiC_15deg
classic_high,1000.0,4000.0,1037,False,15.0,3.5,0.010898077699825032,0.9458687712799693,0.012347546824650328,SiC_15deg
classic_high,1000.0,4000.0,1037,False,15.0,3.52,0.010865708412567867,0.9464603546533836,0.012260199205651303,SiC_15deg
classic_high,1000.0,4000.0,1037,False,15.0,3.54,0.010834549427575111,0.9470524361743242,0.012172552000547884,SiC_15deg
classic_high,1000.0,4000.0,1037,False,15.0,3.56,0.010804298497320992,0.9476344678519346,0.012085607449874199,SiC_15deg
classic_high,1000.0,4000.0,1037,False,15.0,3.58,0.010774705857747258,0.9481961190833486,0.012000398471590188,SiC_15deg
classic_high,1000.0,4000.0,1037,False,15.0,3.6,0.010745613523080542,0.9487274875667853,0.011917998735160426,SiC_15deg
classic_high,1000.0,4000.0,1037,False,15.0,3.62,0.010716975681757482,0.9492195491768922,0.011839484284090028,SiC_15deg
classic_high,1000.0,4000.0,1037,False,15.0,3.64,0.01068885789105545,0.9496648327494386,0.011765846672671292,SiC_15deg
classic_high,1000.0,4000.0,1037,False,15.0,3.66,0.010661417261496988,0.9500582235124786,0.011697872273434355,SiC_15deg
classic_high,1000.0,4000.0,1037,False,15.0,3.68,0.01063486959580832,0.9503977376080563,0.011636013653165717,SiC_15deg
classic_high,1000.0,4000.0,1037,False,15.0,3.7,0.010609451641809103,0.9506850872271531,0.011580283689306043,SiC_15deg
classic_high,1000.0,4000.0,1037,False,15.0,3.7199999999999998,0.010585386782353375,0.9509258784924794,0.011530200126558011,SiC_15deg
classic_high,1000.0,4000.0,1037,False,15.0,3.74,0.010562860675378209,0.9511293474776528,0.011484798316595714,SiC_15deg
classic_high,1000.0,4000.0,1037,False,15.0,3.76,0.010542010115796445,0.9513076283356534,0.011442715474516939,SiC_15deg
classic_high,1000.0,4000.0,1037,False,15.0,3.7800000000000002,0.010522924599141158,0.9514746400865827,0.011402334496755425,SiC_15deg
classic_high,1000.0,4000.0,1037,False,15.0,3.8,0.010505656708659416,0.9516447535438696,0.011361962870381097,SiC_15deg
classic_high,1000.0,4000.0,1037,False,15.0,3.8200000000000003,0.010490235355297606,0.9518314405392826,0.011320015294644714,SiC_15deg
classic_high,1000.0,4000.0,1037,False,15.0,3.84,0.010476675552382885,0.9520461060686992,0.011275168724676439,SiC_15deg
classic_high,1000.0,4000.0,1037,False,15.0,3.86,0.010464979830606826,0.9522972620628148,0.011226465370180098,SiC_15deg
classic_high,1000.0,4000.0,1037,False,15.0,3.88,0.010455129186161205,0.9525901297426808,0.011173350986319889,SiC_15deg
classic_high,1000.0,4000.0,1037,False,15.0,3.9,0.010447064874097259,0.9529266724520374,0.011115649796687607,SiC_15deg
classic_high,1000.0,4000.0,1037,False,15.0,3.92,0.01044066552723513,0.9533059812476201,0.011053490399131371,SiC_15deg
classic_high,1000.0,4000.0,1037,False,15.0,3.94,0.010435726164480196,0.9537248785143128,0.010987206103991108,SiC_15deg
classic_high,1000.0,4000.0,1037,False,15.0,3.96,0.010431946065307457,0.9541785823464358,0.010917236319932874,SiC_15deg
classic_high,1000.0,4000.0,1037,False,15.0,3.98,0.01042893104995815,0.9546612903284664,0.010844052189527643,SiC_15deg
classic_high,1000.0,4000.0,1037,False,15.0,4.0,0.010426212716122533,0.9551665904313622,0.010768120622520588,SiC_15deg
classic_high,1000.0,4000.0,1037,False,15.0,4.02,0.010423283365365955,0.9556876755065753,0.010689908544332783,SiC_15deg
classic_high,1000.0,4000.0,1037,False,15.0,4.04,0.010419641670427351,0.9562174075995571,0.010609916823120872,SiC_15deg
classic_high,1000.0,4000.0,1037,False,15.0,4.0600000000000005,0.010414841528331123,0.9567483298621807,0.010528724273867827,SiC_15deg
classic_high,1000.0,4000.0,1037,False,15.0,4.08,0.010408535669192412,0.9572727428362757,0.010447018836585574,SiC_15deg
classic_high,1000.0,4000.0,1037,False,15.0,4.1,0.010400506643965279,0.9577829428356921,0.010365596417092386,SiC_15deg
classic_high,1000.0,4000.0,1037,False,15.0,4.12,0.01039068050130441,0.9582716682286687,0.010285317062413505,SiC_15deg
classic_high,1000.0,4000.0,1037,False,15.0,4.140000000000001,0.010379122097369782,0.9587327290870756,0.01020702062218255,SiC_15deg
classic_high,1000.0,4000.0,1037,False,15.0,4.16,0.010366014675015646,0.9591617267024038,0.010131416419777214,SiC_15deg
classic_high,1000.0,4000.0,1037,False,15.0,4.18,0.010351629235062942,0.9595567214302052,0.010058970354455897,SiC_15deg
classic_high,1000.0,4000.0,1037,False,15.0,4.2,0.0103362906627777,0.95991869414251,0.009989815863590844,SiC_15deg
classic_high,1000.0,4000.0,1037,False,15.0,4.22,0.010320347296701426,0.9602516727940045,0.009923711463818291,SiC_15deg
classic_high,1000.0,4000.0,1037,False,15.0,4.24,0.010304148787801606,0.9605624553800411,0.009860058098959401,SiC_15deg
classic_high,1000.0,4000.0,1037,False,15.0,4.26,0.010288034224916776,0.9608599394555719,0.009797976647975196,SiC_15deg
classic_high,1000.0,4000.0,1037,False,15.0,4.28,0.01027232936600076,0.9611541474620651,0.009736432866409859,SiC_15deg
classic_high,1000.0,4000.0,1037,False,15.0,4.3,0.01025734922301073,0.9614550979172551,0.00967438687230261,SiC_15deg
classic_high,1000.0,4000.0,1037,False,15.0,4.32,0.010243400850253699,0.9617717015461611,0.009610939351190695,SiC_15deg
classic_high,1000.0,4000.0,1037,False,15.0,4.34,0.010230781317251693,0.9621108529678623,0.009545447944769277,SiC_15deg
classic_high,1000.0,4000.0,1037,False,15.0,4.36,0.01021976745987717,0.9624768455054362,0.009477594346542082,SiC_15deg
classic_high,1000.0,4000.0,1037,False,15.0,4.38,0.01021059668537985,0.9628711694347302,0.00940739371941542,SiC_15deg
classic_high,1000.0,4000.0,1037,False,15.0,4.4,0.01020344117671258,0.9632926778348332,0.009335150586040009,SiC_15deg
classic_high,1000.0,4000.0,1037,False,15.0,4.42,0.010198380500239239,0.9637380360295822,0.009261376452677347,SiC_15deg
classic_high,1000.0,4000.0,1037,False,15.0,4.4399999999999995,0.01019537913579335,0.9642023252987828,0.009186691577655655,SiC_15deg
classic_high,1000.0,4000.0,1037,False,15.0,4.46,0.010194275339802977,0.9646796587223023,0.009111734855460827,SiC_15deg
classic_high,1000.0,4000.0,1037,False,15.0,4.48,0.0101947859411381,0.9651636887401667,0.009037101438137412,SiC_15deg
classic_high,1000.0,4000.0,1037,False,15.0,4.5,0.010196528530013021,0.9656479359110572,0.00896331858781591,SiC_15deg
classic_high,1000.0,4000.0,1037,False,15.0,4.52,0.01019905878758481,0.9661259328726711,0.00889085871730809,SiC_15deg
classic_high,1000.0,4000.0,1037,False,15.0,4.54,0.01020191735581549,0.9665912390936282,0.00882017767836036,SiC_15deg
classic_high,1000.0,4000.0,1037,False,15.0,4.5600000000000005,0.010204678520605037,0.9670374236715215,0.008751759034737667,SiC_15deg
classic_high,1000.0,4000.0,1037,False,15.0,4.58,0.010206992609334123,0.9674581234707686,0.008686143321568088,SiC_15deg
classic_high,1000.0,4000.0,1037,False,15.0,4.6,0.010208615455851996,0.9678472593071746,0.008623925648784503,SiC_15deg
classic_high,1000.0,4000.0,1037,False,15.0,4.62,0.01020942116634415,0.9681994403891218,0.008565714289070752,SiC_15deg
classic_high,1000.0,4000.0,1037,False,15.0,4.640000000000001,0.010209397994562002,0.9685105214639627,0.008512054574455771,SiC_15deg
classic_high,1000.0,4000.0,1037,False,15.0,4.66,0.010208630534097745,0.9687782165880041,0.008463333326849266,SiC_15deg
classic_high,1000.0,4000.0,1037,False,15.0,4.68,0.010207273870347592,0.9690026353198103,0.008419686203633397,SiC_15deg
classic_high,1000.0,4000.0,1037,False,15.0,4.7,0.010205526283773275,0.9691866025657827,0.008380931810678343,SiC_15deg
classic_high,1000.0,4000.0,1037,False,15.0,4.72,0.01020360641750273,0.9693356544365892,0.008346551805222686,SiC_15deg
classic_high,1000.0,4000.0,1037,False,15.0,4.74,0.010201738775460828,0.9694576620985815,0.00831572665281479,SiC_15deg
classic_high,1000.0,4000.0,1037,False,15.0,4.76,0.010200148585589866,0.9695621093447871,0.008287424615487827,SiC_15deg
classic_high,1000.0,4000.0,1037,False,15.0,4.78,0.010199064199078813,0.9696591198757712,0.00826052989347029,SiC_15deg
classic_high,1000.0,4000.0,1037,False,15.0,4.8,0.010198723030634753,0.9697583808048947,0.00823398737822904,SiC_15deg
classic_high,1000.0,4000.0,1037,False,15.0,4.82,0.010199376105926335,0.9698681285830756,0.008206938102089785,SiC_15deg
classic_high,1000.0,4000.0,1037,False,15.0,4.84,0.010201286780748796,0.9699943487102135,0.008178821840078211,SiC_15deg
classic_high,1000.0,4000.0,1037,False,15.0,4.86,0.010204720986708866,0.9701402954206384,0.00814943075607824,SiC_15deg
classic_high,1000.0,4000.0,1037,False,15.0,4.88,0.010209928981498471,0.9703063726671511,0.008118908695400676,SiC_15deg
classic_high,1000.0,4000.0,1037,False,15.0,4.9,0.010217121371391953,0.9704903478407565,0.00808770222551793,SiC_15deg
classic_high,1000.0,4000.0,1037,False,15.0,4.92,0.010226444402569446,0.9706878102185766,0.00805647918508421,SiC_15deg
classic_high,1000.0,4000.0,1037,False,15.0,4.9399999999999995,0.010237960567526865,0.9708927500985803,0.00802603611259424,SiC_15deg
classic_high,1000.0,4000.0,1037,False,15.0,4.96,0.010251640092921779,0.9710981295206641,0.007997216214862794,SiC_15deg
classic_high,1000.0,4000.0,1037,False,15.0,4.98,0.010267366896332807,0.9712963416288232,0.007970854490981744,SiC_15deg
classic_high,1000.0,4000.0,1037,False,15.0,5.0,0.01028495955473245,0.9714795056481282,0.0079477575649058,SiC_15deg
classic_high,1000.0,4000.0,1037,False,15.0,5.02,0.010304204458764461,0.9716396045288772,0.007928715070958669,SiC_15deg
classic_high,1000.0,4000.0,1037,False,15.0,5.04,0.010324895489379362,0.9717685261040738,0.007914529932493988,SiC_15deg
classic_high,1000.0,4000.0,1037,False,15.0,5.0600000000000005,0.010346872976371869,0.9718581011858006,0.007906049152071066,SiC_15deg
classic_high,1000.0,4000.0,1037,False,15.0,5.08,0.010370054780904765,0.9719002341663496,0.007904176376082945,SiC_15deg
classic_high,1000.0,4000.0,1037,False,15.0,5.1,0.010394454051064456,0.9718871926002807,0.007909852635385298,SiC_15deg
classic_high,1000.0,4000.0,1037,False,15.0,5.12,0.010420181084586035,0.9718120699287004,0.007924000911654301,SiC_15deg
classic_high,1000.0,4000.0,1037,False,15.0,5.140000000000001,0.010447430070683994,0.9716693745892417,0.007947441018162069,SiC_15deg
classic_high,1000.0,4000.0,1037,False,15.0,5.16,0.010476454463653185,0.9714556463871393,0.007980790760197747,SiC_15deg
classic_high,1000.0,4000.0,1037,False,15.0,5.18,0.010507536674179736,0.9711699720870367,0.008024374880846142,SiC_15deg
classic_high,1000.0,4000.0,1037,False,15.0,5.2,0.010540958244264789,0.9708142753011956,0.008078163399895644,SiC_15deg
classic_high,1000.0,4000.0,1037,False,15.0,5.220000000000001,0.010576975667799474,0.9703932909382064,0.008141755563502953,SiC_15deg
classic_high,1000.0,4000.0,1037,False,15.0,5.24,0.010615804872013761,0.9699141934357891,0.008214416105092423,SiC_15deg
classic_high,1000.0,4000.0,1037,False,15.0,5.26,0.010657614699166805,0.9693859165214235,0.008295159251634796,SiC_15deg
classic_high,1000.0,4000.0,1037,False,15.0,5.28,0.010702527242677406,0.9688182640562597,0.008382865637284695,SiC_15deg
classic_high,1000.0,4000.0,1037,False,15.0,5.300000000000001,0.010750621233551014,0.9682209524074213,0.008476410421692964,SiC_15deg
classic_high,1000.0,4000.0,1037,False,15.0,5.32,0.010801934235479099,0.967602735890169,0.00857477897577434,SiC_15deg
classic_high,1000.0,4000.0,1037,False,15.0,5.34,0.01085646025497921,0.9669707463444333,0.00867714982035098,SiC_15deg
classic_high,1000.0,4000.0,1037,False,15.0,5.359999999999999,0.010914141240839937,0.9663301311851356,0.008782932202043098,SiC_15deg
classic_high,1000.0,4000.0,1037,False,15.0,5.38,0.010974853315885678,0.9656840122335411,0.008891755922801538,SiC_15deg
classic_high,1000.0,4000.0,1037,False,15.0,5.4,0.011038390811612621,0.9650337243226331,0.009003421426910267,SiC_15deg
classic_high,1000.0,4000.0,1037,False,15.0,5.42,0.011104452653070546,0.9643792421315585,0.00911782630332576,SiC_15deg
classic_high,1000.0,4000.0,1037,False,15.0,5.4399999999999995,0.011172635941218954,0.9637196769765951,0.009234888410336659,SiC_15deg
classic_high,1000.0,4000.0,1037,False,15.0,5.46,0.011242440573398819,0.9630537278466131,0.009354484859037109,SiC_15deg
classic_high,1000.0,4000.0,1037,False,15.0,5.48,0.011313286641440152,0.9623800012899727,0.0094764203953913,SiC_15deg
classic_high,1000.0,4000.0,1037,False,15.0,5.5,0.01138454365918861,0.9616971644134948,0.009600429777378969,SiC_15deg
classic_high,1000.0,4000.0,1037,False,15.0,5.52,0.011455568069091896,0.9610039508079439,0.00972620889043667,SiC_15deg
classic_high,1000.0,4000.0,1037,False,15.0,5.54,0.011525743614087446,0.9602990855952235,0.009853461189305612,SiC_15deg
classic_high,1000.0,4000.0,1037,False,15.0,5.5600000000000005,0.01159451849203476,0.9595812203322606,0.009981941779384274,SiC_15deg
classic_high,1000.0,4000.0,1037,False,15.0,5.58,0.011661433876132445,0.958848964499651,0.010111482202219543,SiC_15deg
classic_high,1000.0,4000.0,1037,False,15.0,5.6,0.01172614018858592,0.9581010689645667,0.0102419845479312,SiC_15deg
classic_high,1000.0,4000.0,1037,False,15.0,5.62,0.011788399989757213,0.9573367669824047,0.010373382351398223,SiC_15deg
classic_high,1000.0,4000.0,1037,False,15.0,5.640000000000001,0.011848078889056589,0.956556223983873,0.010505575426303329,SiC_15deg
classic_high,1000.0,4000.0,1037,False,15.0,5.66,0.011905127914687346,0.955761003796968,0.010638353729299515,SiC_15deg
classic_high,1000.0,4000.0,1037,False,15.0,5.68,0.011959561872234847,0.9549544383062816,0.010771329409546542,SiC_15deg
classic_high,1000.0,4000.0,1037,False,15.0,5.7,0.012011438199896106,0.9541417958385443,0.010903895331319217,SiC_15deg
classic_high,1000.0,4000.0,1037,False,15.0,5.720000000000001,0.012060839788021938,0.9533301790831386,0.011035222809868189,SiC_15deg
classic_high,1000.0,4000.0,1037,False,15.0,5.74,0.012107863504694739,0.952528137424252,0.011164302514509429,SiC_15deg
classic_high,1000.0,4000.0,1037,False,15.0,5.76,0.012152614231570458,0.9517450380140037,0.01129002267925252,SiC_15deg
classic_high,1000.0,4000.0,1037,False,15.0,5.78,0.012195202560330617,0.9509902906139082,0.011411270310961608,SiC_15deg
classic_high,1000.0,4000.0,1037,False,15.0,5.800000000000001,0.01223574332742168,0.9502725515484541,0.011527035977094742,SiC_15deg
classic_high,1000.0,4000.0,1037,False,15.0,5.82,0.012274352086115749,0.9495990355349484,0.011636502111684448,SiC_15deg
classic_high,1000.0,4000.0,1037,False,15.0,5.84,0.012311137419307156,0.9489750404803067,0.011739098653299444,SiC_15deg
classic_high,1000.0,4000.0,1037,False,15.0,5.859999999999999,0.012346188461130954,0.94840374541335,0.01183451724656307,SiC_15deg
classic_high,1000.0,4000.0,1037,False,15.0,5.88,0.012379558741235348,0.9478862859311802,0.011922684445229587,SiC_15deg
classic_high,1000.0,4000.0,1037,False,15.0,5.9,0.012411249042047556,0.9474220574604674,0.012003703214069423,SiC_15deg
classic_high,1000.0,4000.0,1037,False,15.0,5.92,0.012441192946128252,0.9470091563275549,0.012077778489124844,SiC_15deg
classic_high,1000.0,4000.0,1037,False,15.0,5.9399999999999995,0.012469248856719775,0.9466448509796158,0.012145145116121627,SiC_15deg
classic_high,1000.0,4000.0,1037,False,15.0,5.96,0.012495201416429878,0.946325984313506,0.012206014548563144,SiC_15deg
classic_high,1000.0,4000.0,1037,False,15.0,5.98,0.01251877358469532,0.9460492402398893,0.01226055074289382,SiC_15deg
classic_high,1000.0,4000.0,1037,False,15.0,6.0,0.012539648536713277,0.945811254716897,0.012308877246900655,SiC_15deg
classic_high,1000.0,4000.0,1037,False,15.0,6.02,0.012557498513027177,0.9456086009691064,0.012351108720251209,SiC_15deg
classic_high,1000.0,4000.0,1037,False,15.0,6.04,0.01257201627401296,0.9454377171489405,0.012387393354221147,SiC_15deg
classic_high,1000.0,4000.0,1037,False,15.0,6.0600000000000005,0.012582944254781663,0.9452948618232553,0.012417949674058753,SiC_15deg
classic_high,1000.0,4000.0,1037,False,15.0,6.08,0.012590097000480995,0.9451761736959295,0.012443082811293516,SiC_15deg
classic_high,1000.0,4000.0,1037,False,15.0,6.1,0.012593373857695824,0.9450778794026372,0.012463171087320386,SiC_15deg
classic_high,1000.0,4000.0,1037,False,15.0,6.12,0.012592760856166788,0.9449966460574212,0.01247862209638343,SiC_15deg
classic_high,1000.0,4000.0,1037,False,15.0,6.140000000000001,0.012588322767531681,0.944930026526515,0.012489806170539155,SiC_15deg
classic_high,1000.0,4000.0,1037,False,15.0,6.16,0.012580188005130862,0.9448769085813257,0.012496981837330287,SiC_15deg
classic_high,1000.0,4000.0,1037,False,15.0,6.18,0.012568529974207165,0.9448378643020553,0.012500230882783112,SiC_15deg
classic_high,1000.0,4000.0,1037,False,15.0,6.2,0.012553548529522753,0.9448153076052983,0.01249941915384744,SiC_15deg
classic_high,1000.0,4000.0,1037,False,15.0,6.220000000000001,0.012535454403180293,0.9448134029130754,0.012494193690955049,SiC_15deg
classic_high,1000.0,4000.0,1037,False,15.0,6.24,0.012514458082527583,0.9448377181650478,0.012484018605231434,SiC_15deg
classic_high,1000.0,4000.0,1037,False,15.0,6.26,0.012490763028049075,0.9448946684552768,0.012468243348636563,SiC_15deg
classic_high,1000.0,4000.0,1037,False,15.0,6.28,0.012464561737710291,0.9449908400247989,0.0124461897877631,SiC_15deg
classic_high,1000.0,4000.0,1037,False,15.0,6.300000000000001,0.01243603233381421,0.945132308283245,0.012417240464717925,SiC_15deg
classic_high,1000.0,4000.0,1037,False,15.0,6.32,0.012405333271799367,0.9453240629014669,0.012380910484239853,SiC_15deg
classic_high,1000.0,4000.0,1037,False,15.0,6.34,0.012372594460274694,0.9455696284663221,0.012336889509175641,SiC_15deg
classic_high,1000.0,4000.0,1037,False,15.0,6.359999999999999,0.012337904362512319,0.9458709267003297,0.012285047372731566,SiC_15deg
classic_high,1000.0,4000.0,1037,False,15.0,6.38,0.012301294197381346,0.9462283756642967,0.012225405159489194,SiC_15deg
classic_high,1000.0,4000.0,1037,False,15.0,6.4,0.012262721770198517,0.9466411741919238,0.012158081313027655,SiC_15deg
classic_high,1000.0,4000.0,1037,False,15.0,6.42,0.012222058352263438,0.9471076867220517,0.01208322758381619,SiC_15deg
classic_high,1000.0,4000.0,1037,False,15.0,6.4399999999999995,0.012179082111695157,0.9476258321225809,0.012000971182506221,SiC_15deg
classic_high,1000.0,4000.0,1037,False,15.0,6.46,0.012133480785043518,0.9481933923995566,0.011911376969470732,SiC_15deg
classic_high,1000.0,4000.0,1037,False,15.0,6.48,0.012084864703042304,0.9488081898769953,0.011814437515100494,SiC_15deg
classic_high,1000.0,4000.0,1037,False,15.0,6.5,0.012032789285984315,0.9494681258238185,0.011710090925823197,SiC_15deg
classic_high,1000.0,4000.0,1037,False,15.0,6.52,0.011976784172659205,0.9501711177269536,0.01159825850645208,SiC_15deg
classic_high,1000.0,4000.0,1037,False,15.0,6.54,0.011916384714663091,0.9509150044826428,0.011478888689722003,SiC_15deg
classic_high,1000.0,4000.0,1037,False,15.0,6.5600000000000005,0.011851161005593653,0.9516974998709595,0.01135199172727284,SiC_15deg
classic_high,1000.0,4000.0,1037,False,15.0,6.58,0.011780740056753213,0.9525162616220778,0.011217651942470583,SiC_15deg
classic_high,1000.0,4000.0,1037,False,15.0,6.6,0.011704818064928792,0.9533691096235613,0.011076010295129302,SiC_15deg
classic_high,1000.0,4000.0,1037,False,15.0,6.62,0.01162316162030915,0.954254381496225,0.010927218025235266,SiC_15deg
classic_high,1000.0,4000.0,1037,False,15.0,6.640000000000001,0.011535598728308064,0.955171369180381,0.010771370109733345,SiC_15deg
classic_high,1000.0,4000.0,1037,False,15.0,6.66,0.011442002213781747,0.9561207483909716,0.010608433103450029,SiC_15deg
classic_high,1000.0,4000.0,1037,False,15.0,6.68,0.011342269084534841,0.9571049024031235,0.010438184153248153,SiC_15deg
classic_high,1000.0,4000.0,1037,False,15.0,6.7,0.01123629957471687,0.9581280555208038,0.010260176049558128,SiC_15deg
classic_high,1000.0,4000.0,1037,False,15.0,6.720000000000001,0.011123978899367858,0.9591961663903562,0.01007373765411731,SiC_15deg
classic_high,1000.0,4000.0,1037,False,15.0,6.74,0.011005163454045598,0.9603165784948022,0.0098780113444451,SiC_15deg
classic_high,1000.0,4000.0,1037,False,15.0,6.76,0.010879671646360712,0.9614974733282,0.009672021159119647,SiC_15deg
classic_high,1000.0,4000.0,1037,False,15.0,6.78,0.01074727815239887,0.9627472096175623,0.009454759023225621,SiC_15deg
classic_high,1000.0,4000.0,1037,False,15.0,6.800000000000001,0.010607709503614069,0.9640736510237409,0.00922527322928101,SiC_15deg
classic_high,1000.0,4000.0,1037,False,15.0,6.82,0.010460638752751775,0.9654835811149308,0.008982743918161324,SiC_15deg
classic_high,1000.0,4000.0,1037,False,15.0,6.84,0.010305677587189642,0.9669822794541454,0.008726534423841279,SiC_15deg
classic_high,1000.0,4000.0,1037,False,15.0,6.859999999999999,0.010142365514342116,0.968573292546788,0.008456213976391867,SiC_15deg
classic_high,1000.0,4000.0,1037,False,15.0,6.88,0.009970157338088276,0.9702583876504134,0.008171554791199418,SiC_15deg
classic_high,1000.0,4000.0,1037,False,15.0,6.9,0.00978841168323568,0.9720376367724535,0.007872513189253022,SiC_15deg
classic_high,1000.0,4000.0,1037,False,15.0,6.92,0.009596384402646206,0.9739095521490347,0.007559208468945658,SiC_15deg
classic_high,1000.0,4000.0,1037,False,15.0,6.9399999999999995,0.009393231001247455,0.9758711893361152,0.007231913735520296,SiC_15deg
classic_high,1000.0,4000.0,1037,False,15.0,6.96,0.009178021588748711,0.9779181510363946,0.006891069592278544,SiC_15deg
classic_high,1000.0,4000.0,1037,False,15.0,6.98,0.008949770411285569,0.9800444597306652,0.006537325253012333,SiC_15deg
classic_high,1000.0,4000.0,1037,False,15.0,7.0,0.008707480019332213,0.9822423111912254,0.006171603795675677,SiC_15deg
classic_high,1000.0,4000.0,1037,False,15.0,7.0200000000000005,0.008450198074338333,0.9845017625493556,0.0057951809297387994,SiC_15deg
classic_high,1000.0,4000.0,1037,False,15.0,7.04,0.0081770831993845,0.9868104366539373,0.005409761709908575,SiC_15deg
classic_high,1000.0,4000.0,1037,False,15.0,7.0600000000000005,0.00788747558600751,0.9891533312622517,0.00501753842453224,SiC_15deg
classic_high,1000.0,4000.0,1037,False,15.0,7.08,0.007580968557950654,0.9915128049900599,0.004621215783974543,SiC_15deg
classic_high,1000.0,4000.0,1037,False,15.0,7.1,0.007257479037607228,0.9938687760121556,0.004223995824961879,SiC_15deg
classic_high,1000.0,4000.0,1037,False,15.0,7.12,0.006917317771384204,0.9961991235268897,0.003829523036140102,SiC_15deg
classic_high,1000.0,4000.0,1037,False,15.0,7.14,0.006561264088774676,0.9984802379334379,0.003441798045404468,SiC_15deg
classic_high,1000.0,4000.0,1037,False,15.0,7.16,0.006190654809856086,1.0006876349289926,0.0030650738297181243,SiC_15deg
classic_high,1000.0,4000.0,1037,False,15.0,7.18,0.005807502801512902,1.002796539169099,0.0027037504546584584,SiC_15deg
classic_high,1000.0,4000.0,1037,False,15.0,7.2,0.0054146680290218085,1.0047823570626706,0.002362282404941942,SiC_15deg
classic_high,1000.0,4000.0,1037,False,15.0,7.22,0.00501611330281033,1.006620992001594,0.002045107229311539,SiC_15deg
classic_high,1000.0,4000.0,1037,False,15.0,7.24,0.004617288005953116,1.0082890002522795,0.0017565969297273524,SiC_15deg
classic_high,1000.0,4000.0,1037,False,15.0,7.26,0.00422569146939878,1.0097636306355506,0.0015010261629935626,SiC_15deg
classic_high,1000.0,4000.0,1037,False,15.0,7.28,0.0038516549856379132,1.0110228249510462,0.001282545755601388,SiC_15deg
classic_high,1000.0,4000.0,1037,False,15.0,7.3,0.0035092922378857114,1.0120452706272391,0.001105147653298369,SiC_15deg
classic_high,1000.0,4000.0,1037,False,15.0,7.32,0.0032172760225704844,1.0128105887043355,0.0009726088459831262,SiC_15deg
classic_high,1000.0,4000.0,1037,False,15.0,7.34,0.002998453241136285,1.0132997107511619,0.0008884067273596395,SiC_15deg
classic_high,1000.0,4000.0,1037,False,15.0,7.36,0.002876585146746345,1.0134954543378039,0.0008556056365216962,SiC_15deg
classic_high,1000.0,4000.0,1037,False,15.0,7.38,0.002869325919802329,1.0133832582817481,0.0008767222777312618,SiC_15deg
classic_high,1000.0,4000.0,1037,False,15.0,7.4,0.002980650164137832,1.0129519972503087,0.0009535844251903021,SiC_15deg
classic_high,1000.0,4000.0,1037,False,15.0,7.42,0.0031991583375806584,1.012194770205746,0.001087201141503562,SiC_15deg
classic_high,1000.0,4000.0,1037,False,15.0,7.44,0.0035038551230861664,1.0111095545876163,0.0012776626808786672,SiC_15deg
classic_high,1000.0,4000.0,1037,False,15.0,7.46,0.0038718394945524348,1.009699638587565,0.0015240842555355762,SiC_15deg
classic_high,1000.0,4000.0,1037,False,15.0,7.48,0.004282993964191953,1.0079737821784387,0.001824600850731747,SiC_15deg
classic_high,1000.0,4000.0,1037,False,15.0,7.5,0.004721345066417364,1.0059461039460174,0.0021764119933576536,SiC_15deg
classic_high,1000.0,4000.0,1037,False,15.0,7.5200000000000005,0.005174719577099754,1.0036357334627566,0.002575867859255367,SiC_15deg
classic_high,1000.0,4000.0,1037,False,15.0,7.54,0.005633932388163191,1.0010662974051052,0.003018583165884231,SiC_15deg
classic_high,1000.0,4000.0,1037,False,15.0,7.5600000000000005,0.0060920248411614995,0.9982653155404071,0.0034995640206458467,SiC_15deg
classic_high,1000.0,4000.0,1037,False,15.0,7.58,0.006543681295109277,0.9952635697716394,0.004013335322786018,SiC_15deg
classic_high,1000.0,4000.0,1037,False,15.0,7.6000000000000005,0.006984812811653018,0.9920944812492161,0.004554061462176029,SiC_15deg
classic_high,1000.0,4000.0,1037,False,15.0,7.62,0.0074122667388481,0.9887934968877461,0.005115659222977007,SiC_15deg
classic_high,1000.0,4000.0,1037,False,15.0,7.64,0.007823624874856659,0.985397458355226,0.005691907087494363,SiC_15deg
classic_high,1000.0,4000.0,1037,False,15.0,7.66,0.008217063026076091,0.9819439125801422,0.006276557997906209,SiC_15deg
classic_high,1000.0,4000.0,1037,False,15.0,7.68,0.008591253207261155,0.9784703274236318,0.006863462288685031,SiC_15deg
classic_high,1000.0,4000.0,1037,False,15.0,7.7,0.008945295276431729,0.9750131982858621,0.0074467041070615395,SiC_15deg
classic_high,1000.0,4000.0,1037,False,15.0,7.72,0.00927866811861606,0.9716070650597983,0.008020749191398422,SiC_15deg
classic_high,1000.0,4000.0,1037,False,15.0,7.74,0.009591192512191232,0.9682834949748,0.008580595904575753,SiC_15deg
classic_high,1000.0,4000.0,1037,False,15.0,7.76,0.009882999264708306,0.9650701159017256,0.009121916553405501,SiC_15deg
classic_high,1000.0,4000.0,1037,False,15.0,7.78,0.010154497558620813,0.961989798885205,0.009641173593428792,SiC_15deg
classic_high,1000.0,4000.0,1037,False,15.0,7.8,0.010406339927344924,0.9590600838714565,0.010135696046618969,SiC_15deg
classic_high,1000.0,4000.0,1037,False,15.0,7.82,0.010639381927089948,0.9562929189930052,0.010603705336065597,SiC_15deg
classic_high,1000.0,4000.0,1037,False,15.0,7.84,0.010854636285581441,0.953694745646918,0.011044286051741395,SiC_15deg
classic_high,1000.0,4000.0,1037,False,15.0,7.86,0.011053222918209786,0.9512669163336734,0.01145730465849614,SiC_15deg
classic_high,1000.0,4000.0,1037,False,15.0,7.88,0.011236317493171569,0.9490063887003326,0.01184328632972216,SiC_15deg
classic_high,1000.0,4000.0,1037,False,15.0,7.9,0.01140510200093751,0.946906606043866,0.012203265473724018,SiC_15deg
classic_high,1000.0,4000.0,1037,False,15.0,7.92,0.01156072090389339,0.9449584581704905,0.012538628009696611,SiC_15deg
classic_high,1000.0,4000.0,1037,False,15.0,7.94,0.011704245880916174,0.9431512199029237,0.012850962555187742,SiC_15deg
classic_high,1000.0,4000.0,1037,False,15.0,7.96,0.011836651045246328,0.9414733862396009,0.013141933669116758,SiC_15deg
classic_high,1000.0,4000.0,1037,False,15.0,7.98,0.011958799038450364,0.9399133575401177,0.013413184142657603,SiC_15deg
classic_high,1000.0,4000.0,1037,False,15.0,8.0,0.012071436911028056,0.9384599664859039,0.013666266547388721,SiC_15deg
moderate_high,1200.0,4000.0,1162,False,10.0,3.0,0.007820370837177692,0.9476697077837846,0.004163741440191896,SiC_10deg
moderate_high,1200.0,4000.0,1162,False,10.0,3.02,0.007822319461266073,0.9446814401041458,0.0047277638020067824,SiC_10deg
moderate_high,1200.0,4000.0,1162,False,10.0,3.04,0.007819553094217717,0.9414725507785849,0.005331516286788716,SiC_10deg
moderate_high,1200.0,4000.0,1162,False,10.0,3.06,0.0078114608881529966,0.9380582300468782,0.005971215745665753,SiC_10deg
moderate_high,1200.0,4000.0,1162,False,10.0,3.08,0.007797583167984972,0.9344507227051794,0.006643722041695221,SiC_10deg
moderate_high,1200.0,4000.0,1162,False,10.0,3.1,0.007777647999614814,0.9306595573878718,0.007346550788197517,SiC_10deg
moderate_high,1200.0,4000.0,1162,False,10.0,3.12,0.007751579318854578,0.9266933369488192,0.008077596799350812,SiC_10deg
moderate_high,1200.0,4000.0,1162,False,10.0,3.14,0.00771947806751234,0.922562744174629,0.00883462747170054,SiC_10deg
moderate_high,1200.0,4000.0,1162,False,10.0,3.16,0.007681583736240649,0.9182839761873404,0.009614684224989869,SiC_10deg
moderate_high,1200.0,4000.0,1162,False,10.0,3.18,0.00763822752611443,0.9138816170170802,0.010413567107575914,SiC_10deg
moderate_high,1200.0,4000.0,1162,False,10.0,3.2,0.007589789201649583,0.9093900478583835,0.01122556272428449,SiC_10deg
moderate_high,1200.0,4000.0,1162,False,10.0,3.22,0.007536667542639792,0.9048528443154392,0.012043514797030514,SiC_10deg
moderate_high,1200.0,4000.0,1162,False,10.0,3.24,0.0074792697963400314,0.9003201086570013,0.012859249397830765,SiC_10deg
moderate_high,1200.0,4000.0,1162,False,10.0,3.26,0.007418019945126642,0.8958441851548545,0.013664279128144005,SiC_10deg
moderate_high,1200.0,4000.0,1162,False,10.0,3.2800000000000002,0.007353380404329473,0.8914745733972916,0.014450645931559217,SiC_10deg
moderate_high,1200.0,4000.0,1162,False,10.0,3.3,0.0072858782041999685,0.8872530061027972,0.01521173530133033,SiC_10deg
moderate_high,1200.0,4000.0,1162,False,10.0,3.32,0.00721612552543359,0.8832095806326431,0.015942907923982827,SiC_10deg
moderate_high,1200.0,4000.0,1162,False,10.0,3.34,0.007144825774495114,0.8793605719080022,0.016641840527839968,SiC_10deg
moderate_high,1200.0,4000.0,1162,False,10.0,3.36,0.007072759805850669,0.8757081875973071,0.01730853207889064,SiC_10deg
moderate_high,1200.0,4000.0,1162,False,10.0,3.38,0.007000751665920277,0.8722421411933419,0.017944999159943333,SiC_10deg
moderate_high,1200.0,4000.0,1162,False,10.0,3.4,0.006929618372622077,0.8689425916784865,0.018554741765033488,SiC_10deg
moderate_high,1200.0,4000.0,1162,False,10.0,3.42,0.006860112667886205,0.865783786947428,0.01914209764534807,SiC_10deg
moderate_high,1200.0,4000.0,1162,False,10.0,3.44,0.006792870323496976,0.8627376850592702,0.01971161382562096,SiC_10deg
moderate_high,1200.0,4000.0,1162,False,10.0,3.46,0.0067283736212145565,0.8597769185802123,0.02026754692518789,SiC_10deg
moderate_high,1200.0,4000.0,1162,False,10.0,3.48,0.006666939775985617,0.8568766889899783,0.020813563757142158,SiC_10deg
moderate_high,1200.0,4000.0,1162,False,10.0,3.5,0.006608737795790363,0.8540154782370989,0.021352659720356663,SiC_10deg
moderate_high,1200.0,4000.0,1162,False,10.0,3.52,0.006553830805413313,0.8511747710130766,0.021887257646600152,SiC_10deg
moderate_high,1200.0,4000.0,1162,False,10.0,3.54,0.0065022348941939905,0.8483382184525418,0.022419407512287576,SiC_10deg
moderate_high,1200.0,4000.0,1162,False,10.0,3.56,0.006453981703032475,0.8454907824325164,0.022950988263938276,SiC_10deg
moderate_high,1200.0,4000.0,1162,False,10.0,3.58,0.006409171276820946,0.8426183537209646,0.023483821399910034,SiC_10deg
moderate_high,1200.0,4000.0,1162,False,10.0,3.6,0.006368004314352982,0.8397081528221314,0.024019638967233296,SiC_10deg
moderate_high,1200.0,4000.0,1162,False,10.0,3.62,0.006330788100616644,0.8367499529207253,0.024559896737921787,SiC_10deg
moderate_high,1200.0,4000.0,1162,False,10.0,3.64,0.006297916729600827,0.833737885865423,0.02510547306808497,SiC_10deg
moderate_high,1200.0,4000.0,1162,False,10.0,3.66,0.006269832098144699,0.8306723819925788,0.02565633168937139,SiC_10deg
moderate_high,1200.0,4000.0,1162,False,10.0,3.68,0.006246976109845282,0.8275617098609658,0.026211242400999483,SiC_10deg
moderate_high,1200.0,4000.0,1162,False,10.0,3.7,0.006229745624395711,0.8244226437640831,0.026767643597383286,SiC_10deg
moderate_high,1200.0,4000.0,1162,False,10.0,3.7199999999999998,0.006218459740512572,0.8212799752370801,0.02732169823689875,SiC_10deg
moderate_high,1200.0,4000.0,1162,False,10.0,3.74,0.0062133446638623375,0.8181648459027415,0.027868549593333534,SiC_10deg
moderate_high,1200.0,4000.0,1162,False,10.0,3.76,0.0062145359979160235,0.8151121426101247,0.02840273719733854,SiC_10deg
moderate_high,1200.0,4000.0,1162,False,10.0,3.7800000000000002,0.006222093377852171,0.8121573962212347,0.028918698268658338,SiC_10deg
moderate_high,1200.0,4000.0,1162,False,10.0,3.8,0.006236019291227419,0.8093337189798273,0.029411263347691258,SiC_10deg
moderate_high,1200.0,4000.0,1162,False,10.0,3.8200000000000003,0.006256273427642963,0.8066692890431449,0.02987605914232834,SiC_10deg
moderate_high,1200.0,4000.0,1162,False,10.0,3.84,0.006282775942384052,0.8041857602580905,0.0303097541443904,SiC_10deg
moderate_high,1200.0,4000.0,1162,False,10.0,3.86,0.006315396904100278,0.8018977766910986,0.030710117084479033,SiC_10deg
moderate_high,1200.0,4000.0,1162,False,10.0,3.88,0.006353933801547247,0.7998135502171586,0.031075896830403644,SiC_10deg
moderate_high,1200.0,4000.0,1162,False,10.0,3.9,0.006398083068073509,0.7979362608251495,0.03140656692485888,SiC_10deg
moderate_high,1200.0,4000.0,1162,False,10.0,3.92,0.006447414071937511,0.7962659010314065,0.03170200189261531,SiC_10deg
moderate_high,1200.0,4000.0,1162,False,10.0,3.94,0.00650135425431723,0.7948011332071887,0.03196216122149282,SiC_10deg
moderate_high,1200.0,4000.0,1162,False,10.0,3.96,0.006559191994932061,0.7935407704605056,0.03218684897950778,SiC_10deg
moderate_high,1200.0,4000.0,1162,False,10.0,3.98,0.0066200998910107825,0.7924846176089809,0.03237559423353556,SiC_10deg
moderate_high,1200.0,4000.0,1162,False,10.0,4.0,0.0066831764828794065,0.7916335896963136,0.03252766497726933,SiC_10deg
moderate_high,1200.0,4000.0,1162,False,10.0,4.02,0.0067475002763019015,0.7909892186130147,0.032642193795009225,SiC_10deg
moderate_high,1200.0,4000.0,1162,False,10.0,4.04,0.006812187253333947,0.7905528164963921,0.03271836536555144,SiC_10deg
moderate_high,1200.0,4000.0,1162,False,10.0,4.0600000000000005,0.006876442517046294,0.7903246480355677,0.03275560116009679,SiC_10deg
moderate_high,1200.0,4000.0,1162,False,10.0,4.08,0.006939598278734064,0.7903034512033513,0.032753679056354644,SiC_10deg
moderate_high,1200.0,4000.0,1162,False,10.0,4.1,0.00700113354823918,0.7904865403369954,0.03271274449171252,SiC_10deg
moderate_high,1200.0,4000.0,1162,False,10.0,4.12,0.007060674788606762,0.7908705540373093,0.03263320038521797,SiC_10deg
moderate_high,1200.0,4000.0,1162,False,10.0,4.140000000000001,0.007117980522261971,0.7914527175011496,0.032515497516972774,SiC_10deg
moderate_high,1200.0,4000.0,1162,False,10.0,4.16,0.0071729156268120434,0.7922323250689043,0.03235987647717433,SiC_10deg
moderate_high,1200.0,4000.0,1162,False,10.0,4.18,0.0072254223055402715,0.7932120573272404,0.032166129039672184,SiC_10deg
moderate_high,1200.0,4000.0,1162,False,10.0,4.2,0.0072754942908373945,0.7943987529519774,0.031933446460887534,SiC_10deg
moderate_high,1200.0,4000.0,1162,False,10.0,4.22,0.007323158948773375,0.7958033583186456,0.03166040473895069,SiC_10deg
moderate_high,1200.0,4000.0,1162,False,10.0,4.24,0.007368469134950147,0.7974399524323714,0.03134510666003619,SiC_10deg
moderate_high,1200.0,4000.0,1162,False,10.0,4.26,0.007411503632638501,0.7993239477779758,0.030985465029320192,SiC_10deg
moderate_high,1200.0,4000.0,1162,False,10.0,4.28,0.007452372520706559,0.8014697502598203,0.030579579425407132,SiC_10deg
moderate_high,1200.0,4000.0,1162,False,10.0,4.3,0.007491222439891034,0.8038882814364194,0.030126137558959765,SiC_10deg
moderate_high,1200.0,4000.0,1162,False,10.0,4.32,0.0075282367331201945,0.8065847982664209,0.029624766425295858,SiC_10deg
moderate_high,1200.0,4000.0,1162,False,10.0,4.34,0.007563626787304992,0.809557384792254,0.029076268858756093,SiC_10deg
moderate_high,1200.0,4000.0,1162,False,10.0,4.36,0.007597613272328161,0.8127963514211908,0.028482705294822632,SiC_10deg
moderate_high,1200.0,4000.0,1162,False,10.0,4.38,0.0076303988219303094,0.8162845906551883,0.02784731328316192,SiC_10deg
moderate_high,1200.0,4000.0,1162,False,10.0,4.4,0.0076621363827377295,0.8199987424144922,0.027174291645383274,SiC_10deg
moderate_high,1200.0,4000.0,1162,False,10.0,4.42,0.007692899321307811,0.8239108594375892,0.026468504670057028,SiC_10deg
moderate_high,1200.0,4000.0,1162,False,10.0,4.4399999999999995,0.007722659901710199,0.8279901712417932,0.02573517766930057,SiC_10deg
moderate_high,1200.0,4000.0,1162,False,10.0,4.46,0.007751281673241667,0.8322045490789141,0.0249796540746086,SiC_10deg
moderate_high,1200.0,4000.0,1162,False,10.0,4.48,0.007778528765566022,0.8365213793338139,0.024207265127333944,SiC_10deg
moderate_high,1200.0,4000.0,1162,False,10.0,4.5,0.007804091607850506,0.8409077388576838,0.02342332972083942,SiC_10deg
moderate_high,1200.0,4000.0,1162,False,10.0,4.52,0.007827625000013001,0.8453299886684683,0.022633261967627164,SiC_10deg
moderate_high,1200.0,4000.0,1162,False,10.0,4.54,0.007848791678259187,0.8497531028504254,0.021842728189070144,SiC_10deg
moderate_high,1200.0,4000.0,1162,False,10.0,4.5600000000000005,0.007867303261598837,0.8541401679145986,0.021057773818968832,SiC_10deg
moderate_high,1200.0,4000.0,1162,False,10.0,4.58,0.007882951078735977,0.8584524825622594,0.02028484157709649,SiC_10deg
moderate_high,1200.0,4000.0,1162,False,10.0,4.6,0.007895621716942037,0.8626505489695272,0.01953062691981861,SiC_10deg
moderate_high,1200.0,4000.0,1162,False,10.0,4.62,0.007905295637976859,0.8666960028590757,0.01880176016478893,SiC_10deg
moderate_high,1200.0,4000.0,1162,False,10.0,4.640000000000001,0.007912031020253184,0.8705542427943059,0.018104355844572664,SiC_10deg
moderate_high,1200.0,4000.0,1162,False,10.0,4.66,0.007915938181071272,0.874197269643735,0.017443514573760848,SiC_10deg
moderate_high,1200.0,4000.0,1162,False,10.0,4.68,0.007917151718519711,0.8776061109564485,0.016822887574822358,SiC_10deg
moderate_high,1200.0,4000.0,1162,False,10.0,4.7,0.00791580744298034,0.8807722298407389,0.01624441049167102,SiC_10deg
moderate_high,1200.0,4000.0,1162,False,10.0,4.72,0.007912029274367386,0.8836975065320544,0.015708280639723803,SiC_10deg
moderate_high,1200.0,4000.0,1162,False,10.0,4.74,0.007905928085930096,0.886392687638038,0.015213198309966293,SiC_10deg
moderate_high,1200.0,4000.0,1162,False,10.0,4.76,0.007897610856863229,0.8888745423541375,0.014756832316197021,SiC_10deg
moderate_high,1200.0,4000.0,1162,False,10.0,4.78,0.007887195434697916,0.8911622558130191,0.014336418682927062,SiC_10deg
moderate_high,1200.0,4000.0,1162,False,10.0,4.8,0.007874824506506941,0.8932737533192545,0.013949372315789254,SiC_10deg
moderate_high,1200.0,4000.0,1162,False,10.0,4.82,0.007860672451729259,0.895222648518493,0.013593791329204607,SiC_10deg
moderate_high,1200.0,4000.0,1162,False,10.0,4.84,0.007844940554535695,0.897016349940148,0.013268761421841208,SiC_10deg
moderate_high,1200.0,4000.0,1162,False,10.0,4.86,0.007827839134008016,0.8986555876140448,0.012974415628943053,SiC_10deg
moderate_high,1200.0,4000.0,1162,False,10.0,4.88,0.007809558762519594,0.9001353020560819,0.012711761019180347,SiC_10deg
moderate_high,1200.0,4000.0,1162,False,10.0,4.9,0.00779023601158633,0.9014465467807156,0.012482335127899494,SiC_10deg
moderate_high,1200.0,4000.0,1162,False,10.0,4.92,0.007769921255863113,0.9025788594215473,0.012287789223959348,SiC_10deg
moderate_high,1200.0,4000.0,1162,False,10.0,4.9399999999999995,0.007748556374068958,0.9035225003283057,0.012129504903400734,SiC_10deg
moderate_high,1200.0,4000.0,1162,False,10.0,4.96,0.007725968513032896,0.9042700531193022,0.01200833287827372,SiC_10deg
moderate_high,1200.0,4000.0,1162,False,10.0,4.98,0.007701882749269675,0.9048171030508362,0.011924502876418335,SiC_10deg
moderate_high,1200.0,4000.0,1162,False,10.0,5.0,0.007675952299066166,0.905161996031651,0.011877702073512556,SiC_10deg
moderate_high,1200.0,4000.0,1162,False,10.0,5.02,0.007647800981078888,0.9053049537288625,0.01186727072153678,SiC_10deg
moderate_high,1200.0,4000.0,1162,False,10.0,5.04,0.007617069970283677,0.9052470010048111,0.011892431411064726,SiC_10deg
moderate_high,1200.0,4000.0,1162,False,10.0,5.0600000000000005,0.007583460182456085,0.9049891991196564,0.011952461876882071,SiC_10deg
moderate_high,1200.0,4000.0,1162,False,10.0,5.08,0.007546763024280101,0.9045325618816235,0.012046742113749561,SiC_10deg
moderate_high,1200.0,4000.0,1162,False,10.0,5.1,0.007506875305113705,0.9038787977167725,0.01217464844962169,SiC_10deg
moderate_high,1200.0,4000.0,1162,False,10.0,5.12,0.007463797994468605,0.9030317387517638,0.012335317622937913,SiC_10deg
moderate_high,1200.0,4000.0,1162,False,10.0,5.140000000000001,0.0074176222203033715,0.9019990724870384,0.012527347927244265,SiC_10deg
moderate_high,1200.0,4000.0,1162,False,10.0,5.16,0.007368508522468313,0.9007938551965176,0.012748529246693325,SiC_10deg
moderate_high,1200.0,4000.0,1162,False,10.0,5.18,0.007316666294547923,0.8994352987153841,0.012995692241467068,SiC_10deg
moderate_high,1200.0,4000.0,1162,False,10.0,5.2,0.007262339404347804,0.897948479531682,0.013264739766810021,SiC_10deg
moderate_high,1200.0,4000.0,1162,False,10.0,5.220000000000001,0.00720580149598995,0.8963628752717422,0.01355087886327212,SiC_10deg
moderate_high,1200.0,4000.0,1162,False,10.0,5.24,0.007147361148944053,0.8947099168776426,0.013849021984184261,SiC_10deg
moderate_high,1200.0,4000.0,1162,False,10.0,5.26,0.007087373793282849,0.8930199797728465,0.014154284791088054,SiC_10deg
moderate_high,1200.0,4000.0,1162,False,10.0,5.28,0.007026254894596368,0.8913193671395301,0.014462484920525947,SiC_10deg
moderate_high,1200.0,4000.0,1162,False,10.0,5.300000000000001,0.0069644880073023606,0.8896278378004664,0.014770546119614873,SiC_10deg
moderate_high,1200.0,4000.0,1162,False,10.0,5.32,0.006902622064211441,0.887957108709472,0.015076733604356879,SiC_10deg
moderate_high,1200.0,4000.0,1162,False,10.0,5.34,0.006841254557193643,0.8863105531348668,0.015380683199956398,SiC_10deg
moderate_high,1200.0,4000.0,1162,False,10.0,5.359999999999999,0.006781000581534337,0.8846840708333623,0.015683229852173845,SiC_10deg
moderate_high,1200.0,4000.0,1162,False,10.0,5.38,0.0067224513460555115,0.8830678795926019,0.01598608092987626,SiC_10deg
moderate_high,1200.0,4000.0,1162,False,10.0,5.4,0.006666128853496172,0.8814488153497736,0.016291408040773468,SiC_10deg
moderate_high,1200.0,4000.0,1162,False,10.0,5.42,0.006612445223381558,0.8798126628328311,0.016601442137287047,SiC_10deg
moderate_high,1200.0,4000.0,1162,False,10.0,5.4399999999999995,0.006561674983874192,0.8781460818447522,0.016918148467215326,SiC_10deg
moderate_high,1200.0,4000.0,1162,False,10.0,5.46,0.006513946455828376,0.8764378335632236,0.017243032665099443,SiC_10deg
moderate_high,1200.0,4000.0,1162,False,10.0,5.48,0.006469254507964309,0.8746792114835827,0.0175770932781721,SiC_10deg
moderate_high,1200.0,4000.0,1162,False,10.0,5.5,0.006427492406610445,0.8728637921092688,0.017920898350212152,SiC_10deg
moderate_high,1200.0,4000.0,1162,False,10.0,5.52,0.006388496412160684,0.8709867870609623,0.018274733983831754,SiC_10deg
moderate_high,1200.0,4000.0,1162,False,10.0,5.54,0.00635209427584242,0.8690443581016818,0.018638758654091224,SiC_10deg
moderate_high,1200.0,4000.0,1162,False,10.0,5.5600000000000005,0.006318148499357162,0.8670332304066177,0.019013101824325928,SiC_10deg
moderate_high,1200.0,4000.0,1162,False,10.0,5.58,0.006286587133896975,0.8649508172602857,0.019397867289692006,SiC_10deg
moderate_high,1200.0,4000.0,1162,False,10.0,5.6,0.006257418408389359,0.8627958876608846,0.01979303415364356,SiC_10deg
moderate_high,1200.0,4000.0,1162,False,10.0,5.62,0.006230729591301073,0.8605696193775987,0.020198282150195125,SiC_10deg
moderate_high,1200.0,4000.0,1162,False,10.0,5.640000000000001,0.006206674108874978,0.8582767371744006,0.02061279373062494,SiC_10deg
moderate_high,1200.0,4000.0,1162,False,10.0,5.66,0.006185453157867109,0.855926378608473,0.021035095974073485,SiC_10deg
moderate_high,1200.0,4000.0,1162,False,10.0,5.68,0.006167298365665128,0.8535323728735018,0.02146299832408177,SiC_10deg
moderate_high,1200.0,4000.0,1162,False,10.0,5.7,0.006152460490874129,0.8511127484636207,0.02189365967823275,SiC_10deg
moderate_high,1200.0,4000.0,1162,False,10.0,5.720000000000001,0.00614120625023334,0.8486884667068751,0.022323786813928676,SiC_10deg
moderate_high,1200.0,4000.0,1162,False,10.0,5.74,0.006133821976421545,0.8462815623195068,0.02274993396118948,SiC_10deg
moderate_high,1200.0,4000.0,1162,False,10.0,5.76,0.006130619926976419,0.8439130129444773,0.023168848639119166,SiC_10deg
moderate_high,1200.0,4000.0,1162,False,10.0,5.78,0.006131941481258123,0.8416007249669633,0.02357779733851501,SiC_10deg
moderate_high,1200.0,4000.0,1162,False,10.0,5.800000000000001,0.006138151617527803,0.8393580010526559,0.02397480835483466,SiC_10deg
moderate_high,1200.0,4000.0,1162,False,10.0,5.82,0.006149620939254076,0.8371927549347067,0.02435878649381159,SiC_10deg
moderate_high,1200.0,4000.0,1162,False,10.0,5.84,0.00616669467277968,0.8351075862796908,0.024729481062128446,SiC_10deg
moderate_high,1200.0,4000.0,1162,False,10.0,5.859999999999999,0.0061896517190724075,0.8331006574439588,0.025087318455829077,SiC_10deg
moderate_high,1200.0,4000.0,1162,False,10.0,5.88,0.006218660081797922,0.8311671608319497,0.025433137367522334,SiC_10deg
moderate_high,1200.0,4000.0,1162,False,10.0,5.9,0.006253736928052175,0.8293010617964865,0.025767882588529537,SiC_10deg
moderate_high,1200.0,4000.0,1162,False,10.0,5.92,0.006294721555924351,0.8274967685420874,0.026092318872284793,SiC_10deg
moderate_high,1200.0,4000.0,1162,False,10.0,5.9399999999999995,0.006341267510660887,0.8257504235237318,0.0264068182643084,SiC_10deg
moderate_high,1200.0,4000.0,1162,False,10.0,5.96,0.006392856445813008,0.8240606197205801,0.02671125461189584,SiC_10deg
moderate_high,1200.0,4000.0,1162,False,10.0,5.98,0.006448831988387419,0.8224284936588597,0.027005012334773766,SiC_10deg
moderate_high,1200.0,4000.0,1162,False,10.0,6.0,0.006508447971757139,0.8208572987246173,0.02728708945663196,SiC_10deg
moderate_high,1200.0,4000.0,1162,False,10.0,6.02,0.006570922934099896,0.8193516793670943,0.027556254074276754,SiC_10deg
moderate_high,1200.0,4000.0,1162,False,10.0,6.04,0.006635492281534634,0.8179169201404937,0.0278112040227956,SiC_10deg
moderate_high,1200.0,4000.0,1162,False,10.0,6.0600000000000005,0.006701450945945235,0.816558420805367,0.028050683644479983,SiC_10deg
moderate_high,1200.0,4000.0,1162,False,10.0,6.08,0.006768182188252865,0.8152815577907154,0.028273527862299027,SiC_10deg
moderate_high,1200.0,4000.0,1162,False,10.0,6.1,0.006835171581705432,0.8140919591226546,0.02847862758933402,SiC_10deg
moderate_high,1200.0,4000.0,1162,False,10.0,6.12,0.006902008296411591,0.812996081239985,0.02866483536073099,SiC_10deg
moderate_high,1200.0,4000.0,1162,False,10.0,6.140000000000001,0.006968377915457704,0.8120018695958552,0.028830849297030624,SiC_10deg
moderate_high,1200.0,4000.0,1162,False,10.0,6.16,0.00703405177572399,0.8111192390885553,0.028975122054191726,SiC_10deg
moderate_high,1200.0,4000.0,1162,False,10.0,6.18,0.007098877229324311,0.8103601371648339,0.029095837144472524,SiC_10deg
moderate_high,1200.0,4000.0,1162,False,10.0,6.2,0.007162771569562622,0.8097380446363209,0.029190979163800753,SiC_10deg
moderate_high,1200.0,4000.0,1162,False,10.0,6.220000000000001,0.007225720181599674,0.8092669028779246,0.02925850121605509,SiC_10deg
moderate_high,1200.0,4000.0,1162,False,10.0,6.24,0.007287777363483904,0.8089595974072368,0.02929656809502422,SiC_10deg
moderate_high,1200.0,4000.0,1162,False,10.0,6.26,0.0073490667509393485,0.80882624248307,0.029303833624083682,SiC_10deg
moderate_high,1200.0,4000.0,1162,False,10.0,6.28,0.00740977772075475,0.8088725727167122,0.029279699669672955,SiC_10deg
moderate_high,1200.0,4000.0,1162,False,10.0,6.300000000000001,0.00747015465376931,0.8090987425379879,0.029224505110686003,SiC_10deg
moderate_high,1200.0,4000.0,1162,False,10.0,6.32,0.007530477378778582,0.8094987645937749,0.02913960517545572,SiC_10deg
moderate_high,1200.0,4000.0,1162,False,10.0,6.34,0.007591033163138638,0.8100606991776708,0.029027322369858704,SiC_10deg
moderate_high,1200.0,4000.0,1162,False,10.0,6.359999999999999,0.0076520828019965015,0.81076756372297,0.028890775290887464,SiC_10deg
moderate_high,1200.0,4000.0,1162,False,10.0,6.38,0.0077138251741042186,0.8115987942432557,0.028733615638480484,SiC_10deg
moderate_high,1200.0,4000.0,1162,False,10.0,6.4,0.007776365614840195,0.8125319888833179,0.028559721464976887,SiC_10deg
moderate_high,1200.0,4000.0,1162,False,10.0,6.42,0.007839693300024314,0.8135446207576563,0.028372901993329838,SiC_10deg
moderate_high,1200.0,4000.0,1162,False,10.0,6.4399999999999995,0.007903671485395215,0.8146154345983242,0.02817666413796809,SiC_10deg
moderate_high,1200.0,4000.0,1162,False,10.0,6.46,0.0079680421573163,0.8157253351810306,0.02797407394484519,SiC_10deg
moderate_high,1200.0,4000.0,1162,False,10.0,6.48,0.00803244393838647,0.8168577140578002,0.02776772128481216,SiC_10deg
moderate_high,1200.0,4000.0,1162,False,10.0,6.5,0.008096439613101674,0.8179983106387739,0.027559769378442147,SiC_10deg
moderate_high,1200.0,4000.0,1162,False,10.0,6.52,0.008159548000725943,0.8191348249010887,0.027352049081365248,SiC_10deg
moderate_high,1200.0,4000.0,1162,False,10.0,6.54,0.008221274485304525,0.8202565583275916,0.02714614728664745,SiC_10deg
moderate_high,1200.0,4000.0,1162,False,10.0,6.5600000000000005,0.0082811353650488,0.8213543390893188,0.02694344248934548,SiC_10deg
moderate_high,1200.0,4000.0,1162,False,10.0,6.58,0.008338673024007199,0.8224208906639591,0.02674505784482503,SiC_10deg
moderate_high,1200.0,4000.0,1162,False,10.0,6.6,0.008393461243598273,0.8234516553603217,0.026551728441953814,SiC_10deg
moderate_high,1200.0,4000.0,1162,False,10.0,6.62,0.008445102163234743,0.824445926227213,0.026363607807655464,SiC_10deg
moderate_high,1200.0,4000.0,1162,False,10.0,6.640000000000001,0.008493217945201895,0.8254080174592653,0.02618006090876103,SiC_10deg
moderate_high,1200.0,4000.0,1162,False,10.0,6.66,0.008537440775216407,0.8263481511212527,0.02599950065256566,SiC_10deg
moderate_high,1200.0,4000.0,1162,False,10.0,6.68,0.00857740437890305,0.827282774071881,0.02581931901350186,SiC_10deg
moderate_high,1200.0,4000.0,1162,False,10.0,6.7,0.008612738962733341,0.8282341360744537,0.025635943664325443,SiC_10deg
moderate_high,1200.0,4000.0,1162,False,10.0,6.720000000000001,0.008643069799223678,0.8292291281877162,0.025445021618975612,SiC_10deg
moderate_high,1200.0,4000.0,1162,False,10.0,6.74,0.00866801805436631,0.8302975554916922,0.025241700662625603,SiC_10deg
moderate_high,1200.0,4000.0,1162,False,10.0,6.76,0.008687201335239602,0.8314701543913944,0.025020955309538257,SiC_10deg
moderate_high,1200.0,4000.0,1162,False,10.0,6.78,0.008700231098269519,0.8327767274246893,0.024777892857940017,SiC_10deg
moderate_high,1200.0,4000.0,1162,False,10.0,6.800000000000001,0.008706704576591867,0.8342447422466217,0.024507979582411743,SiC_10deg
moderate_high,1200.0,4000.0,1162,False,10.0,6.82,0.00870619012613765,0.835898632725332,0.02420714613021738,SiC_10deg
moderate_high,1200.0,4000.0,1162,False,10.0,6.84,0.00869820656251125,0.837759874377441,0.02387176029116292,SiC_10deg
moderate_high,1200.0,4000.0,1162,False,10.0,6.859999999999999,0.008682198781213067,0.8398477217731511,0.02349848776060825,SiC_10deg
moderate_high,1200.0,4000.0,1162,False,10.0,6.88,0.008657513324447367,0.8421803344105294,0.023084089798504046,SiC_10deg
moderate_high,1200.0,4000.0,1162,False,10.0,6.9,0.008623378244740961,0.8447759177452863,0.022625224077689056,SiC_10deg
moderate_high,1200.0,4000.0,1162,False,10.0,6.92,0.00857889142310031,0.8476534926074184,0.02211831706492162,SiC_10deg
moderate_high,1200.0,4000.0,1162,False,10.0,6.9399999999999995,0.008523020425892534,0.8508329848432116,0.021559561990863757,SiC_10deg
moderate_high,1200.0,4000.0,1162,False,10.0,6.96,0.00845461523924904,0.8543344811717277,0.020945068805831055,SiC_10deg
moderate_high,1200.0,4000.0,1162,False,10.0,6.98,0.00837243318234528,0.8581766907139468,0.02027115795599934,SiC_10deg
moderate_high,1200.0,4000.0,1162,False,10.0,7.0,0.008275173427214825,0.8623748368547659,0.019534756823507273,SiC_10deg
moderate_high,1200.0,4000.0,1162,False,10.0,7.0200000000000005,0.00816151725348798,0.8669383344931791,0.018733834515507596,SiC_10deg
moderate_high,1200.0,4000.0,1162,False,10.0,7.04,0.008030169701954908,0.871868650641625,0.01786780313647435,SiC_10deg
moderate_high,1200.0,4000.0,1162,False,10.0,7.0600000000000005,0.007879898717605945,0.8771576920475852,0.01693782341672627,SiC_10deg
moderate_high,1200.0,4000.0,1162,False,10.0,7.08,0.007709569052692856,0.8827869279068368,0.015946976745510107,SiC_10deg
moderate_high,1200.0,4000.0,1162,False,10.0,7.1,0.007518169857887024,0.888727275778757,0.014900297697965316,SiC_10deg
moderate_high,1200.0,4000.0,1162,False,10.0,7.12,0.007304836689113636,0.8949396024821757,0.013804692553033193,SiC_10deg
moderate_high,1200.0,4000.0,1162,False,10.0,7.14,0.007068870276928576,0.9013755652988094,0.012668791899958428,SiC_10deg
moderate_high,1200.0,4000.0,1162,False,10.0,7.16,0.00680975559554724,0.90797847465913,0.011502793504174278,SiC_10deg
moderate_high,1200.0,4000.0,1162,False,10.0,7.18,0.006527185401546037,0.9146839078696655,0.010318343344476366,SiC_10deg
moderate_high,1200.0,4000.0,1162,False,10.0,7.2,0.006221092520166189,0.9214199300580969,0.009128480663449548,SiC_10deg
moderate_high,1200.0,4000.0,1162,False,10.0,7.22,0.005891694972986847,0.928106948804142,0.007947643083530723,SiC_10deg
moderate_high,1200.0,4000.0,1162,False,10.0,7.24,0.0055395580524068245,0.9346573976688144,0.00679169830668349,SiC_10deg
moderate_high,1200.0,4000.0,1162,False,10.0,7.26,0.005165678505383407,0.9409755670651343,0.005677947396018169,SiC_10deg
moderate_high,1200.0,4000.0,1162,False,10.0,7.28,0.0047715995517554205,0.9469579466692718,0.004625036777737984,SiC_10deg
moderate_high,1200.0,4000.0,1162,False,10.0,7.3,0.004359574200986491,0.9524943988556794,0.003652724194446677,SiC_10deg
moderate_high,1200.0,4000.0,1162,False,10.0,7.32,0.003932813539554118,0.9574703555755375,0.002781466434452433,SiC_10deg
moderate_high,1200.0,4000.0,1162,False,10.0,7.34,0.003495897537266956,0.9617700486604401,0.002031828952678977,SiC_10deg
moderate_high,1200.0,4000.0,1162,False,10.0,7.36,0.0030555126951495822,0.9652805858125235,0.0014237523488512633,SiC_10deg
moderate_high,1200.0,4000.0,1162,False,10.0,7.38,0.0026218625335482863,0.9678965163990525,0.000975740095527703,SiC_10deg
moderate_high,1200.0,4000.0,1162,False,10.0,7.4,0.0022114372411881664,0.9695244321834136,0.0007040488871707806,SiC_10deg
moderate_high,1200.0,4000.0,1162,False,10.0,7.42,0.0018521400266791415,0.9700871423793921,0.0006219632721960328,SiC_10deg
moderate_high,1200.0,4000.0,1162,False,10.0,7.44,0.0015899071937279018,0.9695270507416626,0.0007392197595398416,SiC_10deg
moderate_high,1200.0,4000.0,1162,False,10.0,7.46,0.0014843638598588827,0.9678085202160859,0.0010616168248782718,SiC_10deg
moderate_high,1200.0,4000.0,1162,False,10.0,7.48,0.0015697189200666694,0.9649191935328183,0.0015908141702641434,SiC_10deg
moderate_high,1200.0,4000.0,1162,False,10.0,7.5,0.0018174167154769946,0.960870394524812,0.002324296437456208,SiC_10deg
moderate_high,1200.0,4000.0,1162,False,10.0,7.5200000000000005,0.002167959652345825,0.9556968225675274,0.0032554608924511104,SiC_10deg
moderate_high,1200.0,4000.0,1162,False,10.0,7.54,0.0025734086823985154,0.9494557521888374,0.004373788789099596,SiC_10deg
moderate_high,1200.0,4000.0,1162,False,10.0,7.5600000000000005,0.003004374025710422,0.9422258719092735,0.005665074322511349,SiC_10deg
moderate_high,1200.0,4000.0,1162,False,10.0,7.58,0.0034435596731073226,0.9341057767178754,0.007111706870859635,SiC_10deg
moderate_high,1200.0,4000.0,1162,False,10.0,7.6000000000000005,0.00388031368577323,0.9252120162450562,0.008693022858798338,SiC_10deg
moderate_high,1200.0,4000.0,1162,False,10.0,7.62,0.00430763660774812,0.9156765407810399,0.01038575499789515,SiC_10deg
moderate_high,1200.0,4000.0,1162,False,10.0,7.64,0.004720666640757464,0.9056434060195777,0.012164604152698603,SiC_10deg
moderate_high,1200.0,4000.0,1162,False,10.0,7.66,0.005115909238411462,0.8952646939978968,0.01400294270243003,SiC_10deg
moderate_high,1200.0,4000.0,1162,False,10.0,7.68,0.0054908330624958744,0.8846957557161235,0.01587363261779804,SiC_10deg
moderate_high,1200.0,4000.0,1162,False,10.0,7.7,0.005843647699919942,0.8740900380153904,0.01774991398107122,SiC_10deg
moderate_high,1200.0,4000.0,1162,False,10.0,7.72,0.006173171498569196,0.8635938794106948,0.01960629811643792,SiC_10deg
moderate_high,1200.0,4000.0,1162,False,10.0,7.74,0.0064787426519986955,0.8533417142206405,0.021419389635720012,SiC_10deg
moderate_high,1200.0,4000.0,1162,False,10.0,7.76,0.0067601492723048905,0.8434520986325309,0.023168565882176143,SiC_10deg
moderate_high,1200.0,4000.0,1162,False,10.0,7.78,0.007017566342485055,0.8340248740060071,0.02483645919326713,SiC_10deg
moderate_high,1200.0,4000.0,1162,False,10.0,7.8,0.007251494328672465,0.8251396351067471,0.02640921305624334,SiC_10deg
moderate_high,1200.0,4000.0,1162,False,10.0,7.82,0.007462698216879444,0.8168555051246005,0.027876512169006887,SiC_10deg
moderate_high,1200.0,4000.0,1162,False,10.0,7.84,0.007652147948003695,0.8092120662123223,0.029231413198408034,SiC_10deg
moderate_high,1200.0,4000.0,1162,False,10.0,7.86,0.007820962249538028,0.8022311789927921,0.030470023203371343,SiC_10deg
moderate_high,1200.0,4000.0,1162,False,10.0,7.88,0.007970358049836892,0.7959193630509769,0.03159108340096309,SiC_10deg
moderate_high,1200.0,4000.0,1162,False,10.0,7.9,0.00810160724816723,0.7902704084375667,0.032595516181038425,SiC_10deg
moderate_high,1200.0,4000.0,1162,False,10.0,7.92,0.008216001797513492,0.7852679406773038,0.03348598387895927,SiC_10deg
moderate_high,1200.0,4000.0,1162,False,10.0,7.94,0.008314827031712468,0.7808877540687152,0.03426649137541739,SiC_10deg
moderate_high,1200.0,4000.0,1162,False,10.0,7.96,0.008399342141581721,0.7770998382281301,0.03494204499624744,SiC_10deg
moderate_high,1200.0,4000.0,1162,False,10.0,7.98,0.008470765887310482,0.773870125564017,0.03551836192096294,SiC_10deg
moderate_high,1200.0,4000.0,1162,False,10.0,8.0,0.008530265209833224,0.771162059332255,0.0360016115150996,SiC_10deg
moderate_high,1200.0,4000.0,1162,False,15.0,3.0,0.008103211832797542,0.9720716413373829,0.007847389408122324,SiC_15deg
moderate_high,1200.0,4000.0,1162,False,15.0,3.02,0.008113211761726547,0.9689891911270884,0.008427907868756735,SiC_15deg
moderate_high,1200.0,4000.0,1162,False,15.0,3.04,0.008117673489744608,0.9657149587053623,0.009043583579885064,SiC_15deg
moderate_high,1200.0,4000.0,1162,False,15.0,3.06,0.008115483206320452,0.9622837422122359,0.009687114464797827,SiC_15deg
moderate_high,1200.0,4000.0,1162,False,15.0,3.08,0.008105729864000231,0.9587240593580181,0.010352409671545227,SiC_15deg
moderate_high,1200.0,4000.0,1162,False,15.0,3.1,0.008087767955297169,0.9550568480976411,0.01103487693623887,SiC_15deg
moderate_high,1200.0,4000.0,1162,False,15.0,3.12,0.00806124896603001,0.951296030128849,0.011731368002226955,SiC_15deg
moderate_high,1200.0,4000.0,1162,False,15.0,3.14,0.008026120180545855,0.947450869809778,0.012439792002616535,SiC_15deg
moderate_high,1200.0,4000.0,1162,False,15.0,3.16,0.007982595788951387,0.9435295238347502,0.013158502680837887,SiC_15deg
moderate_high,1200.0,4000.0,1162,False,15.0,3.18,0.007931109953188888,0.9395428213758141,0.013885629032033104,SiC_15deg
moderate_high,1200.0,4000.0,1162,False,15.0,3.2,0.007872263738420893,0.9355072377177747,0.014618533300554348,SiC_15deg
moderate_high,1200.0,4000.0,1162,False,15.0,3.22,0.007806777258392313,0.9314462389978078,0.015353543161862115,SiC_15deg
moderate_high,1200.0,4000.0,1162,False,15.0,3.24,0.007735455279544225,0.927389607970334,0.016086029319320985,SiC_15deg
moderate_high,1200.0,4000.0,1162,False,15.0,3.26,0.007659169713773619,0.9233708784088879,0.01681080893224998,SiC_15deg
moderate_high,1200.0,4000.0,1162,False,15.0,3.2800000000000002,0.007578857121737337,0.9194234629632329,0.017522774910841313,SiC_15deg
moderate_high,1200.0,4000.0,1162,False,15.0,3.3,0.007495524837200889,0.9155763423891371,0.01821760118380746,SiC_15deg
moderate_high,1200.0,4000.0,1162,False,15.0,3.32,0.007410256648288134,0.9118502405326773,0.018892363888657376,SiC_15deg
moderate_high,1200.0,4000.0,1162,False,15.0,3.34,0.007324208708242169,0.9082550517784358,0.019545945959575844,SiC_15deg
moderate_high,1200.0,4000.0,1162,False,15.0,3.36,0.007238588540808376,0.9047889767470813,0.02017914715803234,SiC_15deg
moderate_high,1200.0,4000.0,1162,False,15.0,3.38,0.007154614213014336,0.9014394419010199,0.020794488417682742,SiC_15deg
moderate_high,1200.0,4000.0,1162,False,15.0,3.4,0.007073456127828249,0.8981855141741646,0.021395763449093625,SiC_15deg
moderate_high,1200.0,4000.0,1162,False,15.0,3.42,0.0069961692845690125,0.895001243809152,0.021987439226205215,SiC_15deg
moderate_high,1200.0,4000.0,1162,False,15.0,3.44,0.00692362793540401,0.8918592266512674,0.02257403142568999,SiC_15deg
moderate_high,1200.0,4000.0,1162,False,15.0,3.46,0.006856476085993997,0.888733693950697,0.023159577052752435,SiC_15deg
moderate_high,1200.0,4000.0,1162,False,15.0,3.48,0.00679510547082065,0.8856026053387476,0.023747295823815757,SiC_15deg
moderate_high,1200.0,4000.0,1162,False,15.0,3.5,0.006739667556566537,0.8824484992345499,0.024339481584257465,SiC_15deg
moderate_high,1200.0,4000.0,1162,False,15.0,3.52,0.00669011888688054,0.879258177948482,0.024937607077611144,SiC_15deg
moderate_high,1200.0,4000.0,1162,False,15.0,3.54,0.00664629156764021,0.876021592589864,0.025542573976749337,SiC_15deg
moderate_high,1200.0,4000.0,1162,False,15.0,3.56,0.006607974990884414,0.8727304730081914,0.026155008120414047,SiC_15deg
moderate_high,1200.0,4000.0,1162,False,15.0,3.58,0.0065749925838027475,0.8693772752165976,0.026775495303071013,SiC_15deg
moderate_high,1200.0,4000.0,1162,False,15.0,3.6,0.006547259006078397,0.865954888652495,0.027404676396555205,SiC_15deg
moderate_high,1200.0,4000.0,1162,False,15.0,3.62,0.006524808241441512,0.8624572962462708,0.028043165190043493,SiC_15deg
moderate_high,1200.0,4000.0,1162,False,15.0,3.64,0.00650779001484511,0.8588810814321759,0.028691305707968396,SiC_15deg
moderate_high,1200.0,4000.0,1162,False,15.0,3.66,0.006496439090813468,0.8552274100792263,0.02934883339572573,SiC_15deg
moderate_high,1200.0,4000.0,1162,False,15.0,3.68,0.006491027524096002,0.8515039535315975,0.03001453383584861,SiC_15deg
moderate_high,1200.0,4000.0,1162,False,15.0,3.7,0.0064918125766874266,0.8477262031254706,0.030685996263133987,SiC_15deg
moderate_high,1200.0,4000.0,1162,False,15.0,3.7199999999999998,0.0064989922944213956,0.8439177572488791,0.03135953696380631,SiC_15deg
moderate_high,1200.0,4000.0,1162,False,15.0,3.74,0.006512677056367277,0.8401093999131741,0.03203032651580904,SiC_15deg
moderate_high,1200.0,4000.0,1162,False,15.0,3.76,0.006532879962929439,0.8363370687614794,0.03269270629255374,SiC_15deg
moderate_high,1200.0,4000.0,1162,False,15.0,3.7800000000000002,0.006559523339281399,0.8326390579429575,0.03334063638601023,SiC_15deg
moderate_high,1200.0,4000.0,1162,False,15.0,3.8,0.006592454457866677,0.8290529590763698,0.033968189333118785,SiC_15deg
moderate_high,1200.0,4000.0,1162,False,15.0,3.8200000000000003,0.006631461856542371,0.8256128814304835,0.034569997110300545,SiC_15deg
moderate_high,1200.0,4000.0,1162,False,15.0,3.84,0.006676284598227206,0.8223474119129154,0.03514157263665371,SiC_15deg
moderate_high,1200.0,4000.0,1162,False,15.0,3.86,0.006726609979572918,0.8192786039748479,0.035679456764022004,SiC_15deg
moderate_high,1200.0,4000.0,1162,False,15.0,3.88,0.006782059524182101,0.816422065124084,0.03618117993069882,SiC_15deg
moderate_high,1200.0,4000.0,1162,False,15.0,3.9,0.006842167361099104,0.8137879930135609,0.03664506594665103,SiC_15deg
moderate_high,1200.0,4000.0,1162,False,15.0,3.92,0.006906358164655055,0.8113828335303306,0.03706993606948891,SiC_15deg
moderate_high,1200.0,4000.0,1162,False,15.0,3.94,0.006973932937337136,0.8092111340568352,0.037454788738219495,SiC_15deg
moderate_high,1200.0,4000.0,1162,False,15.0,3.96,0.00704406978620582,0.8072771591906602,0.03779853083674278,SiC_15deg
moderate_high,1200.0,4000.0,1162,False,15.0,3.98,0.007115843782084892,0.8055859243662307,0.038099820228938895,SiC_15deg
moderate_high,1200.0,4000.0,1162,False,15.0,4.0,0.007188265801986328,0.8041434650843892,0.03835705011550445,SiC_15deg
moderate_high,1200.0,4000.0,1162,False,15.0,4.02,0.0072603360178885145,0.8029563588366085,0.03856847011635932,SiC_15deg
moderate_high,1200.0,4000.0,1162,False,15.0,4.04,0.00733110445743302,0.8020307065103462,0.038732405211552565,SiC_15deg
moderate_high,1200.0,4000.0,1162,False,15.0,4.0600000000000005,0.0073997295539006665,0.8013709143868517,0.03884750987526358,SiC_15deg
moderate_high,1200.0,4000.0,1162,False,15.0,4.08,0.007465526066978054,0.800978663896487,0.038912986702470904,SiC_15deg
moderate_high,1200.0,4000.0,1162,False,15.0,4.1,0.007527995945468191,0.8008524028099859,0.03892870849628781,SiC_15deg
moderate_high,1200.0,4000.0,1162,False,15.0,4.12,0.007586839012079546,0.800987552080146,0.03889520770901764,SiC_15deg
moderate_high,1200.0,4000.0,1162,False,15.0,4.140000000000001,0.00764194400362602,0.8013774322149343,0.03881353108524923,SiC_15deg
moderate_high,1200.0,4000.0,1162,False,15.0,4.16,0.007693363734390769,0.8020147197587444,0.03868499188903543,SiC_15deg
moderate_high,1200.0,4000.0,1162,False,15.0,4.18,0.007741280353379624,0.8028930969325022,0.03851087862593599,SiC_15deg
moderate_high,1200.0,4000.0,1162,False,15.0,4.2,0.007785967468899124,0.8040086930744439,0.03829219111461481,SiC_15deg
moderate_high,1200.0,4000.0,1162,False,15.0,4.22,0.007827755246377622,0.805360951583264,0.038029469209817104,SiC_15deg
moderate_high,1200.0,4000.0,1162,False,15.0,4.24,0.00786700268782348,0.8069526817013284,0.03772275792939931,SiC_15deg
moderate_high,1200.0,4000.0,1162,False,15.0,4.26,0.007904078677199633,0.808789239077217,0.037371720677830095,SiC_15deg
moderate_high,1200.0,4000.0,1162,False,15.0,4.28,0.007939350681125487,0.8108769770411619,0.03697587764730225,SiC_15deg
moderate_high,1200.0,4000.0,1162,False,15.0,4.3,0.007973177882390915,0.8132212746266939,0.03653491762284882,SiC_15deg
moderate_high,1200.0,4000.0,1162,False,15.0,4.32,0.008005904491110707,0.8158245403693303,0.036049014908706406,SiC_15deg
moderate_high,1200.0,4000.0,1162,False,15.0,4.34,0.008037849253189263,0.818684593598412,0.03551908239138377,SiC_15deg
moderate_high,1200.0,4000.0,1162,False,15.0,4.36,0.008069288676671081,0.8217937386790004,0.03494690670684305,SiC_15deg
moderate_high,1200.0,4000.0,1162,False,15.0,4.38,0.008100433857687408,0.8251386923515133,0.03433513863952194,SiC_15deg
moderate_high,1200.0,4000.0,1162,False,15.0,4.4,0.008131403433971129,0.8287013335300502,0.03368714534160048,SiC_15deg
moderate_high,1200.0,4000.0,1162,False,15.0,4.42,0.00816219745162981,0.8324600597906475,0.03300676342729086,SiC_15deg
moderate_high,1200.0,4000.0,1162,False,15.0,4.4399999999999995,0.008192678167261987,0.8363913970958922,0.03229801602783377,SiC_15deg
moderate_high,1200.0,4000.0,1162,False,15.0,4.46,0.00822256358737416,0.8404714536482233,0.031564866322887096,SiC_15deg
moderate_high,1200.0,4000.0,1162,False,15.0,4.48,0.008251437774092388,0.8446768541085123,0.030811071523468892,SiC_15deg
moderate_high,1200.0,4000.0,1162,False,15.0,4.5,0.008278778935206104,0.848984932952715,0.030040175478122627,SiC_15deg
moderate_high,1200.0,4000.0,1162,False,15.0,4.52,0.008304002747648922,0.853373175995969,0.02925564029514614,SiC_15deg
moderate_high,1200.0,4000.0,1162,False,15.0,4.54,0.00832651510950908,0.8578181260029617,0.02846107674341516,SiC_15deg
moderate_high,1200.0,4000.0,1162,False,15.0,4.5600000000000005,0.008345766395105553,0.8622941506370964,0.02766050060348456,SiC_15deg
moderate_high,1200.0,4000.0,1162,False,15.0,4.58,0.008361298832975164,0.8667725539469379,0.02685852731614731,SiC_15deg
moderate_high,1200.0,4000.0,1162,False,15.0,4.6,0.008372779949311347,0.8712214642430958,0.026060425852045974,SiC_15deg
moderate_high,1200.0,4000.0,1162,False,15.0,4.62,0.008380017804027208,0.875606754028333,0.02527198424667871,SiC_15deg
moderate_high,1200.0,4000.0,1162,False,15.0,4.640000000000001,0.008382957350683722,0.8798939808305559,0.024499186758019393,SiC_15deg
moderate_high,1200.0,4000.0,1162,False,15.0,4.66,0.00838166086335968,0.8840510493406013,0.023747754087716864,SiC_15deg
moderate_high,1200.0,4000.0,1162,False,15.0,4.68,0.00837627818823095,0.8880510647157899,0.023022639502104588,SiC_15deg
moderate_high,1200.0,4000.0,1162,False,15.0,4.7,0.008367013968964028,0.8918747428624998,0.02232759285062091,SiC_15deg
moderate_high,1200.0,4000.0,1162,False,15.0,4.72,0.008354098663971084,0.8955118021089246,0.021664894949735645,SiC_15deg
moderate_high,1200.0,4000.0,1162,False,15.0,4.74,0.008337768239250318,0.898960972584095,0.02103532812071892,SiC_15deg
moderate_high,1200.0,4000.0,1162,False,15.0,4.76,0.008318254411555712,0.9022285710129037,0.020438394229747095,SiC_15deg
moderate_high,1200.0,4000.0,1162,False,15.0,4.78,0.00829578404219232,0.9053259170240536,0.019872733872161166,SiC_15deg
moderate_high,1200.0,4000.0,1162,False,15.0,4.8,0.008270583611170232,0.9082661264143274,0.01933665455969223,SiC_15deg
moderate_high,1200.0,4000.0,1162,False,15.0,4.82,0.008242883326216461,0.9110609426123902,0.018828653373532102,SiC_15deg
moderate_high,1200.0,4000.0,1162,False,15.0,4.84,0.008212915680175854,0.9137182331599468,0.018347825362010635,SiC_15deg
moderate_high,1200.0,4000.0,1162,False,15.0,4.86,0.008180905084378614,0.9162405981195532,0.01789408048807525,SiC_15deg
moderate_high,1200.0,4000.0,1162,False,15.0,4.88,0.008147048115883307,0.9186252606014349,0.017468140616434914,SiC_15deg
moderate_high,1200.0,4000.0,1162,False,15.0,4.9,0.008111487194759449,0.9208651048203004,0.0170713416993988,SiC_15deg
moderate_high,1200.0,4000.0,1162,False,15.0,4.92,0.008074283307502797,0.9229504672432187,0.01670531199108249,SiC_15deg
moderate_high,1200.0,4000.0,1162,False,15.0,4.9399999999999995,0.008035394931001243,0.9248711333860364,0.016371623755793575,SiC_15deg
moderate_high,1200.0,4000.0,1162,False,15.0,4.96,0.007994670064523549,0.9266179838792248,0.01607151690966977,SiC_15deg
moderate_high,1200.0,4000.0,1162,False,15.0,4.98,0.00795185615355727,0.9281838710277912,0.015805767938092827,SiC_15deg
moderate_high,1200.0,4000.0,1162,False,15.0,5.0,0.007906629110087363,0.9295635556505344,0.015574732665106906,SiC_15deg
moderate_high,1200.0,4000.0,1162,False,15.0,5.02,0.007858638459245554,0.9307528264032603,0.015378539028857633,SiC_15deg
moderate_high,1200.0,4000.0,1162,False,15.0,5.04,0.007807561939768749,0.9317471782637756,0.015217360537844171,SiC_15deg
moderate_high,1200.0,4000.0,1162,False,15.0,5.0600000000000005,0.0077531606149814775,0.9325405700229354,0.015091675588790493,SiC_15deg
moderate_high,1200.0,4000.0,1162,False,15.0,5.08,0.0076953252846495976,0.9331247697247925,0.01500241986944563,SiC_15deg
moderate_high,1200.0,4000.0,1162,False,15.0,5.1,0.007634106768620837,0.9334896333913146,0.0149509683382406,SiC_15deg
moderate_high,1200.0,4000.0,1162,False,15.0,5.12,0.007569725995632431,0.9336243917847556,0.014938931594214333,SiC_15deg
moderate_high,1200.0,4000.0,1162,False,15.0,5.140000000000001,0.007502563951248123,0.9335197194238992,0.014967805140669468,SiC_15deg
moderate_high,1200.0,4000.0,1162,False,15.0,5.16,0.007433135445300253,0.9331701155322694,0.015038553877042997,SiC_15deg
moderate_high,1200.0,4000.0,1162,False,15.0,5.18,0.0073620534508098984,0.9325760078984039,0.015151235769247066,SiC_15deg
moderate_high,1200.0,4000.0,1162,False,15.0,5.2,0.007289991813896739,0.9317450311307948,0.015304762138210222,SiC_15deg
moderate_high,1200.0,4000.0,1162,False,15.0,5.220000000000001,0.007217653231613456,0.9306921179950287,0.01549685954067479,SiC_15deg
moderate_high,1200.0,4000.0,1162,False,15.0,5.24,0.007145746824416745,0.9294383228949397,0.01572424919643764,SiC_15deg
moderate_high,1200.0,4000.0,1162,False,15.0,5.26,0.007074976106119545,0.9280085929892004,0.01598300790926477,SiC_15deg
moderate_high,1200.0,4000.0,1162,False,15.0,5.28,0.007006034640473935,0.9264289380009263,0.01626903299304141,SiC_15deg
moderate_high,1200.0,4000.0,1162,False,15.0,5.300000000000001,0.006939604125962653,0.9247235693016765,0.016578512608809375,SiC_15deg
moderate_high,1200.0,4000.0,1162,False,15.0,5.32,0.006876348765767223,0.9229125612847799,0.016908305905364095,SiC_15deg
moderate_high,1200.0,4000.0,1162,False,15.0,5.34,0.006816900824999055,0.9210104473447777,0.017256162025057385,SiC_15deg
moderate_high,1200.0,4000.0,1162,False,15.0,5.359999999999999,0.0067618350304553074,0.9190259396595583,0.01762074623209397,SiC_15deg
moderate_high,1200.0,4000.0,1162,False,15.0,5.38,0.006711633265510748,0.916962711293908,0.01800148545096177,SiC_15deg
moderate_high,1200.0,4000.0,1162,False,15.0,5.4,0.006666644878799039,0.9148209572335556,0.018398284384966962,SiC_15deg
moderate_high,1200.0,4000.0,1162,False,15.0,5.42,0.006627050777825656,0.9125993049136858,0.018811188757125275,SiC_15deg
moderate_high,1200.0,4000.0,1162,False,15.0,5.4399999999999995,0.006592840397621696,0.9102966041817153,0.0192400788363082,SiC_15deg
moderate_high,1200.0,4000.0,1162,False,15.0,5.46,0.006563809151392154,0.9079131976772278,0.01968446320316287,SiC_15deg
moderate_high,1200.0,4000.0,1162,False,15.0,5.48,0.006539580279454817,0.9054514360809556,0.020143413148374447,SiC_15deg
moderate_high,1200.0,4000.0,1162,False,15.0,5.5,0.006519649990357777,0.9029154169217236,0.020615639645917953,SiC_15deg
moderate_high,1200.0,4000.0,1162,False,15.0,5.52,0.006503449757247015,0.900310135715039,0.02109967730822609,SiC_15deg
moderate_high,1200.0,4000.0,1162,False,15.0,5.54,0.006490415944187996,0.8976403898105171,0.021594112764903257,SiC_15deg
moderate_high,1200.0,4000.0,1162,False,15.0,5.5600000000000005,0.006480055534272254,0.8949098295039055,0.022097785391220485,SiC_15deg
moderate_high,1200.0,4000.0,1162,False,15.0,5.58,0.006471997879925911,0.8921204951504577,0.022609898417796002,SiC_15deg
moderate_high,1200.0,4000.0,1162,False,15.0,5.6,0.006466025668547804,0.8892730305027154,0.02313000505009184,SiC_15deg
moderate_high,1200.0,4000.0,1162,False,15.0,5.62,0.006462082769720639,0.8863675633918909,0.023657869816691882,SiC_15deg
moderate_high,1200.0,4000.0,1162,False,15.0,5.640000000000001,0.0064602611793931446,0.8834050501150897,0.024193240213391524,SiC_15deg
moderate_high,1200.0,4000.0,1162,False,15.0,5.66,0.0064607728632820865,0.8803887419925925,0.024735588537169804,SiC_15deg
moderate_high,1200.0,4000.0,1162,False,15.0,5.68,0.006463914194057109,0.8773253873732836,0.02528389228331978,SiC_15deg
moderate_high,1200.0,4000.0,1162,False,15.0,5.7,0.006470030585072272,0.8742258397883829,0.02583651185433279,SiC_15deg
moderate_high,1200.0,4000.0,1162,False,15.0,5.720000000000001,0.006479487045538467,0.8711048851285615,0.026391199720134376,SiC_15deg
moderate_high,1200.0,4000.0,1162,False,15.0,5.74,0.006492647344536103,0.867980288163056,0.02694524249474467,SiC_15deg
moderate_high,1200.0,4000.0,1162,False,15.0,5.76,0.006509861164162571,0.8648712422815211,0.027495705279355034,SiC_15deg
moderate_high,1200.0,4000.0,1162,False,15.0,5.78,0.006531455961078213,0.8617965410073297,0.028039723981613137,SiC_15deg
moderate_high,1200.0,4000.0,1162,False,15.0,5.800000000000001,0.006557728938543468,0.8587728459722388,0.02857478138866462,SiC_15deg
moderate_high,1200.0,4000.0,1162,False,15.0,5.82,0.006588934862690742,0.8558133950745511,0.02909890809294361,SiC_15deg
moderate_high,1200.0,4000.0,1162,False,15.0,5.84,0.006625267289028916,0.852927388436484,0.029610767874742736,SiC_15deg
moderate_high,1200.0,4000.0,1162,False,15.0,5.859999999999999,0.006666833553353109,0.850120135938279,0.030109614031491223,SiC_15deg
moderate_high,1200.0,4000.0,1162,False,15.0,5.88,0.006713626829656425,0.8473938840724542,0.03059513215225748,SiC_15deg
moderate_high,1200.0,4000.0,1162,False,15.0,5.9,0.0067655008172357355,0.8447490977903811,0.03106720957891178,SiC_15deg
moderate_high,1200.0,4000.0,1162,False,15.0,5.92,0.006822153501911201,0.8421858849806196,0.03152568695027049,SiC_15deg
moderate_high,1200.0,4000.0,1162,False,15.0,5.9399999999999995,0.0068831256055373454,0.8397052356628417,0.03197014953421202,SiC_15deg
moderate_high,1200.0,4000.0,1162,False,15.0,5.96,0.0069478169220010735,0.8373098077520701,0.032399805032231555,SiC_15deg
moderate_high,1200.0,4000.0,1162,False,15.0,5.98,0.007015520315136718,0.8350041121958347,0.032813472734248866,SiC_15deg
moderate_high,1200.0,4000.0,1162,False,15.0,6.0,0.007085469594244021,0.8327941034936951,0.03320968147231194,SiC_15deg
moderate_high,1200.0,4000.0,1162,False,15.0,6.02,0.007156894687843246,0.8306863296383024,0.03358684743162598,SiC_15deg
moderate_high,1200.0,4000.0,1162,False,15.0,6.04,0.00722907617319718,0.8286869016205646,0.033943484042092485,SiC_15deg
moderate_high,1200.0,4000.0,1162,False,15.0,6.0600000000000005,0.007301391546133014,0.8268005804421222,0.03427838954673363,SiC_15deg
moderate_high,1200.0,4000.0,1162,False,15.0,6.08,0.007373347451320607,0.8250302402465416,0.03459076495558823,SiC_15deg
moderate_high,1200.0,4000.0,1162,False,15.0,6.1,0.007444594916440589,0.8233768608281861,0.03488023394607003,SiC_15deg
moderate_high,1200.0,4000.0,1162,False,15.0,6.12,0.007514927755871535,0.8218400593903384,0.03514676189303402,SiC_15deg
moderate_high,1200.0,4000.0,1162,False,15.0,6.140000000000001,0.007584267051974724,0.8204190273378632,0.035390496998234135,SiC_15deg
moderate_high,1200.0,4000.0,1162,False,15.0,6.16,0.007652636457566906,0.8191136299819003,0.03561157592588504,SiC_15deg
moderate_high,1200.0,4000.0,1162,False,15.0,6.18,0.007720133705595566,0.8179253822472734,0.035809944677428124,SiC_15deg
moderate_high,1200.0,4000.0,1162,False,15.0,6.2,0.0077869031528563955,0.8168580421013437,0.03598524081804841,SiC_15deg
moderate_high,1200.0,4000.0,1162,False,15.0,6.220000000000001,0.007853112677042714,0.8159176568814374,0.03613676707818467,SiC_15deg
moderate_high,1200.0,4000.0,1162,False,15.0,6.24,0.007918936237971706,0.8151120313317535,0.03626356309991523,SiC_15deg
moderate_high,1200.0,4000.0,1162,False,15.0,6.26,0.007984541436544422,0.8144497261972223,0.036364557600560336,SiC_15deg
moderate_high,1200.0,4000.0,1162,False,15.0,6.28,0.008050079947264708,0.8139388087183438,0.03643876345565686,SiC_15deg
moderate_high,1200.0,4000.0,1162,False,15.0,6.300000000000001,0.0081156780932523,0.8135856354822345,0.03648546773181712,SiC_15deg
moderate_high,1200.0,4000.0,1162,False,15.0,6.32,0.008181425181534726,0.8133939414867951,0.036504369735096284,SiC_15deg
moderate_high,1200.0,4000.0,1162,False,15.0,6.34,0.00824735838781027,0.8133644398289702,0.036495632218741685,SiC_15deg
moderate_high,1200.0,4000.0,1162,False,15.0,6.359999999999999,0.008313444643706648,0.81349502048411,0.036459831161924985,SiC_15deg
moderate_high,1200.0,4000.0,1162,False,15.0,6.38,0.008379561687432195,0.8137815000838623,0.0363978134307194,SiC_15deg
moderate_high,1200.0,4000.0,1162,False,15.0,6.4,0.008445481723883885,0.8142187476918187,0.03631049381040068,SiC_15deg
moderate_high,1200.0,4000.0,1162,False,15.0,6.42,0.008510861624084097,0.8148019232627663,0.03619863822216103,SiC_15deg
moderate_high,1200.0,4000.0,1162,False,15.0,6.4399999999999995,0.008575243081677078,0.8155275375111412,0.036062684548864764,SiC_15deg
moderate_high,1200.0,4000.0,1162,False,15.0,6.46,0.008638064687847172,0.8163940835571769,0.03590264476319514,SiC_15deg
moderate_high,1200.0,4000.0,1162,False,15.0,6.48,0.008698685786969298,0.8174020952101985,0.03571811319910518,SiC_15deg
moderate_high,1200.0,4000.0,1162,False,15.0,6.5,0.00875641971671651,0.8185536312211593,0.03550837992055546,SiC_15deg
moderate_high,1200.0,4000.0,1162,False,15.0,6.52,0.008810572155545203,0.8198513346001506,0.03527262139938068,SiC_15deg
moderate_high,1200.0,4000.0,1162,False,15.0,6.54,0.008860479241540282,0.8212973328917198,0.035010119913017876,SiC_15deg
moderate_high,1200.0,4000.0,1162,False,15.0,6.5600000000000005,0.008905540123234402,0.8228922974698649,0.03472045382026775,SiC_15deg
moderate_high,1200.0,4000.0,1162,False,15.0,6.58,0.00894523962892996,0.8246349514191086,0.03440360599342063,SiC_15deg
moderate_high,1200.0,4000.0,1162,False,15.0,6.6,0.008979158535943938,0.8265222110533141,0.03405995633568456,SiC_15deg
moderate_high,1200.0,4000.0,1162,False,15.0,6.62,0.00900697107242025,0.828549990409204,0.03369015208735489,SiC_15deg
moderate_high,1200.0,4000.0,1162,False,15.0,6.640000000000001,0.009028431331966942,0.8307145301167244,0.03329487962128527,SiC_15deg
moderate_high,1200.0,4000.0,1162,False,15.0,6.66,0.009043351818503,0.8330139750341043,0.032874586016466194,SiC_15deg
moderate_high,1200.0,4000.0,1162,False,15.0,6.68,0.009051578090747872,0.8354498547946587,0.03242921152925742,SiC_15deg
moderate_high,1200.0,4000.0,1162,False,15.0,6.7,0.00905296335020466,0.8380281366372055,0.03195799182469284,SiC_15deg
moderate_high,1200.0,4000.0,1162,False,15.0,6.720000000000001,0.009047345916856991,0.8407596166976213,0.031459372128448085,SiC_15deg
moderate_high,1200.0,4000.0,1162,False,15.0,6.74,0.009034531136161454,0.8436595687454297,0.030931048784154473,SiC_15deg
moderate_high,1200.0,4000.0,1162,False,15.0,6.76,0.009014277735814324,0.8467467380225231,0.030370124103473912,SiC_15deg
moderate_high,1200.0,4000.0,1162,False,15.0,6.78,0.008986287389566123,0.8500419089048968,0.02977333554662828,SiC_15deg
moderate_high,1200.0,4000.0,1162,False,15.0,6.800000000000001,0.008950195555052583,0.853566353429424,0.029137306394158558,SiC_15deg
moderate_high,1200.0,4000.0,1162,False,15.0,6.82,0.008905561689681176,0.857340465165789,0.028458765411195148,SiC_15deg
moderate_high,1200.0,4000.0,1162,False,15.0,6.84,0.008851857689757775,0.8613828018949484,0.02773469717742691,SiC_15deg
moderate_high,1200.0,4000.0,1162,False,15.0,6.859999999999999,0.008788454652537643,0.8657096224755189,0.026962409005582107,SiC_15deg
moderate_high,1200.0,4000.0,1162,False,15.0,6.88,0.008714609515946074,0.8703348430000081,0.026139528538676394,SiC_15deg
moderate_high,1200.0,4000.0,1162,False,15.0,6.9,0.008629454418488782,0.8752701953890027,0.02526397101723373,SiC_15deg
moderate_high,1200.0,4000.0,1162,False,15.0,6.92,0.008531992398215418,0.8805252853489536,0.024333930200898687,SiC_15deg
moderate_high,1200.0,4000.0,1162,False,15.0,6.9399999999999995,0.008421103073852168,0.8861072417884963,0.023347947461304686,SiC_15deg
moderate_high,1200.0,4000.0,1162,False,15.0,6.96,0.008295561151231638,0.8920197332561128,0.02230509842433908,SiC_15deg
moderate_high,1200.0,4000.0,1162,False,15.0,6.98,0.008154069100310402,0.8982612834237436,0.021205308476079855,SiC_15deg
moderate_high,1200.0,4000.0,1162,False,15.0,7.0,0.007995303456445193,0.9048230114754816,0.020049773812843143,SiC_15deg
moderate_high,1200.0,4000.0,1162,False,15.0,7.0200000000000005,0.007817972324562451,0.911686106319819,0.018841432077357882,SiC_15deg
moderate_high,1200.0,4000.0,1162,False,15.0,7.04,0.0076208802229834754,0.9188194673157772,0.01758540458571801,SiC_15deg
moderate_high,1200.0,4000.0,1162,False,15.0,7.0600000000000005,0.0074029957241264375,0.9261779729916104,0.01628932702103447,SiC_15deg
moderate_high,1200.0,4000.0,1162,False,15.0,7.08,0.007163517617742956,0.9337017604060817,0.01496349945581336,SiC_15deg
moderate_high,1200.0,4000.0,1162,False,15.0,7.1,0.006901936574710439,0.9413167260564683,0.013620817034703196,SiC_15deg
moderate_high,1200.0,4000.0,1162,False,15.0,7.12,0.0066180914484621906,0.9489362336959016,0.012276482667713263,SiC_15deg
moderate_high,1200.0,4000.0,1162,False,15.0,7.14,0.006312222291369837,0.9564637892373543,0.010947543082132602,SiC_15deg
moderate_high,1200.0,4000.0,1162,False,15.0,7.16,0.005985025799348278,0.963796273619671,0.009652319763594938,SiC_15deg
moderate_high,1200.0,4000.0,1162,False,15.0,7.18,0.0056377233095595385,0.9708272533636343,0.008409819230501794,SiC_15deg
moderate_high,1200.0,4000.0,1162,False,15.0,7.2,0.005272157099918716,0.9774499328325946,0.007239199678807092,SiC_15deg
moderate_high,1200.0,4000.0,1162,False,15.0,7.22,0.004890938655608187,0.9835594589709682,0.006159345572961395,SiC_15deg
moderate_high,1200.0,4000.0,1162,False,15.0,7.24,0.004497684869961897,0.9890544985728953,0.005188565260318546,SiC_15deg
moderate_high,1200.0,4000.0,1162,False,15.0,7.26,0.004097398138999731,0.9938382240561697,0.004344388975647458,SiC_15deg
moderate_high,1200.0,4000.0,1162,False,15.0,7.28,0.00369707724380296,0.9978190099244489,0.0036434155987741875,SiC_15deg
moderate_high,1200.0,4000.0,1162,False,15.0,7.3,0.003306682960540313,1.0009112166941585,0.003101143611358692,SiC_15deg
moderate_high,1200.0,4000.0,1162,False,15.0,7.32,0.002940579305365278,1.003036404752678,0.0027317279099568345,SiC_15deg
moderate_high,1200.0,4000.0,1162,False,15.0,7.34,0.002619335611691853,1.0041251879025348,0.0025476276026358104,SiC_15deg
moderate_high,1200.0,4000.0,1162,False,15.0,7.36,0.002370781540687421,1.0041197398741897,0.0025591445015599136,SiC_15deg
moderate_high,1200.0,4000.0,1162,False,15.0,7.38,0.002226979506209902,1.0029767567878272,0.002773888871154828,SiC_15deg
moderate_high,1200.0,4000.0,1162,False,15.0,7.4,0.0022130702603608324,1.000670507680787,0.0031962386646288373,SiC_15deg
moderate_high,1200.0,4000.0,1162,False,15.0,7.42,0.00233264355909697,0.9971955175361703,0.0038268732563295233,SiC_15deg
moderate_high,1200.0,4000.0,1162,False,15.0,7.44,0.0025653483056512242,0.9925684456804272,0.00466245855414151,SiC_15deg
moderate_high,1200.0,4000.0,1162,False,15.0,7.46,0.002879790970005493,0.9868288422609811,0.0056955382887891055,SiC_15deg
moderate_high,1200.0,4000.0,1162,False,15.0,7.48,0.003246554662339259,0.9800386547516925,0.006914652019113726,SiC_15deg
moderate_high,1200.0,4000.0,1162,False,15.0,7.5,0.003643068797418698,0.9722805642384198,0.008304663080401333,SiC_15deg
moderate_high,1200.0,4000.0,1162,False,15.0,7.5200000000000005,0.00405325785965229,0.9636554028746043,0.009847249104800115,SiC_15deg
moderate_high,1200.0,4000.0,1162,False,15.0,7.54,0.004465839765607478,0.9542789973833112,0.01152149130949922,SiC_15deg
moderate_high,1200.0,4000.0,1162,False,15.0,7.5600000000000005,0.00487282219637559,0.9442787821650488,0.013304499385675633,SiC_15deg
moderate_high,1200.0,4000.0,1162,False,15.0,7.58,0.005268461369424067,0.9337904421189016,0.015172024203303752,SiC_15deg
moderate_high,1200.0,4000.0,1162,False,15.0,7.6000000000000005,0.0056485898924108656,0.9229547158748354,0.017099034171903383,SiC_15deg
moderate_high,1200.0,4000.0,1162,False,15.0,7.62,0.006010187346812008,0.9119143613371201,0.019060254631763737,SiC_15deg
moderate_high,1200.0,4000.0,1162,False,15.0,7.64,0.0063511021521566015,0.9008111987580324,0.02103068567633162,SiC_15deg
moderate_high,1200.0,4000.0,1162,False,15.0,7.66,0.00666986721838994,0.8897831259719792,0.02298611802866504,SiC_15deg
moderate_high,1200.0,4000.0,1162,False,15.0,7.68,0.0069655742984555714,0.8789610466721062,0.02490365884299294,SiC_15deg
moderate_high,1200.0,4000.0,1162,False,15.0,7.7,0.007237785173333271,0.8684657454246922,0.02676226314064594,SiC_15deg
moderate_high,1200.0,4000.0,1162,False,15.0,7.72,0.007486465414120235,0.858404849645066,0.028543247821691906,SiC_15deg
moderate_high,1200.0,4000.0,1162,False,15.0,7.74,0.007711931019807007,0.8488701047818105,0.030230749887509987,SiC_15deg
moderate_high,1200.0,4000.0,1162,False,15.0,7.76,0.007914801225535397,0.8399352288105139,0.03181208324243282,SiC_15deg
moderate_high,1200.0,4000.0,1162,False,15.0,7.78,0.008095953000128131,0.8316545944608194,0.033277951279492395,SiC_15deg
moderate_high,1200.0,4000.0,1162,False,15.0,7.8,0.008256474569411126,0.8240629159815507,0.03462248482082514,SiC_15deg
moderate_high,1200.0,4000.0,1162,False,15.0,7.82,0.008397616857649908,0.8171760068888235,0.035843094237430255,SiC_15deg
moderate_high,1200.0,4000.0,1162,False,15.0,7.84,0.008520743069833662,0.8109925476837333,0.03694014691271316,SiC_15deg
moderate_high,1200.0,4000.0,1162,False,15.0,7.86,0.00862727772475292,0.8054966810751589,0.03791650255002078,SiC_15deg
moderate_high,1200.0,4000.0,1162,False,15.0,7.88,0.008718657241374302,0.8006611575938518,0.0387769554529578,SiC_15deg
moderate_high,1200.0,4000.0,1162,False,15.0,7.9,0.008796284607465637,0.7964507024859875,0.03952764199069735,SiC_15deg
moderate_high,1200.0,4000.0,1162,False,15.0,7.92,0.008861490651906783,0.7928252742902331,0.04017547140241946,SiC_15deg
moderate_high,1200.0,4000.0,1162,False,15.0,7.94,0.008915503972891469,0.7897429366830199,0.040727628857650196,SiC_15deg
moderate_high,1200.0,4000.0,1162,False,15.0,7.96,0.008959430693642722,0.7871621584804237,0.041191182970999815,SiC_15deg
moderate_high,1200.0,4000.0,1162,False,15.0,7.98,0.008994244073769628,0.7850434735582917,0.0415728090798951,SiC_15deg
moderate_high,1200.0,4000.0,1162,False,15.0,8.0,0.00902078283016156,0.7833505484159028,0.04187861889596522,SiC_15deg
current_baseline,1500.0,4000.0,1037,False,10.0,3.0,0.005472511266349673,0.7413644136122167,0.04220254663442514,SiC_10deg
current_baseline,1500.0,4000.0,1037,False,10.0,3.02,0.005498225508230477,0.749276851326429,0.04075427439073421,SiC_10deg
current_baseline,1500.0,4000.0,1037,False,10.0,3.04,0.0055202331555963945,0.7580807151273182,0.039143794896367226,SiC_10deg
current_baseline,1500.0,4000.0,1037,False,10.0,3.06,0.005537855699582045,0.7677346089336731,0.03737787575721475,SiC_10deg
current_baseline,1500.0,4000.0,1037,False,10.0,3.08,0.005550585570637797,0.7781671332155431,0.03546877524484051,SiC_10deg
current_baseline,1500.0,4000.0,1037,False,10.0,3.1,0.005558149309424442,0.7892686077445514,0.03343579557620514,SiC_10deg
current_baseline,1500.0,4000.0,1037,False,10.0,3.12,0.00556054356542935,0.8008875344615917,0.031305976288400435,SiC_10deg
current_baseline,1500.0,4000.0,1037,False,10.0,3.14,0.005558037185160781,0.8128337536006223,0.029113570295891646,SiC_10deg
current_baseline,1500.0,4000.0,1037,False,10.0,3.16,0.0055511382444973075,0.8248889736214968,0.026898174476735207,SiC_10deg
current_baseline,1500.0,4000.0,1037,False,10.0,3.18,0.005540531495242469,0.8368235821792201,0.024701707073054625,SiC_10deg
current_baseline,1500.0,4000.0,1037,False,10.0,3.2,0.005526998173802859,0.8484167943446123,0.022564759962082317,SiC_10deg
current_baseline,1500.0,4000.0,1037,False,10.0,3.22,0.005511334615371319,0.8594758836059325,0.020523093461740482,SiC_10deg
current_baseline,1500.0,4000.0,1037,False,10.0,3.24,0.005494286642424154,0.8698500637075991,0.01860507708083942,SiC_10deg
current_baseline,1500.0,4000.0,1037,False,10.0,3.26,0.005476512189697906,0.8794358051706447,0.016830663293948056,SiC_10deg
current_baseline,1500.0,4000.0,1037,False,10.0,3.2800000000000002,0.005458575898242396,0.8881726968473692,0.015212062755492372,SiC_10deg
current_baseline,1500.0,4000.0,1037,False,10.0,3.3,0.005440969179306553,0.8960316347259882,0.013755806017426127,SiC_10deg
current_baseline,1500.0,4000.0,1037,False,10.0,3.32,0.0054241410740127815,0.9029992178940707,0.01246549538871381,SiC_10deg
current_baseline,1500.0,4000.0,1037,False,10.0,3.34,0.005408521966032946,0.9090630825299995,0.011344393951420987,SiC_10deg
current_baseline,1500.0,4000.0,1037,False,10.0,3.36,0.005394524904888487,0.9142023209111888,0.010397102435302142,SiC_10deg
current_baseline,1500.0,4000.0,1037,False,10.0,3.38,0.005382517097125057,0.9183853934028456,0.009629888998121994,SiC_10deg
current_baseline,1500.0,4000.0,1037,False,10.0,3.4,0.005372764727456332,0.9215756140786995,0.009049659353952143,SiC_10deg
current_baseline,1500.0,4000.0,1037,False,10.0,3.42,0.005365364622472556,0.9237420320365908,0.008661965265265291,SiC_10deg
current_baseline,1500.0,4000.0,1037,False,10.0,3.44,0.005360183177980201,0.9248719459660172,0.008468737201285912,SiC_10deg
current_baseline,1500.0,4000.0,1037,False,10.0,3.46,0.005356823915632475,0.9249808220084521,0.008466510680841862,SiC_10deg
current_baseline,1500.0,4000.0,1037,False,10.0,3.48,0.005354639146390636,0.9241161974527159,0.008645765728833073,SiC_10deg
current_baseline,1500.0,4000.0,1037,False,10.0,3.5,0.005352789992247114,0.9223540328622087,0.008991654295616094,SiC_10deg
current_baseline,1500.0,4000.0,1037,False,10.0,3.52,0.005350346050398793,0.9197883465002418,0.009485957300246178,SiC_10deg
current_baseline,1500.0,4000.0,1037,False,10.0,3.54,0.005346405561198071,0.9165170598547093,0.010109731577459775,SiC_10deg
current_baseline,1500.0,4000.0,1037,False,10.0,3.56,0.005340212197349352,0.9126281234129031,0.010845900865182674,SiC_10deg
current_baseline,1500.0,4000.0,1037,False,10.0,3.58,0.005331246370933172,0.9081898387106493,0.011681074980367879,SiC_10deg
current_baseline,1500.0,4000.0,1037,False,10.0,3.6,0.005319275944206019,0.9032479457763801,0.012606128276589263,SiC_10deg
current_baseline,1500.0,4000.0,1037,False,10.0,3.62,0.005304360978604999,0.8978299705700704,0.013615446742771802,SiC_10deg
current_baseline,1500.0,4000.0,1037,False,10.0,3.64,0.005286817117965106,0.8919551807250983,0.014705143271561956,SiC_10deg
current_baseline,1500.0,4000.0,1037,False,10.0,3.66,0.0052671502683038695,0.8856469236027428,0.015870826195988084,SiC_10deg
current_baseline,1500.0,4000.0,1037,False,10.0,3.68,0.005245979855073558,0.8789435686919386,0.017105606178939282,SiC_10deg
current_baseline,1500.0,4000.0,1037,False,10.0,3.7,0.005223968215581647,0.8719048702807254,0.01839891917285165,SiC_10deg
current_baseline,1500.0,4000.0,1037,False,10.0,3.7199999999999998,0.005201769654462008,0.8646120592789573,0.0197364734182312,SiC_10deg
current_baseline,1500.0,4000.0,1037,False,10.0,3.74,0.0051800055306256325,0.8571618355441252,0.021101292065271813,SiC_10deg
current_baseline,1500.0,4000.0,1037,False,10.0,3.76,0.005159263568650075,0.8496560577471113,0.02247552938728755,SiC_10deg
current_baseline,1500.0,4000.0,1037,False,10.0,3.7800000000000002,0.005140112751706406,0.8421898666396946,0.023842568873933878,SiC_10deg
current_baseline,1500.0,4000.0,1037,False,10.0,3.8,0.0051231214179425265,0.834841077094523,0.02518889327625469,SiC_10deg
current_baseline,1500.0,4000.0,1037,False,10.0,3.8200000000000003,0.00510886620992576,0.8276630692303572,0.02650532570742402,SiC_10deg
current_baseline,1500.0,4000.0,1037,False,10.0,3.84,0.005097922909325487,0.8206823959088905,0.02778742376078418,SiC_10deg
current_baseline,1500.0,4000.0,1037,False,10.0,3.86,0.0050908358256678415,0.8139012145954042,0.02903500904531412,SiC_10deg
current_baseline,1500.0,4000.0,1037,False,10.0,3.88,0.005088068895976373,0.8073036816283853,0.030250989895265704,SiC_10deg
current_baseline,1500.0,4000.0,1037,False,10.0,3.9,0.005089947512370782,0.8008647582000128,0.03143975942589902,SiC_10deg
current_baseline,1500.0,4000.0,1037,False,10.0,3.92,0.005096603909552088,0.7945595424353528,0.03260551120493905,SiC_10deg
current_baseline,1500.0,4000.0,1037,False,10.0,3.94,0.005107939591698209,0.7883712879643919,0.03375080555648865,SiC_10deg
current_baseline,1500.0,4000.0,1037,False,10.0,3.96,0.005123615318885929,0.7822966781187504,0.03487564427740745,SiC_10deg
current_baseline,1500.0,4000.0,1037,False,10.0,3.98,0.00514307319856055,0.7763476169401101,0.035977184978030964,SiC_10deg
current_baseline,1500.0,4000.0,1037,False,10.0,4.0,0.005165588063284925,0.7705496257859102,0.03705007547706178,SiC_10deg
current_baseline,1500.0,4000.0,1037,False,10.0,4.02,0.005190338721325043,0.7649377036762225,0.038087249048019925,SiC_10deg
current_baseline,1500.0,4000.0,1037,False,10.0,4.04,0.005216485722213187,0.7595510322435322,0.039080926996706844,SiC_10deg
current_baseline,1500.0,4000.0,1037,False,10.0,4.0600000000000005,0.005243241895159376,0.7544280578041211,0.04002354837522233,SiC_10deg
current_baseline,1500.0,4000.0,1037,False,10.0,4.08,0.005269924818403533,0.7496032413435896,0.04090839130375118,SiC_10deg
current_baseline,1500.0,4000.0,1037,False,10.0,4.1,0.005295985395916117,0.7451062142710179,0.04172975118051932,SiC_10deg
current_baseline,1500.0,4000.0,1037,False,10.0,4.12,0.005321012342443876,0.7409633709286195,0.04248266939760333,SiC_10deg
current_baseline,1500.0,4000.0,1037,False,10.0,4.140000000000001,0.005344717237898692,0.737201254723374,0.04316232833790955,SiC_10deg
current_baseline,1500.0,4000.0,1037,False,10.0,4.16,0.005366907952349564,0.7338506221834804,0.04376331408970965,SiC_10deg
current_baseline,1500.0,4000.0,1037,False,10.0,4.18,0.0053874592141260275,0.7309499091358568,0.044278977650017544,SiC_10deg
current_baseline,1500.0,4000.0,1037,False,10.0,4.2,0.0054062879488790926,0.7285470017395312,0.044701093757173835,SiC_10deg
current_baseline,1500.0,4000.0,1037,False,10.0,4.22,0.005423338257873245,0.726698667516027,0.04501993551215494,SiC_10deg
current_baseline,1500.0,4000.0,1037,False,10.0,4.24,0.005438577352809862,0.7254675923557028,0.04522477686291613,SiC_10deg
current_baseline,1500.0,4000.0,1037,False,10.0,4.26,0.005452000355613136,0.7249175365068757,0.04530473291073437,SiC_10deg
current_baseline,1500.0,4000.0,1037,False,10.0,4.28,0.005463639396572451,0.7251075283205074,0.045249774561399635,SiC_10deg
current_baseline,1500.0,4000.0,1037,False,10.0,4.3,0.0054735713614908555,0.7260861838164717,0.04505172292959462,SiC_10deg
current_baseline,1500.0,4000.0,1037,False,10.0,4.32,0.005481919020585975,0.727887168664733,0.044705041091910744,SiC_10deg
current_baseline,1500.0,4000.0,1037,False,10.0,4.34,0.005488841888255325,0.7305265551612292,0.04420728781942492,SiC_10deg
current_baseline,1500.0,4000.0,1037,False,10.0,4.36,0.005494515618867507,0.7340024410268462,0.043559167218901865,SiC_10deg
current_baseline,1500.0,4000.0,1037,False,10.0,4.38,0.005499101585134869,0.7382967593356564,0.042764187210493174,SiC_10deg
current_baseline,1500.0,4000.0,1037,False,10.0,4.4,0.005502711029773376,0.7433787813305451,0.04182801724803133,SiC_10deg
current_baseline,1500.0,4000.0,1037,False,10.0,4.42,0.005505370310807395,0.7492094554618893,0.04075770078363317,SiC_10deg
current_baseline,1500.0,4000.0,1037,False,10.0,4.4399999999999995,0.005506994753194821,0.7557455003677969,0.039560918971792855,SiC_10deg
current_baseline,1500.0,4000.0,1037,False,10.0,4.46,0.00550737806045581,0.7629421417032541,0.038245507081589726,SiC_10deg
current_baseline,1500.0,4000.0,1037,False,10.0,4.48,0.005506202001086253,0.7707536010554797,0.03681938523594564,SiC_10deg
current_baseline,1500.0,4000.0,1037,False,10.0,4.5,0.005503067464580779,0.77913091475199,0.03529097955766379,SiC_10deg
current_baseline,1500.0,4000.0,1037,False,10.0,4.52,0.005497543705624359,0.7880173215403011,0.033670089496540385,SiC_10deg
current_baseline,1500.0,4000.0,1037,False,10.0,4.54,0.005489228631529354,0.7973421831613298,0.03196902528910519,SiC_10deg
current_baseline,1500.0,4000.0,1037,False,10.0,4.5600000000000005,0.005477810266934873,0.807015014446817,0.030203728137331395,SiC_10deg
current_baseline,1500.0,4000.0,1037,False,10.0,4.58,0.0054631186973883115,0.8169215124850807,0.028394528659320937,SiC_10deg
current_baseline,1500.0,4000.0,1037,False,10.0,4.6,0.005445159106177357,0.8269233365765799,0.026566223749820737,SiC_10deg
current_baseline,1500.0,4000.0,1037,False,10.0,4.62,0.0054241198542922964,0.8368627377468115,0.024747269853349838,SiC_10deg
current_baseline,1500.0,4000.0,1037,False,10.0,4.640000000000001,0.005400354434617668,0.8465720380437238,0.022968089345684266,SiC_10deg
current_baseline,1500.0,4000.0,1037,False,10.0,4.66,0.005374341697504904,0.8558866468734564,0.02125872464722346,SiC_10deg
current_baseline,1500.0,4000.0,1037,False,10.0,4.68,0.005346633739023319,0.8646591446164749,0.019646285037751215,SiC_10deg
current_baseline,1500.0,4000.0,1037,False,10.0,4.7,0.005317803793083512,0.8727713734095148,0.01815273958962195,SiC_10deg
current_baseline,1500.0,4000.0,1037,False,10.0,4.72,0.005288406163036234,0.8801417392709205,0.016793563754592896,SiC_10deg
current_baseline,1500.0,4000.0,1037,False,10.0,4.74,0.005258956341005554,0.8867260582651915,0.015577544633428787,SiC_10deg
current_baseline,1500.0,4000.0,1037,False,10.0,4.76,0.005229932937915937,0.8925119538323166,0.014507747875710022,SiC_10deg
current_baseline,1500.0,4000.0,1037,False,10.0,4.78,0.005201795900826666,0.897508495863307,0.01358334440913736,SiC_10deg
current_baseline,1500.0,4000.0,1037,False,10.0,4.8,0.005175010059122052,0.9017339294789861,0.01280178482756374,SiC_10deg
current_baseline,1500.0,4000.0,1037,False,10.0,4.82,0.005150061063049243,0.905204648519708,0.012160752513672244,SiC_10deg
current_baseline,1500.0,4000.0,1037,False,10.0,4.84,0.005127452852505807,0.9079280032280584,0.011659428077904304,SiC_10deg
current_baseline,1500.0,4000.0,1037,False,10.0,4.86,0.005107681320143436,0.9099003277296369,0.011298815426626516,SiC_10deg
current_baseline,1500.0,4000.0,1037,False,10.0,4.88,0.005091186311380258,0.9111101014197365,0.011081146564561188,SiC_10deg
current_baseline,1500.0,4000.0,1037,False,10.0,4.9,0.005078291519615767,0.9115448087575008,0.0110086271471069,SiC_10deg
current_baseline,1500.0,4000.0,1037,False,10.0,4.92,0.00506914705044969,0.9111991618180292,0.011081947945984069,SiC_10deg
current_baseline,1500.0,4000.0,1037,False,10.0,4.9399999999999995,0.005063690685139747,0.9100821111927628,0.011299029969609641,SiC_10deg
current_baseline,1500.0,4000.0,1037,False,10.0,4.96,0.005061640415191234,0.9082205454706489,0.011654383508722105,SiC_10deg
current_baseline,1500.0,4000.0,1037,False,10.0,4.98,0.005062523387803514,0.9056586318222539,0.012139268807053011,SiC_10deg
current_baseline,1500.0,4000.0,1037,False,10.0,5.0,0.005065737191295676,0.9024530741929013,0.01274260442666373,SiC_10deg
current_baseline,1500.0,4000.0,1037,False,10.0,5.02,0.005070631317712463,0.8986657668413986,0.013452350726296495,SiC_10deg
current_baseline,1500.0,4000.0,1037,False,10.0,5.04,0.005076592117338142,0.8943560428274322,0.01425696507477036,SiC_10deg
current_baseline,1500.0,4000.0,1037,False,10.0,5.0600000000000005,0.005083114697872821,0.8895747590453034,0.01514651866447071,SiC_10deg
current_baseline,1500.0,4000.0,1037,False,10.0,5.08,0.005089849533950192,0.8843618360670125,0.016113178999487502,SiC_10deg
current_baseline,1500.0,4000.0,1037,False,10.0,5.1,0.005096618426658935,0.8787477940076834,0.017150958485911038,SiC_10deg
current_baseline,1500.0,4000.0,1037,False,10.0,5.12,0.005103401858233507,0.8727586274770981,0.018254847490309322,SiC_10deg
current_baseline,1500.0,4000.0,1037,False,10.0,5.140000000000001,0.00511030586900026,0.866422396060204,0.01941962585583055,SiC_10deg
current_baseline,1500.0,4000.0,1037,False,10.0,5.16,0.005117520008714135,0.8597754455195589,0.020638730757968127,SiC_10deg
current_baseline,1500.0,4000.0,1037,False,10.0,5.18,0.005125278062276656,0.8528663370026529,0.021903529806998136,SiC_10deg
current_baseline,1500.0,4000.0,1037,False,10.0,5.2,0.005133830323628432,0.8457562737527912,0.023203219838935474,SiC_10deg
current_baseline,1500.0,4000.0,1037,False,10.0,5.220000000000001,0.005143431193438382,0.8385158376934584,0.024525387196219547,SiC_10deg
current_baseline,1500.0,4000.0,1037,False,10.0,5.24,0.005154340346448863,0.8312188612276867,0.025857082365663527,SiC_10deg
current_baseline,1500.0,4000.0,1037,False,10.0,5.26,0.005166831253445081,0.8239349752912513,0.027186132492386137,SiC_10deg
current_baseline,1500.0,4000.0,1037,False,10.0,5.28,0.005181198606077131,0.8167226312937379,0.028502368772581024,SiC_10deg
current_baseline,1500.0,4000.0,1037,False,10.0,5.300000000000001,0.0051977565926327185,0.8096241868301989,0.029798483065793444,SiC_10deg
current_baseline,1500.0,4000.0,1037,False,10.0,5.32,0.005216822688374694,0.8026640911325518,0.0310703279977775,SiC_10deg
current_baseline,1500.0,4000.0,1037,False,10.0,5.34,0.005238685826576722,0.7958504814581843,0.03231660572128222,SiC_10deg
current_baseline,1500.0,4000.0,1037,False,10.0,5.359999999999999,0.0052635624383822015,0.7891797781664419,0.03353802121412987,SiC_10deg
current_baseline,1500.0,4000.0,1037,False,10.0,5.38,0.005291547790733738,0.7826432808410139,0.03473608169665083,SiC_10deg
current_baseline,1500.0,4000.0,1037,False,10.0,5.4,0.005322572339177658,0.7762344144631598,0.03591178731576993,SiC_10deg
current_baseline,1500.0,4000.0,1037,False,10.0,5.42,0.005356372786005521,0.7699552057638739,0.03706447010230975,SiC_10deg
current_baseline,1500.0,4000.0,1037,False,10.0,5.4399999999999995,0.005392485062526314,0.763820792698712,0.03819099708129328,SiC_10deg
current_baseline,1500.0,4000.0,1037,False,10.0,5.46,0.005430262079406013,0.7578612379212543,0.03928546787537221,SiC_10deg
current_baseline,1500.0,4000.0,1037,False,10.0,5.48,0.005468913953829488,0.7521205276728818,0.0403394259535582,SiC_10deg
current_baseline,1500.0,4000.0,1037,False,10.0,5.5,0.0055075639285425,0.7466532483376717,0.04134249178802401,SiC_10deg
current_baseline,1500.0,4000.0,1037,False,10.0,5.52,0.005545310518594191,0.7415198974852188,0.042283242191590964,SiC_10deg
current_baseline,1500.0,4000.0,1037,False,10.0,5.54,0.005581286103755216,0.7367819964841205,0.04315012250465843,SiC_10deg
current_baseline,1500.0,4000.0,1037,False,10.0,5.5600000000000005,0.0056147040322085465,0.7324980896069107,0.04393219379813321,SiC_10deg
current_baseline,1500.0,4000.0,1037,False,10.0,5.58,0.0056448895581948134,0.7287213793057009,0.04461957853223691,SiC_10deg
current_baseline,1500.0,4000.0,1037,False,10.0,5.6,0.005671293628505541,0.7254992590927436,0.04520355691031683,SiC_10deg
current_baseline,1500.0,4000.0,1037,False,10.0,5.62,0.005693491785311182,0.7228744937850791,0.04567635902185835,SiC_10deg
current_baseline,1500.0,4000.0,1037,False,10.0,5.640000000000001,0.005711172674884967,0.7208873868826448,0.04603077222063486,SiC_10deg
current_baseline,1500.0,4000.0,1037,False,10.0,5.66,0.005724121582271032,0.7195780585802237,0.046259722498691064,SiC_10deg
current_baseline,1500.0,4000.0,1037,False,10.0,5.68,0.005732204082766558,0.7189879750838419,0.046355985789590985,SiC_10deg
current_baseline,1500.0,4000.0,1037,False,10.0,5.7,0.0057353535698505135,0.7191601008794075,0.04631214371121359,SiC_10deg
current_baseline,1500.0,4000.0,1037,False,10.0,5.720000000000001,0.005733564491181332,0.7201374190605632,0.04612083105377914,SiC_10deg
current_baseline,1500.0,4000.0,1037,False,10.0,5.74,0.005726891063102699,0.7219599796530967,0.045775247502626085,SiC_10deg
current_baseline,1500.0,4000.0,1037,False,10.0,5.76,0.005715449466866041,0.7246609910360485,0.045269841849541324,SiC_10deg
current_baseline,1500.0,4000.0,1037,False,10.0,5.78,0.0056994203699315136,0.7282626908950287,0.04460103670403488,SiC_10deg
current_baseline,1500.0,4000.0,1037,False,10.0,5.800000000000001,0.0056790482286090144,0.732772787131364,0.043767851615558025,SiC_10deg
current_baseline,1500.0,4000.0,1037,False,10.0,5.82,0.005654634244271047,0.7381821507342158,0.04277230179971967,SiC_10deg
current_baseline,1500.0,4000.0,1037,False,10.0,5.84,0.00562652099624807,0.7444642027272453,0.04161949285712753,SiC_10deg
current_baseline,1500.0,4000.0,1037,False,10.0,5.859999999999999,0.005595068517355012,0.7515761098819502,0.040317391095641766,SiC_10deg
current_baseline,1500.0,4000.0,1037,False,10.0,5.88,0.0055606236848001365,0.7594615397727486,0.03887631509972646,SiC_10deg
current_baseline,1500.0,4000.0,1037,False,10.0,5.9,0.005523486926419121,0.7680543835100512,0.037308256338660334,SiC_10deg
current_baseline,1500.0,4000.0,1037,False,10.0,5.92,0.005483881924950693,0.7772826019628125,0.035626182457096645,SiC_10deg
current_baseline,1500.0,4000.0,1037,False,10.0,5.9399999999999995,0.005441934723402322,0.7870712593527439,0.03384349349590246,SiC_10deg
current_baseline,1500.0,4000.0,1037,False,10.0,5.96,0.005397667975589646,0.7973439326535183,0.031973778471001434,SiC_10deg
current_baseline,1500.0,4000.0,1037,False,10.0,5.98,0.0053510139234035775,0.8080220415227797,0.03003095475116971,SiC_10deg
current_baseline,1500.0,4000.0,1037,False,10.0,6.0,0.005301846315749634,0.8190221846057197,0.028029774107282465,SiC_10deg
current_baseline,1500.0,4000.0,1037,False,10.0,6.02,0.00525002761966337,0.8302521802932561,0.02598656785085611,SiC_10deg
current_baseline,1500.0,4000.0,1037,False,10.0,6.04,0.005195464445527016,0.841607032101286,0.023920008428867524,SiC_10deg
current_baseline,1500.0,4000.0,1037,False,10.0,6.0600000000000005,0.00513816201095352,0.852966301584919,0.02185161686060919,SiC_10deg
current_baseline,1500.0,4000.0,1037,False,10.0,6.08,0.0050782683188545655,0.864194247989465,0.01980576750729351,SiC_10deg
current_baseline,1500.0,4000.0,1037,False,10.0,6.1,0.005016100717833193,0.8751435463127227,0.01780904063083362,SiC_10deg
current_baseline,1500.0,4000.0,1037,False,10.0,6.12,0.004952151359067884,0.8856625096021414,0.0158889336091139,SiC_10deg
current_baseline,1500.0,4000.0,1037,False,10.0,6.140000000000001,0.004887072988199322,0.8956047295791641,0.014072125177395778,SiC_10deg
current_baseline,1500.0,4000.0,1037,False,10.0,6.16,0.0048216513128179015,0.9048392114142999,0.012382639554807031,SiC_10deg
current_baseline,1500.0,4000.0,1037,False,10.0,6.18,0.004756773444866126,0.9132587108242984,0.010840324972468592,SiC_10deg
current_baseline,1500.0,4000.0,1037,False,10.0,6.2,0.004693402393578974,0.9207842632167286,0.009460011427190976,SiC_10deg
current_baseline,1500.0,4000.0,1037,False,10.0,6.220000000000001,0.004632564733977161,0.9273647932014104,0.008251550952714185,SiC_10deg
current_baseline,1500.0,4000.0,1037,False,10.0,6.24,0.004575352924429609,0.9329719538064923,0.007220716119231839,SiC_10deg
current_baseline,1500.0,4000.0,1037,False,10.0,6.26,0.004522936876386068,0.9375915796147734,0.006370709043333505,SiC_10deg
current_baseline,1500.0,4000.0,1037,False,10.0,6.28,0.004476573469997332,0.9412139735354749,0.005703881583770268,SiC_10deg
current_baseline,1500.0,4000.0,1037,False,10.0,6.300000000000001,0.004437599846959553,0.9438254589739665,0.0052232284701911776,SiC_10deg
current_baseline,1500.0,4000.0,1037,False,10.0,6.32,0.004407397863843816,0.9454032002143016,0.004933292365882017,SiC_10deg
current_baseline,1500.0,4000.0,1037,False,10.0,6.34,0.004387323303542705,0.9459143850508636,0.004840284317940058,SiC_10deg
current_baseline,1500.0,4000.0,1037,False,10.0,6.359999999999999,0.004378603238556013,0.9453197388098739,0.00495142691667932,SiC_10deg
current_baseline,1500.0,4000.0,1037,False,10.0,6.38,0.004382215867854013,0.9435802847902208,0.0052737185758605755,SiC_10deg
current_baseline,1500.0,4000.0,1037,False,10.0,6.4,0.004398775718544203,0.9406655325495281,0.005812450103044507,SiC_10deg
current_baseline,1500.0,4000.0,1037,False,10.0,6.42,0.004428449783398523,0.9365610307249304,0.00656984841487887,SiC_10deg
current_baseline,1500.0,4000.0,1037,False,10.0,6.4399999999999995,0.004470924986299377,0.9312735164097459,0.007544167562348949,SiC_10deg
current_baseline,1500.0,4000.0,1037,False,10.0,6.46,0.004525435328177051,0.9248326408309218,0.008729410275598563,SiC_10deg
current_baseline,1500.0,4000.0,1037,False,10.0,6.48,0.0045908421947737236,0.9172892352767702,0.010115683528227174,SiC_10deg
current_baseline,1500.0,4000.0,1037,False,10.0,6.5,0.0046657489459979275,0.9087110133462116,0.011690021829667385,SiC_10deg
current_baseline,1500.0,4000.0,1037,False,10.0,6.52,0.004748625141231387,0.8991772140137453,0.013437401511759697,SiC_10deg
current_baseline,1500.0,4000.0,1037,False,10.0,6.54,0.00483791765441454,0.8887738096017768,0.015341648067617659,SiC_10deg
current_baseline,1500.0,4000.0,1037,False,10.0,6.5600000000000005,0.004932133569995203,0.8775905266241331,0.017386007641677446,SiC_10deg
current_baseline,1500.0,4000.0,1037,False,10.0,6.58,0.005029889632957592,0.8657202017671225,0.019553286276608652,SiC_10deg
current_baseline,1500.0,4000.0,1037,False,10.0,6.6,0.005129931792714293,0.8532601642942512,0.021825612008752215,SiC_10deg
current_baseline,1500.0,4000.0,1037,False,10.0,6.62,0.0052311338862288375,0.8403146616574312,0.02418399786345387,SiC_10deg
current_baseline,1500.0,4000.0,1037,False,10.0,6.640000000000001,0.005332486097698867,0.8269970264674629,0.02660794215158043,SiC_10deg
current_baseline,1500.0,4000.0,1037,False,10.0,6.66,0.005433082089392658,0.8134303997387676,0.02907528188089038,SiC_10deg
current_baseline,1500.0,4000.0,1037,False,10.0,6.68,0.005532109947619922,0.7997463173661948,0.031562426491270966,SiC_10deg
current_baseline,1500.0,4000.0,1037,False,10.0,6.7,0.005628847884385434,0.7860811597206241,0.03404497404421794,SiC_10deg
current_baseline,1500.0,4000.0,1037,False,10.0,6.720000000000001,0.005722662303286015,0.7725711331405757,0.0364985910922553,SiC_10deg
current_baseline,1500.0,4000.0,1037,False,10.0,6.74,0.005813004156536225,0.7593469000543149,0.038899956311869884,SiC_10deg
current_baseline,1500.0,4000.0,1037,False,10.0,6.76,0.005899399621766819,0.7465290938246814,0.041227546101846445,SiC_10deg
current_baseline,1500.0,4000.0,1037,False,10.0,6.78,0.005981432616867361,0.7342257470535704,0.04346207746105578,SiC_10deg
current_baseline,1500.0,4000.0,1037,False,10.0,6.800000000000001,0.006058718874404995,0.7225322173717242,0.0455865034960704,SiC_10deg
current_baseline,1500.0,4000.0,1037,False,10.0,6.82,0.006130873518411404,0.7115336439691349,0.04758555618712735,SiC_10deg
current_baseline,1500.0,4000.0,1037,False,10.0,6.84,0.006197475780225638,0.7013094405504908,0.049444926191502786,SiC_10deg
current_baseline,1500.0,4000.0,1037,False,10.0,6.859999999999999,0.006258035328093991,0.6919389265072245,0.051150242269999875,SiC_10deg
current_baseline,1500.0,4000.0,1037,False,10.0,6.88,0.006311964554867096,0.6835069808552846,0.05268605193272701,SiC_10deg
current_baseline,1500.0,4000.0,1037,False,10.0,6.9,0.006358560151804686,0.6761085989694383,0.05403500536145555,SiC_10deg
current_baseline,1500.0,4000.0,1037,False,10.0,6.92,0.006396995648436987,0.6698514310833082,0.055177408275650326,SiC_10deg
current_baseline,1500.0,4000.0,1037,False,10.0,6.9399999999999995,0.006426324705251206,0.6648557401757943,0.056091244165122484,SiC_10deg
current_baseline,1500.0,4000.0,1037,False,10.0,6.96,0.006445493249250709,0.6612516616706247,0.05675268563782398,SiC_10deg
current_baseline,1500.0,4000.0,1037,False,10.0,6.98,0.0064533574257047595,0.6591740882547641,0.05713703491983592,SiC_10deg
current_baseline,1500.0,4000.0,1037,False,10.0,7.0,0.006448704016120624,0.6587558546497997,0.05721997027713596,SiC_10deg
current_baseline,1500.0,4000.0,1037,False,10.0,7.0200000000000005,0.006430270426264431,0.6601201001830567,0.05697893894361024,SiC_10deg
current_baseline,1500.0,4000.0,1037,False,10.0,7.04,0.006396762356950097,0.6633727210119988,0.0563945316024001,SiC_10deg
current_baseline,1500.0,4000.0,1037,False,10.0,7.0600000000000005,0.0063468685044383525,0.668595705278337,0.05545169543695478,SiC_10deg
current_baseline,1500.0,4000.0,1037,False,10.0,7.08,0.006279272783771663,0.6758419137349119,0.05414068478900532,SiC_10deg
current_baseline,1500.0,4000.0,1037,False,10.0,7.1,0.006192665428887389,0.6851315745139769,0.05245770159833598,SiC_10deg
current_baseline,1500.0,4000.0,1037,False,10.0,7.12,0.006085754850063402,0.6964504513586035,0.050405233453831834,SiC_10deg
current_baseline,1500.0,4000.0,1037,False,10.0,7.14,0.005957282397194423,0.7097493639517695,0.04799214737506941,SiC_10deg
current_baseline,1500.0,4000.0,1037,False,10.0,7.16,0.005806042317614602,0.7249445290894975,0.045233634889664184,SiC_10deg
current_baseline,1500.0,4000.0,1037,False,10.0,7.18,0.005630909326259311,0.7419180914673147,0.04215112163786405,SiC_10deg
current_baseline,1500.0,4000.0,1037,False,10.0,7.2,0.0054308763849676,0.7605182518102347,0.038772247466166566,SiC_10deg
current_baseline,1500.0,4000.0,1037,False,10.0,7.22,0.005205105532643747,0.7805585858977601,0.03513098936251039,SiC_10deg
current_baseline,1500.0,4000.0,1037,False,10.0,7.24,0.004952994962672358,0.8018164585200246,0.031267943623939476,SiC_10deg
current_baseline,1500.0,4000.0,1037,False,10.0,7.26,0.004674266226009368,0.8240308177960073,0.02723071500078635,SiC_10deg
current_baseline,1500.0,4000.0,1037,False,10.0,7.28,0.004369077093516292,0.8469000300960031,0.02307429319828104,SiC_10deg
current_baseline,1500.0,4000.0,1037,False,10.0,7.3,0.004038169794391884,0.8700806974769971,0.018861246675338717,SiC_10deg
current_baseline,1500.0,4000.0,1037,False,10.0,7.32,0.0036830745706403494,0.8931885102125092,0.014661544247830564,SiC_10deg
current_baseline,1500.0,4000.0,1037,False,10.0,7.34,0.003306412776133484,0.915802075880525,0.01055183576742126,SiC_10deg
current_baseline,1500.0,4000.0,1037,False,10.0,7.36,0.0029124013464662908,0.9374703272083671,0.006614085209192176,SiC_10deg
current_baseline,1500.0,4000.0,1037,False,10.0,7.38,0.0025077998565991304,0.9577235947250871,0.002933543467189534,SiC_10deg
current_baseline,1500.0,4000.0,1037,False,10.0,7.4,0.002103885271788397,0.976087847881475,-0.0004038461752154536,SiC_10deg
current_baseline,1500.0,4000.0,1037,False,10.0,7.42,0.0017208440618984632,0.9921011108309807,-0.0033144271117040726,SiC_10deg
current_baseline,1500.0,4000.0,1037,False,10.0,7.44,0.0013971092262480543,1.005330794611071,-0.00571996317740108,SiC_10deg
current_baseline,1500.0,4000.0,1037,False,10.0,7.46,0.001201291470442635,1.0153907416933599,-0.0075507084814784445,SiC_10deg
current_baseline,1500.0,4000.0,1037,False,10.0,7.48,0.0012099027012753354,1.021957124096454,-0.00874825894619146,SiC_10deg
current_baseline,1500.0,4000.0,1037,False,10.0,7.5,0.0014230852451019183,1.0247828190609112,-0.009268120420466158,SiC_10deg
current_baseline,1500.0,4000.0,1037,False,10.0,7.5200000000000005,0.0017660290757303572,1.0237102724665599,-0.009081999652509927,SiC_10deg
current_baseline,1500.0,4000.0,1037,False,10.0,7.54,0.0021720022676179986,1.0186829293201585,-0.008179837774445508,SiC_10deg
current_baseline,1500.0,4000.0,1037,False,10.0,7.5600000000000005,0.0026030578380343903,1.0097549645612212,-0.006571543281087475,SiC_10deg
current_baseline,1500.0,4000.0,1037,False,10.0,7.58,0.003038465801382957,0.9970983823795904,-0.004288260139070294,SiC_10deg
current_baseline,1500.0,4000.0,1037,False,10.0,7.6000000000000005,0.0034658495677969306,0.9810058530605426,-0.0013828783136525394,SiC_10deg
current_baseline,1500.0,4000.0,1037,False,10.0,7.62,0.003877067083360103,0.9618872994886495,0.0020705729361355165,SiC_10deg
current_baseline,1500.0,4000.0,1037,False,10.0,7.64,0.004266416593864208,0.9402585383791328,0.005978958070362899,SiC_10deg
current_baseline,1500.0,4000.0,1037,False,10.0,7.66,0.004629835005656593,0.9167213049092585,0.010233620426782351,SiC_10deg
current_baseline,1500.0,4000.0,1037,False,10.0,7.68,0.004964515173143531,0.8919355236374862,0.014715368801595219,SiC_10deg
current_baseline,1500.0,4000.0,1037,False,10.0,7.7,0.005268695128180357,0.8665862748410497,0.019300427560722262,SiC_10deg
current_baseline,1500.0,4000.0,1037,False,10.0,7.72,0.005541509438361414,0.841349030058816,0.023866707615312056,SiC_10deg
current_baseline,1500.0,4000.0,1037,False,10.0,7.74,0.005782854971948369,0.8168570417676961,0.028299697282818004,SiC_10deg
current_baseline,1500.0,4000.0,1037,False,10.0,7.76,0.005993254146601395,0.7936742169605565,0.03249737033308093,SiC_10deg
current_baseline,1500.0,4000.0,1037,False,10.0,7.78,0.006173714568292239,0.7722756214579093,0.036373720783734964,SiC_10deg
current_baseline,1500.0,4000.0,1037,False,10.0,7.8,0.006325591317370722,0.7530363480122234,0.03986078879568889,SiC_10deg
current_baseline,1500.0,4000.0,1037,False,10.0,7.82,0.006450460211517958,0.7362282187732888,0.042909270273313434,SiC_10deg
current_baseline,1500.0,4000.0,1037,False,10.0,7.84,0.0065500092948586434,0.7220229236659844,0.04548796053083964,SiC_10deg
current_baseline,1500.0,4000.0,1037,False,10.0,7.86,0.006625953196917346,0.7104997877482792,0.04758235724391617,SiC_10deg
current_baseline,1500.0,4000.0,1037,False,10.0,7.88,0.006679972059863583,0.70165634559752,0.04919275170992402,SiC_10deg
current_baseline,1500.0,4000.0,1037,False,10.0,7.9,0.006713674170132376,0.6954201511697145,0.05033209312260194,SiC_10deg
current_baseline,1500.0,4000.0,1037,False,10.0,7.92,0.00672857955681757,0.691660641462803,0.05102384075239247,SiC_10deg
current_baseline,1500.0,4000.0,1037,False,10.0,7.94,0.006726120637152839,0.6902003092228776,0.05129994026938542,SiC_10deg
current_baseline,1500.0,4000.0,1037,False,10.0,7.96,0.006707655339725355,0.6908248649768479,0.0511989836014524,SiC_10deg
current_baseline,1500.0,4000.0,1037,False,10.0,7.98,0.006674487828121146,0.6932924397851624,0.05076454434773954,SiC_10deg
current_baseline,1500.0,4000.0,1037,False,10.0,8.0,0.0066278918575316354,0.6973421557158637,0.05004363046777567,SiC_10deg
current_baseline,1500.0,4000.0,1037,False,15.0,3.0,0.005926004819694482,0.8220931339158389,0.03559457325604207,SiC_15deg
current_baseline,1500.0,4000.0,1037,False,15.0,3.02,0.0059587208949163,0.8302184513649822,0.034105767883955786,SiC_15deg
current_baseline,1500.0,4000.0,1037,False,15.0,3.04,0.005986577210865374,0.8394244555726522,0.032420682260316656,SiC_15deg
current_baseline,1500.0,4000.0,1037,False,15.0,3.06,0.006008293233670048,0.8497219948911094,0.030536533206406563,SiC_15deg
current_baseline,1500.0,4000.0,1037,False,15.0,3.08,0.0060227919617963045,0.8610926392978879,0.028455873759947604,SiC_15deg
current_baseline,1500.0,4000.0,1037,False,15.0,3.1,0.00602929651536218,0.8734754571392074,0.026189046360613116,SiC_15deg
current_baseline,1500.0,4000.0,1037,False,15.0,3.12,0.006027401385226537,0.8867574526651683,0.023755972996227698,SiC_15deg
current_baseline,1500.0,4000.0,1037,False,15.0,3.14,0.006017109638239308,0.9007703547195614,0.02118679218709976,SiC_15deg
current_baseline,1500.0,4000.0,1037,False,15.0,3.16,0.005998831644069089,0.9152955013730139,0.018521022626491194,SiC_15deg
current_baseline,1500.0,4000.0,1037,False,15.0,3.18,0.0059733461635077525,0.9300769546945424,0.015805223653665768,SiC_15deg
current_baseline,1500.0,4000.0,1037,False,15.0,3.2,0.0059417306327555,0.9448409787216974,0.013089484632810372,SiC_15deg
current_baseline,1500.0,4000.0,1037,False,15.0,3.22,0.0059052732013196284,0.9593181606154906,0.010423411979561812,SiC_15deg
current_baseline,1500.0,4000.0,1037,False,15.0,3.24,0.005865382745907243,0.9732634274071649,0.007852471537572887,SiC_15deg
current_baseline,1500.0,4000.0,1037,False,15.0,3.26,0.005823512737630148,0.9864695410939135,0.005415488159302714,SiC_15deg
current_baseline,1500.0,4000.0,1037,False,15.0,3.2800000000000002,0.005781109525130925,0.9987714190481826,0.003143788570105873,SiC_15deg
current_baseline,1500.0,4000.0,1037,False,15.0,3.3,0.00573958630277682,1.0100413155146988,0.0010619887495127356,SiC_15deg
current_baseline,1500.0,4000.0,1037,False,15.0,3.32,0.005700313711685334,1.0201775973541134,-0.0008100615448255224,SiC_15deg
current_baseline,1500.0,4000.0,1037,False,15.0,3.34,0.005664610502902426,1.0290916291398922,-0.0024549889711154133,SiC_15deg
current_baseline,1500.0,4000.0,1037,False,15.0,3.36,0.005633716130033626,1.0366975957867905,-0.003856132170760099,SiC_15deg
current_baseline,1500.0,4000.0,1037,False,15.0,3.38,0.00560873278892025,1.0429089113862382,-0.004996960843245872,SiC_15deg
current_baseline,1500.0,4000.0,1037,False,15.0,3.4,0.005590536145871548,1.0476426182830916,-0.005861929474190522,SiC_15deg
current_baseline,1500.0,4000.0,1037,False,15.0,3.42,0.005579668405747843,1.0508305555504838,-0.006438539964176147,SiC_15deg
current_baseline,1500.0,4000.0,1037,False,15.0,3.44,0.0055762395371990086,1.052433823330832,-0.006719978192093365,SiC_15deg
current_baseline,1500.0,4000.0,1037,False,15.0,3.46,0.005579867347332116,1.052455848363172,-0.006707468853841632,SiC_15deg
current_baseline,1500.0,4000.0,1037,False,15.0,3.48,0.005589681610859143,1.0509495706094891,-0.0064115346682680745,SiC_15deg
current_baseline,1500.0,4000.0,1037,False,15.0,3.5,0.00560440242048186,1.0480159146956738,-0.00585164857485872,SiC_15deg
current_baseline,1500.0,4000.0,1037,False,15.0,3.52,0.005622483316322507,1.0437933011154474,-0.005054242049882065,SiC_15deg
current_baseline,1500.0,4000.0,1037,False,15.0,3.54,0.0056422926604578405,1.0384406536170196,-0.004049525617725109,SiC_15deg
current_baseline,1500.0,4000.0,1037,False,15.0,3.56,0.005662297957785461,1.0321182769353818,-0.0028679258460364765,SiC_15deg
current_baseline,1500.0,4000.0,1037,False,15.0,3.58,0.005681219394150426,1.0249715047252776,-0.001537036366693325,SiC_15deg
current_baseline,1500.0,4000.0,1037,False,15.0,3.6,0.005698128795185909,1.0171210405686415,-7.979982249454518e-05,SiC_15deg
current_baseline,1500.0,4000.0,1037,False,15.0,3.62,0.005712484338910752,1.008661817789335,0.0014857460583199873,SiC_15deg
current_baseline,1500.0,4000.0,1037,False,15.0,3.64,0.005724105466239095,0.9996696848987644,0.0031452841077681997,SiC_15deg
current_baseline,1500.0,4000.0,1037,False,15.0,3.66,0.0057331034796487,0.9902130544588572,0.004886115183367015,SiC_15deg
current_baseline,1500.0,4000.0,1037,False,15.0,3.68,0.005739789581472519,0.9803654540130584,0.006694875082409033,SiC_15deg
current_baseline,1500.0,4000.0,1037,False,15.0,3.7,0.0057445829320321145,0.9702149876709104,0.008555795874408148,SiC_15deg
current_baseline,1500.0,4000.0,1037,False,15.0,3.7199999999999998,0.005747937035263928,0.9598679498769654,0.010450013538087114,SiC_15deg
current_baseline,1500.0,4000.0,1037,False,15.0,3.74,0.005750294768473191,0.9494457578861896,0.012356075708346657,SiC_15deg
current_baseline,1500.0,4000.0,1037,False,15.0,3.76,0.005752072953498477,0.9390763284333745,0.014251449186985187,SiC_15deg
current_baseline,1500.0,4000.0,1037,False,15.0,3.7800000000000002,0.005753669109268301,0.9288824252637577,0.016114573454655123,SiC_15deg
current_baseline,1500.0,4000.0,1037,False,15.0,3.8,0.0057554779651594916,0.9189700297527147,0.017926911104860107,SiC_15deg
current_baseline,1500.0,4000.0,1037,False,15.0,3.8200000000000003,0.005757904316165289,0.9094194547730511,0.01967450572653937,SiC_15deg
current_baseline,1500.0,4000.0,1037,False,15.0,3.84,0.005761361509601478,0.9002809956320218,0.021348724860183008,SiC_15deg
current_baseline,1500.0,4000.0,1037,False,15.0,3.86,0.005766250105138151,0.8915757385538428,0.022946077611930356,SiC_15deg
current_baseline,1500.0,4000.0,1037,False,15.0,3.88,0.005772917584893613,0.8833010247608533,0.024467199464623147,SiC_15deg
current_baseline,1500.0,4000.0,1037,False,15.0,3.9,0.005781605977510402,0.8754391911530257,0.025915255443492675,SiC_15deg
current_baseline,1500.0,4000.0,1037,False,15.0,3.92,0.005792398622296131,0.8679676801059215,0.027294108147385063,SiC_15deg
current_baseline,1500.0,4000.0,1037,False,15.0,3.94,0.005805179009130641,0.8608684760629983,0.02860662087364876,SiC_15deg
current_baseline,1500.0,4000.0,1037,False,15.0,3.96,0.005819613125067797,0.854135088124328,0.02985341761111176,SiC_15deg
current_baseline,1500.0,4000.0,1037,False,15.0,3.98,0.005835162210279379,0.8477759064730647,0.03103231015979776,SiC_15deg
current_baseline,1500.0,4000.0,1037,False,15.0,4.0,0.0058511263510913495,0.8418135990090367,0.03213844964178291,SiC_15deg
current_baseline,1500.0,4000.0,1037,False,15.0,4.02,0.005866712649653986,0.8362811023952897,0.033165098258491954,SiC_15deg
current_baseline,1500.0,4000.0,1037,False,15.0,4.04,0.005881116621322911,0.8312154926305126,0.03410478486293346,SiC_15deg
current_baseline,1500.0,4000.0,1037,False,15.0,4.0600000000000005,0.0058936032260670365,0.826651421321692,0.034950535980029306,SiC_15deg
current_baseline,1500.0,4000.0,1037,False,15.0,4.08,0.005903574837087276,0.8226157881759456,0.035696877733945635,SiC_15deg
current_baseline,1500.0,4000.0,1037,False,15.0,4.1,0.005910616896398332,0.819124909734574,0.03634037936437294,SiC_15deg
current_baseline,1500.0,4000.0,1037,False,15.0,4.12,0.00591451689596941,0.816184756752684,0.03687963402776889,SiC_15deg
current_baseline,1500.0,4000.0,1037,False,15.0,4.140000000000001,0.005915257459903106,0.8137940444552582,0.03731471536397426,SiC_15deg
current_baseline,1500.0,4000.0,1037,False,15.0,4.16,0.005912988686422216,0.8119492617475884,0.037646274554845795,SiC_15deg
current_baseline,1500.0,4000.0,1037,False,15.0,4.18,0.005907987827507767,0.8106502794660435,0.03787452327843546,SiC_15deg
current_baseline,1500.0,4000.0,1037,False,15.0,4.2,0.005900615431800348,0.809905081806876,0.037998365624974974,SiC_15deg
current_baseline,1500.0,4000.0,1037,False,15.0,4.22,0.005891276172340928,0.8097324284426497,0.038014895090523894,SiC_15deg
current_baseline,1500.0,4000.0,1037,False,15.0,4.24,0.0058803900128110214,0.8101617942910134,0.03791937611054113,SiC_15deg
current_baseline,1500.0,4000.0,1037,False,15.0,4.26,0.00586837578099886,0.8112305975077678,0.03770571042552038,SiC_15deg
current_baseline,1500.0,4000.0,1037,False,15.0,4.28,0.0058556454964299575,0.8129793408885478,0.03736727791077626,SiC_15deg
current_baseline,1500.0,4000.0,1037,False,15.0,4.3,0.005842604827707355,0.8154457161685476,0.0368979647651869,SiC_15deg
current_baseline,1500.0,4000.0,1037,False,15.0,4.32,0.005829653496338225,0.8186588810294477,0.03629316252245357,SiC_15deg
current_baseline,1500.0,4000.0,1037,False,15.0,4.34,0.005817179597709945,0.8226350144204383,0.0355505395383496,SiC_15deg
current_baseline,1500.0,4000.0,1037,False,15.0,4.36,0.005805543604039816,0.8273749393580287,0.034670443230541824,SiC_15deg
current_baseline,1500.0,4000.0,1037,False,15.0,4.38,0.005795050872564449,0.8328641497368113,0.033655872850321115,SiC_15deg
current_baseline,1500.0,4000.0,1037,False,15.0,4.4,0.005785915200932953,0.8390750681232655,0.032512054672835654,SiC_15deg
current_baseline,1500.0,4000.0,1037,False,15.0,4.42,0.005778219573346123,0.8459708722773692,0.03124574014205345,SiC_15deg
current_baseline,1500.0,4000.0,1037,False,15.0,4.4399999999999995,0.005771882848135685,0.8535098388756063,0.029864418108988947,SiC_15deg
current_baseline,1500.0,4000.0,1037,False,15.0,4.46,0.005766641929474241,0.8616489469046028,0.028375669582922147,SiC_15deg
current_baseline,1500.0,4000.0,1037,False,15.0,4.48,0.0057620574300197205,0.8703455354911581,0.026786883667097545,SiC_15deg
current_baseline,1500.0,4000.0,1037,False,15.0,4.5,0.00575754701958089,0.8795561625635759,0.025105489137697976,SiC_15deg
current_baseline,1500.0,4000.0,1037,False,15.0,4.52,0.005752445289519155,0.8892324398806432,0.023339741503747992,SiC_15deg
current_baseline,1500.0,4000.0,1037,False,15.0,4.54,0.005746083278064585,0.8993144257888732,0.021499958767543195,SiC_15deg
current_baseline,1500.0,4000.0,1037,False,15.0,4.5600000000000005,0.005737876164056281,0.9097229675149335,0.01959995176377361,SiC_15deg
current_baseline,1500.0,4000.0,1037,False,15.0,4.58,0.005727405128900039,0.9203529885177696,0.01765828518423789,SiC_15deg
current_baseline,1500.0,4000.0,1037,False,15.0,4.6,0.005714479566193773,0.9310699102866038,0.01569896991414119,SiC_15deg
current_baseline,1500.0,4000.0,1037,False,15.0,4.62,0.005699168710379153,0.9417110408930705,0.01375125159990733,SiC_15deg
current_baseline,1500.0,4000.0,1037,False,15.0,4.640000000000001,0.005681796962896337,0.9520928301060055,0.011848328914627976,SiC_15deg
current_baseline,1500.0,4000.0,1037,False,15.0,4.66,0.005662903947242553,0.9620235217923692,0.010025082851085861,SiC_15deg
current_baseline,1500.0,4000.0,1037,False,15.0,4.68,0.0056431774183497195,0.9713192465956972,0.008315168284160703,SiC_15deg
current_baseline,1500.0,4000.0,1037,False,15.0,4.7,0.005623372934829313,0.9798204377718022,0.006748030412130134,SiC_15deg
current_baseline,1500.0,4000.0,1037,False,15.0,4.72,0.0056042368734730355,0.9874050578188012,0.00534648225993161,SiC_15deg
current_baseline,1500.0,4000.0,1037,False,15.0,4.74,0.005586447661160845,0.9939957316134549,0.0041253715828372525,SiC_15deg
current_baseline,1500.0,4000.0,1037,False,15.0,4.76,0.005570584077278506,0.9995593859088472,0.0030915949903885164,SiC_15deg
current_baseline,1500.0,4000.0,1037,False,15.0,4.78,0.005557120841639199,1.004099941213431,0.0022453655526664235,SiC_15deg
current_baseline,1500.0,4000.0,1037,False,15.0,4.8,0.005546443293612234,1.0076463609239759,0.0015823213385097567,SiC_15deg
current_baseline,1500.0,4000.0,1037,False,15.0,4.82,0.00553886763264507,1.0102393877718177,0.0010958755361882623,SiC_15deg
current_baseline,1500.0,4000.0,1037,False,15.0,4.84,0.005534652632152634,1.0119203287556489,0.0007792018353591366,SiC_15deg
current_baseline,1500.0,4000.0,1037,False,15.0,4.86,0.00553399297520862,1.012724365508022,0.0006264079768002859,SiC_15deg
current_baseline,1500.0,4000.0,1037,False,15.0,4.88,0.005536991901180104,1.0126793988846496,0.0006327160729953114,SiC_15deg
current_baseline,1500.0,4000.0,1037,False,15.0,4.9,0.005543619306891349,1.0118098242896698,0.0007937606423514546,SiC_15deg
current_baseline,1500.0,4000.0,1037,False,15.0,4.92,0.005553668220649777,1.010143300497208,0.0011043572226396338,SiC_15deg
current_baseline,1500.0,4000.0,1037,False,15.0,4.9399999999999995,0.005566725521946679,1.0077178424722766,0.0015572268633942405,SiC_15deg
current_baseline,1500.0,4000.0,1037,False,15.0,4.96,0.005582170833242215,1.0045866066814417,0.0021421538485455753,SiC_15deg
current_baseline,1500.0,4000.0,1037,False,15.0,4.98,0.005599211081840171,1.000818521055344,0.002845910224590412,SiC_15deg
current_baseline,1500.0,4000.0,1037,False,15.0,5.0,0.005616949235619893,0.9964942142728164,0.0036530427134737215,SiC_15deg
current_baseline,1500.0,4000.0,1037,False,15.0,5.02,0.005634476945361246,0.9916981395878368,0.004547355039597864,SiC_15deg
current_baseline,1500.0,4000.0,1037,False,15.0,5.04,0.005650974887436449,0.9865089425939818,0.005513709008887458,SiC_15deg
current_baseline,1500.0,4000.0,1037,False,15.0,5.0600000000000005,0.005665802972259576,0.9809906581305723,0.006539671107194451,SiC_15deg
current_baseline,1500.0,4000.0,1037,False,15.0,5.08,0.005678565256810316,0.975187103021173,0.007616572254658615,SiC_15deg
current_baseline,1500.0,4000.0,1037,False,15.0,5.1,0.005689140192327826,0.9691209486170117,0.008739709784795916,SiC_15deg
current_baseline,1500.0,4000.0,1037,False,15.0,5.12,0.005697674049208262,0.9627976823743537,0.009907652899850218,SiC_15deg
current_baseline,1500.0,4000.0,1037,False,15.0,5.140000000000001,0.005704542327784713,0.9562133666599878,0.011120849293140375,SiC_15deg
current_baseline,1500.0,4000.0,1037,False,15.0,5.16,0.005710289334553939,0.9493641342057584,0.012379906447131573,SiC_15deg
current_baseline,1500.0,4000.0,1037,False,15.0,5.18,0.005715558918850547,0.942254981442208,0.013683989789753635,SiC_15deg
current_baseline,1500.0,4000.0,1037,False,15.0,5.2,0.005721029142419321,0.9349057205649424,0.01502972589133743,SiC_15deg
current_baseline,1500.0,4000.0,1037,False,15.0,5.220000000000001,0.005727360543125995,0.9273528163811522,0.01641084265697194,SiC_15deg
current_baseline,1500.0,4000.0,1037,False,15.0,5.24,0.005735162530353123,0.9196469872149671,0.017818570202377235,SiC_15deg
current_baseline,1500.0,4000.0,1037,False,15.0,5.26,0.005744976768951796,0.9118475428583139,0.019242628550014927,SiC_15deg
current_baseline,1500.0,4000.0,1037,False,15.0,5.28,0.005757271779065852,0.9040151697848716,0.020672495050758265,SiC_15deg
current_baseline,1500.0,4000.0,1037,False,15.0,5.300000000000001,0.005772440631626263,0.8962051000227019,0.02209860345887301,SiC_15deg
current_baseline,1500.0,4000.0,1037,False,15.0,5.32,0.0057907940349897265,0.8884623278121747,0.023513175648104918,SiC_15deg
current_baseline,1500.0,4000.0,1037,False,15.0,5.34,0.005812543952364237,0.8808199067996784,0.024910500947854314,SiC_15deg
current_baseline,1500.0,4000.0,1037,False,15.0,5.359999999999999,0.0058377772097356435,0.8733005651482321,0.02628662176417197,SiC_15deg
current_baseline,1500.0,4000.0,1037,False,15.0,5.38,0.005866423091625757,0.8659211055082129,0.027638523327887764,SiC_15deg
current_baseline,1500.0,4000.0,1037,False,15.0,5.4,0.0058982224200618254,0.8586984606285081,0.02896303296521784,SiC_15deg
current_baseline,1500.0,4000.0,1037,False,15.0,5.42,0.00593270708559444,0.8516559535996329,0.030255691994849395,SiC_15deg
current_baseline,1500.0,4000.0,1037,False,15.0,5.4399999999999995,0.005969197974424041,0.8448283130257772,0.03150986236210012,SiC_15deg
current_baseline,1500.0,4000.0,1037,False,15.0,5.46,0.00600682591737733,0.8382643097775909,0.03271627195790415,SiC_15deg
current_baseline,1500.0,4000.0,1037,False,15.0,5.48,0.006044575555270542,0.8320264426499732,0.033863100227208814,SiC_15deg
current_baseline,1500.0,4000.0,1037,False,15.0,5.5,0.0060813471842181685,0.8261877771074374,0.0349365825676592,SiC_15deg
current_baseline,1500.0,4000.0,1037,False,15.0,5.52,0.0061160280250578975,0.8208266742081455,0.03592199730701604,SiC_15deg
current_baseline,1500.0,4000.0,1037,False,15.0,5.54,0.006147562819974822,0.8160205855321492,0.036804819941993416,SiC_15deg
current_baseline,1500.0,4000.0,1037,False,15.0,5.5600000000000005,0.0061750143746599935,0.8118402368553519,0.03757180336159898,SiC_15deg
current_baseline,1500.0,4000.0,1037,False,15.0,5.58,0.00619760717555927,0.8083453587738483,0.0382117732850742,SiC_15deg
current_baseline,1500.0,4000.0,1037,False,15.0,5.6,0.0062147506935289485,0.8055827042482641,0.03871600443699524,SiC_15deg
current_baseline,1500.0,4000.0,1037,False,15.0,5.62,0.006226042572225368,0.8035865338567713,0.03907814452643239,SiC_15deg
current_baseline,1500.0,4000.0,1037,False,15.0,5.640000000000001,0.006231254913437818,0.8023811848830532,0.03929375539247079,SiC_15deg
current_baseline,1500.0,4000.0,1037,False,15.0,5.66,0.006230308899117392,0.801984896934302,0.03935962092291431,SiC_15deg
current_baseline,1500.0,4000.0,1037,False,15.0,5.68,0.0062232438572402725,0.8024138370438432,0.03927301297888292,SiC_15deg
current_baseline,1500.0,4000.0,1037,False,15.0,5.7,0.0062101865981509016,0.8036852914603064,0.039031102383713455,SiC_15deg
current_baseline,1500.0,4000.0,1037,False,15.0,5.720000000000001,0.006191325584171163,0.8058192496962507,0.03863065565704135,SiC_15deg
current_baseline,1500.0,4000.0,1037,False,15.0,5.74,0.006166892547282586,0.8088380245561714,0.038068082946340745,SiC_15deg
current_baseline,1500.0,4000.0,1037,False,15.0,5.76,0.006137151940311763,0.8127640216651945,0.03733981794564783,SiC_15deg
current_baseline,1500.0,4000.0,1037,False,15.0,5.78,0.006102396538612726,0.8176161820953546,0.03644293653264427,SiC_15deg
current_baseline,1500.0,4000.0,1037,False,15.0,5.800000000000001,0.006062946000014774,0.8234058865488885,0.035375872841703494,SiC_15deg
current_baseline,1500.0,4000.0,1037,False,15.0,5.82,0.006019144524268603,0.8301331864015747,0.03413907733760773,SiC_15deg
current_baseline,1500.0,4000.0,1037,False,15.0,5.84,0.005971354063938753,0.8377841160328859,0.032735481238484826,SiC_15deg
current_baseline,1500.0,4000.0,1037,False,15.0,5.859999999999999,0.005919940810126137,0.8463295747042795,0.03117067961673304,SiC_15deg
current_baseline,1500.0,4000.0,1037,False,15.0,5.88,0.0058652547452270574,0.8557258966123806,0.02945281237563224,SiC_15deg
current_baseline,1500.0,4000.0,1037,False,15.0,5.9,0.0058076046024154865,0.8659168186101471,0.027592196463091263,SiC_15deg
current_baseline,1500.0,4000.0,1037,False,15.0,5.92,0.0057472331129943405,0.8768361810560434,0.025600830545863547,SiC_15deg
current_baseline,1500.0,4000.0,1037,False,15.0,5.9399999999999995,0.005684299336348873,0.8884104414024606,0.023491939755761533,SiC_15deg
current_baseline,1500.0,4000.0,1037,False,15.0,5.96,0.005618875504478774,0.9005600234217515,0.021279738263695377,SiC_15deg
current_baseline,1500.0,4000.0,1037,False,15.0,5.98,0.005550964691752737,0.9131987242031397,0.01897955100130131,SiC_15deg
current_baseline,1500.0,4000.0,1037,False,15.0,6.0,0.005480542634373062,0.9262308612682477,0.016608351954447563,SiC_15deg
current_baseline,1500.0,4000.0,1037,False,15.0,6.02,0.005407622562401227,0.9395464959340922,0.01418565739874272,SiC_15deg
current_baseline,1500.0,4000.0,1037,False,15.0,6.04,0.005332336805151297,0.9530157755413468,0.011734583848156331,SiC_15deg
current_baseline,1500.0,4000.0,1037,False,15.0,6.0600000000000005,0.0052550242627431056,0.9664840062219522,0.009282776847318486,SiC_15deg
current_baseline,1500.0,4000.0,1037,False,15.0,6.08,0.005176309656705665,0.979769305320023,0.006862873241190098,SiC_15deg
current_baseline,1500.0,4000.0,1037,False,15.0,6.1,0.005097159614300928,0.9926644462792565,0.004512201940538938,SiC_15deg
current_baseline,1500.0,4000.0,1037,False,15.0,6.12,0.005018902605963101,1.0049437638063685,0.0022715628381693204,SiC_15deg
current_baseline,1500.0,4000.0,1037,False,15.0,6.140000000000001,0.004943204617037926,1.0163748459413802,0.00018313015817972766,SiC_15deg
current_baseline,1500.0,4000.0,1037,False,15.0,6.16,0.0048719996831183285,1.026733468733783,-0.0017122429363056607,SiC_15deg
current_baseline,1500.0,4000.0,1037,False,15.0,6.18,0.004807382778957156,1.035819199722472,-0.0033778542791508175,SiC_15deg
current_baseline,1500.0,4000.0,1037,False,15.0,6.2,0.004751479997965033,1.043468672324663,-0.004783574725179394,SiC_15deg
current_baseline,1500.0,4000.0,1037,False,15.0,6.220000000000001,0.004706315161568161,1.0495639252162237,-0.005907389067263964,SiC_15deg
current_baseline,1500.0,4000.0,1037,False,15.0,6.24,0.00467369123643265,1.0540343528747937,-0.006735789718771702,SiC_15deg
current_baseline,1500.0,4000.0,1037,False,15.0,6.26,0.004655099122414665,1.0568523937403507,-0.007263042209291254,SiC_15deg
current_baseline,1500.0,4000.0,1037,False,15.0,6.28,0.004651657497690751,1.0580246000301643,-0.007489616130671347,SiC_15deg
current_baseline,1500.0,4000.0,1037,False,15.0,6.300000000000001,0.00466407893693934,1.0575807288124441,-0.007420255892314329,SiC_15deg
current_baseline,1500.0,4000.0,1037,False,15.0,6.32,0.0046926528534943475,1.0555637066737775,-0.00706220492671062,SiC_15deg
current_baseline,1500.0,4000.0,1037,False,15.0,6.34,0.004737236618958888,1.0520227551560208,-0.006423995337509213,SiC_15deg
current_baseline,1500.0,4000.0,1037,False,15.0,6.359999999999999,0.004797251576944863,1.0470108496543105,-0.005515013563294734,SiC_15deg
current_baseline,1500.0,4000.0,1037,False,15.0,6.38,0.004871687597397599,1.0405863682093799,-0.004345814408939462,SiC_15deg
current_baseline,1500.0,4000.0,1037,False,15.0,6.4,0.004959124729469084,1.0328176258858048,-0.0029289457278197767,SiC_15deg
current_baseline,1500.0,4000.0,1037,False,15.0,6.42,0.005057780921519915,1.0237882698986043,-0.0012799159999833123,SiC_15deg
current_baseline,1500.0,4000.0,1037,False,15.0,6.4399999999999995,0.005165590358074424,1.0136013891066302,0.0005820840030458817,SiC_15deg
current_baseline,1500.0,4000.0,1037,False,15.0,6.46,0.005280309509501216,1.002380671600331,0.0026340059166296524,SiC_15deg
current_baseline,1500.0,4000.0,1037,False,15.0,6.48,0.0053996404315372806,0.9902678698594527,0.004849446089538292,SiC_15deg
current_baseline,1500.0,4000.0,1037,False,15.0,6.5,0.005521355899522829,0.9774169269266885,0.007199757383056845,SiC_15deg
current_baseline,1500.0,4000.0,1037,False,15.0,6.52,0.0056434100687725005,0.9639860594943348,0.009655531119464059,SiC_15deg
current_baseline,1500.0,4000.0,1037,False,15.0,6.54,0.005764021399424852,0.9501296218213424,0.012188114501226912,SiC_15deg
current_baseline,1500.0,4000.0,1037,False,15.0,6.5600000000000005,0.0058817202609971544,0.9359915626625428,0.014770831931379402,SiC_15deg
current_baseline,1500.0,4000.0,1037,False,15.0,6.58,0.005995360152893501,0.9217017780950173,0.01737967223090383,SiC_15deg
current_baseline,1500.0,4000.0,1037,False,15.0,6.6,0.006104097237746661,0.9073758379706237,0.019993354483077402,SiC_15deg
current_baseline,1500.0,4000.0,1037,False,15.0,6.62,0.006207346831217773,0.8931176764804734,0.02259284691907379,SiC_15deg
current_baseline,1500.0,4000.0,1037,False,15.0,6.640000000000001,0.006304727195639281,0.8790241355662025,0.025160540984776446,SiC_15deg
current_baseline,1500.0,4000.0,1037,False,15.0,6.66,0.00639600053928682,0.86518990893821,0.027679344833689844,SiC_15deg
current_baseline,1500.0,4000.0,1037,False,15.0,6.68,0.006481018994652712,0.8517115161557872,0.030131945905445837,SiC_15deg
current_baseline,1500.0,4000.0,1037,False,15.0,6.7,0.006559680236563552,0.8386893796776129,0.032500412106130534,SiC_15deg
current_baseline,1500.0,4000.0,1037,False,15.0,6.720000000000001,0.006631894095339543,0.8262277242551044,0.03476618417331312,SiC_15deg
current_baseline,1500.0,4000.0,1037,False,15.0,6.74,0.00669755874792321,0.8144326650157544,0.03691039471070732,SiC_15deg
current_baseline,1500.0,4000.0,1037,False,15.0,6.76,0.006756543338113906,0.8034093176906208,0.038914364722863116,SiC_15deg
current_baseline,1500.0,4000.0,1037,False,15.0,6.78,0.00680867337343413,0.7932589461723484,0.04076009535751921,SiC_15deg
current_baseline,1500.0,4000.0,1037,False,15.0,6.800000000000001,0.006853715837564897,0.7840770483418087,0.04243059292970308,SiC_15deg
current_baseline,1500.0,4000.0,1037,False,15.0,6.82,0.006891362282943715,0.77595293968781,0.043909926765471056,SiC_15deg
current_baseline,1500.0,4000.0,1037,False,15.0,6.84,0.006921209777927208,0.7689709370678418,0.04518300185381082,SiC_15deg
current_baseline,1500.0,4000.0,1037,False,15.0,6.859999999999999,0.006942741061408694,0.7632127881194092,0.04623511073454726,SiC_15deg
current_baseline,1500.0,4000.0,1037,False,15.0,6.88,0.006955306300413048,0.758760630968996,0.04705139414500295,SiC_15deg
current_baseline,1500.0,4000.0,1037,False,15.0,6.9,0.006958109289541172,0.7556995686936033,0.04761637595089483,SiC_15deg
current_baseline,1500.0,4000.0,1037,False,15.0,6.92,0.006950200755483301,0.7541189352262699,0.047913739029821344,SiC_15deg
current_baseline,1500.0,4000.0,1037,False,15.0,6.9399999999999995,0.006930480746602437,0.7541115127780299,0.047926475315788,SiC_15deg
current_baseline,1500.0,4000.0,1037,False,15.0,6.96,0.006897711109273154,0.7557703012104914,0.04763748140363305,SiC_15deg
current_baseline,1500.0,4000.0,1037,False,15.0,6.98,0.006850538037605909,0.7591828737292158,0.04703059251604729,SiC_15deg
current_baseline,1500.0,4000.0,1037,False,15.0,7.0,0.006787523860451631,0.764423798791749,0.04609196715061365,SiC_15deg
current_baseline,1500.0,4000.0,1037,False,15.0,7.0200000000000005,0.006707186728817065,0.7715459816857976,0.044811667460505494,SiC_15deg
current_baseline,1500.0,4000.0,1037,False,15.0,7.04,0.006608046687873055,0.7805720134332935,0.04318523848276918,SiC_15deg
current_baseline,1500.0,4000.0,1037,False,15.0,7.0600000000000005,0.006488676661442311,0.7914866698654238,0.041215079730501085,SiC_15deg
current_baseline,1500.0,4000.0,1037,False,15.0,7.08,0.006347757027825063,0.8042315706205101,0.03891142692130515,SiC_15deg
current_baseline,1500.0,4000.0,1037,False,15.0,7.1,0.006184132688743494,0.8187027042479887,0.03629281639119492,SiC_15deg
current_baseline,1500.0,4000.0,1037,False,15.0,7.12,0.005996871935061349,0.8347510930090499,0.03338598253439724,SiC_15deg
current_baseline,1500.0,4000.0,1037,False,15.0,7.14,0.005785327241680988,0.8521863737765389,0.030225227871505382,SiC_15deg
current_baseline,1500.0,4000.0,1037,False,15.0,7.16,0.005549199711377915,0.8707825958988658,0.026851390680373136,SiC_15deg
current_baseline,1500.0,4000.0,1037,False,15.0,7.18,0.005288611585878402,0.8902851822622835,0.023310598795748507,SiC_15deg
current_baseline,1500.0,4000.0,1037,False,15.0,7.2,0.005004195436998064,0.9104178574104773,0.019653023840371917,SiC_15deg
current_baseline,1500.0,4000.0,1037,False,15.0,7.22,0.004697214934079049,0.9308884708065313,0.01593182801510562,SiC_15deg
current_baseline,1500.0,4000.0,1037,False,15.0,7.24,0.004369741677665477,0.9513930264587493,0.012202426963384413,SiC_15deg
current_baseline,1500.0,4000.0,1037,False,15.0,7.26,0.0040249280453372146,0.9716177950060872,0.00852209092800071,SiC_15deg
current_baseline,1500.0,4000.0,1037,False,15.0,7.28,0.003667442003457982,0.9912400004230075,0.004949795866314478,SiC_15deg
current_baseline,1500.0,4000.0,1037,False,15.0,7.3,0.0033041728079105477,1.0099280908278263,0.0015461433743745284,SiC_15deg
current_baseline,1500.0,4000.0,1037,False,15.0,7.32,0.002945376264735348,1.0273428907874673,-0.0016268832123050739,SiC_15deg
current_baseline,1500.0,4000.0,1037,False,15.0,7.34,0.0026064543471936443,1.0431409104835394,-0.004506554729282552,SiC_15deg
current_baseline,1500.0,4000.0,1037,False,15.0,7.36,0.0023102929854968346,1.056980742438966,-0.0070305895827113595,SiC_15deg
current_baseline,1500.0,4000.0,1037,False,15.0,7.38,0.0020886873372844513,1.0685328693910348,-0.009138960035054029,SiC_15deg
current_baseline,1500.0,4000.0,1037,False,15.0,7.4,0.001978020470265392,1.0774924642072252,-0.010776232363433589,SiC_15deg
current_baseline,1500.0,4000.0,1037,False,15.0,7.42,0.0020038435537301077,1.0835940582564825,-0.011894234723065179,SiC_15deg
current_baseline,1500.0,4000.0,1037,False,15.0,7.44,0.0021636570550467313,1.0866264717294298,-0.012454759961804082,SiC_15deg
current_baseline,1500.0,4000.0,1037,False,15.0,7.46,0.00242936864253072,1.086446277751818,-0.01243198992694963,SiC_15deg
current_baseline,1500.0,4000.0,1037,False,15.0,7.48,0.0027656052239703756,1.0829883528749709,-0.011814380294773113,SiC_15deg
current_baseline,1500.0,4000.0,1037,False,15.0,7.5,0.003142516714345886,1.0762726607238775,-0.010605854253754701,SiC_15deg
current_baseline,1500.0,4000.0,1037,False,15.0,7.5200000000000005,0.00353840219783777,1.066407119966694,-0.008826282320631706,SiC_15deg
current_baseline,1500.0,4000.0,1037,False,15.0,7.54,0.003938089368232093,1.0535869729515042,-0.006511328683047523,SiC_15deg
current_baseline,1500.0,4000.0,1037,False,15.0,7.5600000000000005,0.004330907479384486,1.0380913005951242,-0.00371178592746433,SiC_15deg
current_baseline,1500.0,4000.0,1037,False,15.0,7.58,0.004709228249401714,1.0202771655924114,-0.0004924895276321398,SiC_15deg
current_baseline,1500.0,4000.0,1037,False,15.0,7.6000000000000005,0.005067547519823699,1.0005714268070953,0.003069177606851174,SiC_15deg
current_baseline,1500.0,4000.0,1037,False,15.0,7.62,0.0054019223469768726,0.9794598035898429,0.006885266198039857,SiC_15deg
current_baseline,1500.0,4000.0,1037,False,15.0,7.64,0.005709618614754101,0.957472561058208,0.010859842545030697,SiC_15deg
current_baseline,1500.0,4000.0,1037,False,15.0,7.66,0.005988878427322463,0.9351664219760594,0.01489224577192697,SiC_15deg
current_baseline,1500.0,4000.0,1037,False,15.0,7.68,0.006238753422760392,0.9131029850270954,0.018880973716002235,SiC_15deg
current_baseline,1500.0,4000.0,1037,False,15.0,7.7,0.006458972485240386,0.8918248385705504,0.022727986264015645,SiC_15deg
current_baseline,1500.0,4000.0,1037,False,15.0,7.72,0.006649826152198162,0.8718313785338585,0.026343065784686415,SiC_15deg
current_baseline,1500.0,4000.0,1037,False,15.0,7.74,0.00681205914179597,0.8535567645742864,0.02964779584302702,SiC_15deg
current_baseline,1500.0,4000.0,1037,False,15.0,7.76,0.006946768574554504,0.8373523264762964,0.03257873981815961,SiC_15deg
current_baseline,1500.0,4000.0,1037,False,15.0,7.78,0.007055309197484349,0.8234751132221699,0.03508951173097724,SiC_15deg
current_baseline,1500.0,4000.0,1037,False,15.0,7.8,0.0071392084928580115,0.8120833688650647,0.037151595120307135,SiC_15deg
current_baseline,1500.0,4000.0,1037,False,15.0,7.82,0.007200094368438512,0.8032387807442144,0.03875393555645755,SiC_15deg
current_baseline,1500.0,4000.0,1037,False,15.0,7.84,0.007239636831074035,0.79691457899573,0.03990147168234197,SiC_15deg
current_baseline,1500.0,4000.0,1037,False,15.0,7.86,0.007259503401814878,0.7930080651628036,0.04061286139727677,SiC_15deg
current_baseline,1500.0,4000.0,1037,False,15.0,7.88,0.007261326695208355,0.7913559081740464,0.040917704339954966,SiC_15deg
current_baseline,1500.0,4000.0,1037,False,15.0,7.9,0.007246681942655476,0.7917505169811043,0.04085356812314049,SiC_15deg
current_baseline,1500.0,4000.0,1037,False,15.0,7.92,0.007217072337280905,0.7939559322336369,0.04046310235637218,SiC_15deg
current_baseline,1500.0,4000.0,1037,False,15.0,7.94,0.007173920671904317,0.7977219505568771,0.03979147556335255,SiC_15deg
current_baseline,1500.0,4000.0,1037,False,15.0,7.96,0.007118566426767972,0.8027955939498269,0.03888429752178446,SiC_15deg
current_baseline,1500.0,4000.0,1037,False,15.0,7.98,0.007052267843493348,0.8089295381464093,0.03778609804378078,SiC_15deg
current_baseline,1500.0,4000.0,1037,False,15.0,8.0,0.006976208369591225,0.8158876539394309,0.036539334485138616,SiC_15deg
higher_only,1800.0,4000.0,1141,False,10.0,3.0,0.0042578383227717025,0.7420357505721199,0.04270762921318419,SiC_10deg
higher_only,1800.0,4000.0,1141,False,10.0,3.02,0.004226088339062837,0.7399939960885509,0.04312817605885269,SiC_10deg
higher_only,1800.0,4000.0,1141,False,10.0,3.04,0.004195700070472853,0.7375535152527989,0.043620616925464546,SiC_10deg
higher_only,1800.0,4000.0,1141,False,10.0,3.06,0.004166775005564956,0.7346616916173546,0.04419323488474494,SiC_10deg
higher_only,1800.0,4000.0,1141,False,10.0,3.08,0.004139531823660633,0.731250342068828,0.04485729884257796,SiC_10deg
higher_only,1800.0,4000.0,1141,False,10.0,3.1,0.004114338260293945,0.727238556839739,0.04562660356478011,SiC_10deg
higher_only,1800.0,4000.0,1141,False,10.0,3.12,0.004091698869567,0.7225468967901003,0.0465149187143437,SiC_10deg
higher_only,1800.0,4000.0,1141,False,10.0,3.14,0.00407220138898499,0.71711912491071,0.0475320461641767,SiC_10deg
higher_only,1800.0,4000.0,1141,False,10.0,3.16,0.004056436227130856,0.7109449778587509,0.04867967142214101,SiC_10deg
higher_only,1800.0,4000.0,1141,False,10.0,3.18,0.004044911486813505,0.7040768791821922,0.049948304148810796,SiC_10deg
higher_only,1800.0,4000.0,1141,False,10.0,3.2,0.004037986872650827,0.6966352421662901,0.05131628426283494,SiC_10deg
higher_only,1800.0,4000.0,1141,False,10.0,3.22,0.004035843043218782,0.6888004907496714,0.052751196801793514,SiC_10deg
higher_only,1800.0,4000.0,1141,False,10.0,3.24,0.004038490901953962,0.6807938083515875,0.05421333294360652,SiC_10deg
higher_only,1800.0,4000.0,1141,False,10.0,3.26,0.004045812750291207,0.6728514791263696,0.055660315483020105,SiC_10deg
higher_only,1800.0,4000.0,1141,False,10.0,3.2800000000000002,0.004057618802838058,0.6651986829461592,0.05705182530439861,SiC_10deg
higher_only,1800.0,4000.0,1141,False,10.0,3.3,0.004073700542853667,0.6580278085784516,0.058353509279369754,SiC_10deg
higher_only,1800.0,4000.0,1141,False,10.0,3.32,0.004093866075480724,0.6514844830380889,0.05953948825690314,SiC_10deg
higher_only,1800.0,4000.0,1141,False,10.0,3.34,0.004117949526608945,0.6456624470895248,0.06059325903277027,SiC_10deg
higher_only,1800.0,4000.0,1141,False,10.0,3.36,0.004145794024054713,0.6406067299851775,0.06150708897716899,SiC_10deg
higher_only,1800.0,4000.0,1141,False,10.0,3.38,0.0041772141422000515,0.6363234801396012,0.06228020200405576,SiC_10deg
higher_only,1800.0,4000.0,1141,False,10.0,3.4,0.004211948070820252,0.6327941964392193,0.06291616705438724,SiC_10deg
higher_only,1800.0,4000.0,1141,False,10.0,3.42,0.004249611854503207,0.6299917986756163,0.06341995729399223,SiC_10deg
higher_only,1800.0,4000.0,1141,False,10.0,3.44,0.004289667666393895,0.6278958675981471,0.06379516884300472,SiC_10deg
higher_only,1800.0,4000.0,1141,False,10.0,3.46,0.004331415231596434,0.6265044867615488,0.06404186952876076,SiC_10deg
higher_only,1800.0,4000.0,1141,False,10.0,3.48,0.00437401064326714,0.6258405135629841,0.06415547542761756,SiC_10deg
higher_only,1800.0,4000.0,1141,False,10.0,3.5,0.004416510970607143,0.6259508601756074,0.06412691423476598,SiC_10deg
higher_only,1800.0,4000.0,1141,False,10.0,3.52,0.004457937718608038,0.6268984465717697,0.06394413567584226,SiC_10deg
higher_only,1800.0,4000.0,1141,False,10.0,3.54,0.0044973487328212975,0.6287477595346982,0.06359479591295147,SiC_10deg
higher_only,1800.0,4000.0,1141,False,10.0,3.56,0.0045339072384130135,0.6315462167817312,0.06306971137222792,SiC_10deg
higher_only,1800.0,4000.0,1141,False,10.0,3.58,0.004566938134769407,0.6353046036240007,0.06236648228803489,SiC_10deg
higher_only,1800.0,4000.0,1141,False,10.0,3.6,0.004595964543065306,0.6399805555920475,0.061492557295164334,SiC_10deg
higher_only,1800.0,4000.0,1141,False,10.0,3.62,0.004620720934663177,0.6454692164841103,0.06046698143891222,SiC_10deg
higher_only,1800.0,4000.0,1141,False,10.0,3.64,0.004641142377444077,0.6516045442657766,0.05932018899887578,SiC_10deg
higher_only,1800.0,4000.0,1141,False,10.0,3.66,0.004657332493779449,0.6581729887878134,0.058091520969691814,SiC_10deg
higher_only,1800.0,4000.0,1141,False,10.0,3.68,0.004669515799798749,0.6649383834235909,0.05682467370844272,SiC_10deg
higher_only,1800.0,4000.0,1141,False,10.0,3.7,0.004677982987529679,0.6716734170543284,0.055561922623645184,SiC_10deg
higher_only,1800.0,4000.0,1141,False,10.0,3.7199999999999998,0.004683039507065465,0.6781902243189815,0.05433848617573156,SiC_10deg
higher_only,1800.0,4000.0,1141,False,10.0,3.74,0.0046849672302058925,0.6843619559378771,0.05317852433345378,SiC_10deg
higher_only,1800.0,4000.0,1141,False,10.0,3.76,0.004684005353486581,0.6901295086214967,0.05209384562126849,SiC_10deg
higher_only,1800.0,4000.0,1141,False,10.0,3.7800000000000002,0.004680350795155436,0.6954923073278912,0.051085535170855484,SiC_10deg
higher_only,1800.0,4000.0,1141,False,10.0,3.8,0.004674172262749452,0.700487225489195,0.05014776278113638,SiC_10deg
higher_only,1800.0,4000.0,1141,False,10.0,3.8200000000000003,0.0046656282417066285,0.7051632341594636,0.049272383169262954,SiC_10deg
higher_only,1800.0,4000.0,1141,False,10.0,3.84,0.004654878690694696,0.7095599654391094,0.04845282718193883,SiC_10deg
higher_only,1800.0,4000.0,1141,False,10.0,3.86,0.004642083090817481,0.7136962192485111,0.047686175803899646,SiC_10deg
higher_only,1800.0,4000.0,1141,False,10.0,3.88,0.004627382550297117,0.7175706490760159,0.046973005166230326,SiC_10deg
higher_only,1800.0,4000.0,1141,False,10.0,3.9,0.004610869445518747,0.7211727803748248,0.04631534228681843,SiC_10deg
higher_only,1800.0,4000.0,1141,False,10.0,3.92,0.004592553121372589,0.7244992781690829,0.04571366810056976,SiC_10deg
higher_only,1800.0,4000.0,1141,False,10.0,3.94,0.004572333110635203,0.7275687874661081,0.04516419774442465,SiC_10deg
higher_only,1800.0,4000.0,1141,False,10.0,3.96,0.004549991114331243,0.7304291395877056,0.04465758020975933,SiC_10deg
higher_only,1800.0,4000.0,1141,False,10.0,3.98,0.004525209362663913,0.7331531512016839,0.04417970890207364,SiC_10deg
higher_only,1800.0,4000.0,1141,False,10.0,4.0,0.004497616864794836,0.7358229260145694,0.04371465434579093,SiC_10deg
higher_only,1800.0,4000.0,1141,False,10.0,4.02,0.004466858305393511,0.7385063311642978,0.043249037240352256,SiC_10deg
higher_only,1800.0,4000.0,1141,False,10.0,4.04,0.0044326749027755385,0.7412319730674446,0.04277667363092397,SiC_10deg
higher_only,1800.0,4000.0,1141,False,10.0,4.0600000000000005,0.004394983594326594,0.7439697921123952,0.04230218114611602,SiC_10deg
higher_only,1800.0,4000.0,1141,False,10.0,4.08,0.004353940658313863,0.746623210169339,0.04184245677013389,SiC_10deg
higher_only,1800.0,4000.0,1141,False,10.0,4.1,0.004309977987858385,0.7490359844267658,0.04142544976743058,SiC_10deg
higher_only,1800.0,4000.0,1141,False,10.0,4.12,0.004263804422873744,0.7510132234304471,0.04108633244467535,SiC_10deg
higher_only,1800.0,4000.0,1141,False,10.0,4.140000000000001,0.004216370645062421,0.7523522652269788,0.04086185879401509,SiC_10deg
higher_only,1800.0,4000.0,1141,False,10.0,4.16,0.004168803526847857,0.752876296352049,0.04078421568025222,SiC_10deg
higher_only,1800.0,4000.0,1141,False,10.0,4.18,0.004122322845419126,0.7524626483145107,0.04087584165013245,SiC_10deg
higher_only,1800.0,4000.0,1141,False,10.0,4.2,0.004078157430078361,0.751059138503894,0.041146425606910966,SiC_10deg
higher_only,1800.0,4000.0,1141,False,10.0,4.22,0.0040374769512006295,0.7486852737096589,0.04159266634092428,SiC_10deg
higher_only,1800.0,4000.0,1141,False,10.0,4.24,0.00400134935965588,0.7454194061899535,0.042200593609175246,SiC_10deg
higher_only,1800.0,4000.0,1141,False,10.0,4.26,0.003970724547215277,0.7413764992875826,0.04294960038469663,SiC_10deg
higher_only,1800.0,4000.0,1141,False,10.0,4.28,0.003946435745737132,0.7366829156952183,0.04381701571274229,SiC_10deg
higher_only,1800.0,4000.0,1141,False,10.0,4.3,0.003929204873051366,0.7314543526038241,0.044782100831523,SiC_10deg
higher_only,1800.0,4000.0,1141,False,10.0,4.32,0.003919638110684231,0.7257812611601725,0.045828677934842195,SiC_10deg
higher_only,1800.0,4000.0,1141,False,10.0,4.34,0.003918203049133606,0.7197236724795647,0.04694604247383098,SiC_10deg
higher_only,1800.0,4000.0,1141,False,10.0,4.36,0.003925186844308847,0.7133150519414645,0.04812823056149554,SiC_10deg
higher_only,1800.0,4000.0,1141,False,10.0,4.38,0.003940643375330709,0.706573038857156,0.04937203579815072,SiC_10deg
higher_only,1800.0,4000.0,1141,False,10.0,4.4,0.003964343717148069,0.6995138496564751,0.050674367021314434,SiC_10deg
higher_only,1800.0,4000.0,1141,False,10.0,4.42,0.003995746227194803,0.6921667490228042,0.05202960621177113,SiC_10deg
higher_only,1800.0,4000.0,1141,False,10.0,4.4399999999999995,0.004033999289987782,0.6845853036011389,0.053427567798338155,SiC_10deg
higher_only,1800.0,4000.0,1141,False,10.0,4.46,0.0040779821065363665,0.6768530582357655,0.05485248962835732,SiC_10deg
higher_only,1800.0,4000.0,1141,False,10.0,4.48,0.004126379363974113,0.6690826440427736,0.05628323365823599,SiC_10deg
higher_only,1800.0,4000.0,1141,False,10.0,4.5,0.004177777421376888,0.6614088457459018,0.057694595534065155,SiC_10deg
higher_only,1800.0,4000.0,1141,False,10.0,4.52,0.004230765387067671,0.6539774622033626,0.05905938300025168,SiC_10deg
higher_only,1800.0,4000.0,1141,False,10.0,4.54,0.004284025013863544,0.6469325816973538,0.060350779727243765,SiC_10deg
higher_only,1800.0,4000.0,1141,False,10.0,4.5600000000000005,0.004336397749726924,0.6404050148505241,0.061544490322673506,SiC_10deg
higher_only,1800.0,4000.0,1141,False,10.0,4.58,0.004386923535236645,0.6345041270467893,0.06262025538007832,SiC_10deg
higher_only,1800.0,4000.0,1141,False,10.0,4.6,0.004434851992720122,0.6293143743340522,0.06356249804899064,SiC_10deg
higher_only,1800.0,4000.0,1141,False,10.0,4.62,0.0044796311520070445,0.6248967126597188,0.06436007156185534,SiC_10deg
higher_only,1800.0,4000.0,1141,False,10.0,4.640000000000001,0.004520881310699646,0.6212939505593534,0.06500527837435666,SiC_10deg
higher_only,1800.0,4000.0,1141,False,10.0,4.66,0.004558362165919542,0.6185382478591123,0.0654924902279561,SiC_10deg
higher_only,1800.0,4000.0,1141,False,10.0,4.68,0.004591940403248277,0.6166584911184889,0.06581678493823342,SiC_10deg
higher_only,1800.0,4000.0,1141,False,10.0,4.7,0.004621562972962609,0.6156853139067539,0.06597300940823429,SiC_10deg
higher_only,1800.0,4000.0,1141,False,10.0,4.72,0.004647238797953064,0.6156520981975451,0.06595557512054569,SiC_10deg
higher_only,1800.0,4000.0,1141,False,10.0,4.74,0.004669029103972917,0.6165912830817918,0.06575911172879476,SiC_10deg
higher_only,1800.0,4000.0,1141,False,10.0,4.76,0.004687044366946202,0.6185264878178741,0.06537988817556589,SiC_10deg
higher_only,1800.0,4000.0,1141,False,10.0,4.78,0.004701444351808451,0.6214620476454651,0.06481771013854294,SiC_10deg
higher_only,1800.0,4000.0,1141,False,10.0,4.8,0.00471243702024063,0.6253723303750061,0.06407786028641796,SiC_10deg
higher_only,1800.0,4000.0,1141,False,10.0,4.82,0.004720272204221646,0.6301935228102161,0.0631725875237379,SiC_10deg
higher_only,1800.0,4000.0,1141,False,10.0,4.84,0.004725226814613148,0.6358204110136081,0.062121680639650005,SiC_10deg
higher_only,1800.0,4000.0,1141,False,10.0,4.86,0.0047275799507371565,0.6421100176885948,0.06095178284480971,SiC_10deg
higher_only,1800.0,4000.0,1141,False,10.0,4.88,0.0047275785888895635,0.6488927898814838,0.05969431930711532,SiC_10deg
higher_only,1800.0,4000.0,1141,False,10.0,4.9,0.004725397400892377,0.6559903888302427,0.05838221278485148,SiC_10deg
higher_only,1800.0,4000.0,1141,False,10.0,4.92,0.0047210991722940005,0.6632372395163346,0.05704591207504895,SiC_10deg
higher_only,1800.0,4000.0,1141,False,10.0,4.9399999999999995,0.004714604313918417,0.6705013462572782,0.055709562326921924,SiC_10deg
higher_only,1800.0,4000.0,1141,False,10.0,4.96,0.004705678009620502,0.6776991706919554,0.05438827639077802,SiC_10deg
higher_only,1800.0,4000.0,1141,False,10.0,4.98,0.004693940993257287,0.6848001946372755,0.05308731286964467,SiC_10deg
higher_only,1800.0,4000.0,1141,False,10.0,5.0,0.004678905186355977,0.6918192404980823,0.05180351384654727,SiC_10deg
higher_only,1800.0,4000.0,1141,False,10.0,5.02,0.004660029887563515,0.6987980600688081,0.05052872132090779,SiC_10deg
higher_only,1800.0,4000.0,1141,False,10.0,5.04,0.004636789719258006,0.7057809550515409,0.04925429279596095,SiC_10deg
higher_only,1800.0,4000.0,1141,False,10.0,5.0600000000000005,0.004608743425090082,0.7127910683579842,0.04797549233477742,SiC_10deg
higher_only,1800.0,4000.0,1141,False,10.0,5.08,0.004575593159552468,0.7198138031505837,0.046694568340712256,SiC_10deg
higher_only,1800.0,4000.0,1141,False,10.0,5.1,0.004537226547506859,0.726791651133155,0.04542173047135062,SiC_10deg
higher_only,1800.0,4000.0,1141,False,10.0,5.12,0.004493737663057705,0.7336312552712391,0.04417387375946784,SiC_10deg
higher_only,1800.0,4000.0,1141,False,10.0,5.140000000000001,0.0044454274351532815,0.740219881285221,0.04297156843363315,SiC_10deg
higher_only,1800.0,4000.0,1141,False,10.0,5.16,0.004392788152844327,0.7464457706291656,0.04183532948643528,SiC_10deg
higher_only,1800.0,4000.0,1141,False,10.0,5.18,0.004336479885064384,0.7522159599361674,0.04078234265995111,SiC_10deg
higher_only,1800.0,4000.0,1141,False,10.0,5.2,0.004277307786333846,0.7574663417194135,0.03982460532028198,SiC_10deg
higher_only,1800.0,4000.0,1141,False,10.0,5.220000000000001,0.004216207744219132,0.7621615178929466,0.038968931787677775,SiC_10deg
higher_only,1800.0,4000.0,1141,False,10.0,5.24,0.004154243717846646,0.7662853001470644,0.03821866753993122,SiC_10deg
higher_only,1800.0,4000.0,1141,False,10.0,5.26,0.004092614416029906,0.7698253898818769,0.037576465874511335,SiC_10deg
higher_only,1800.0,4000.0,1141,False,10.0,5.28,0.004032661253472752,0.7727570855118293,0.03704723966465452,SiC_10deg
higher_only,1800.0,4000.0,1141,False,10.0,5.300000000000001,0.0039758654512927075,0.775030698281041,0.03664043157341365,SiC_10deg
higher_only,1800.0,4000.0,1141,False,10.0,5.32,0.003923821061460249,0.776566071516914,0.03637098227736397,SiC_10deg
higher_only,1800.0,4000.0,1141,False,10.0,5.34,0.00387817351210046,0.7772557260306384,0.03625872016181461,SiC_10deg
higher_only,1800.0,4000.0,1141,False,10.0,5.359999999999999,0.003840520319845609,0.7769761625698092,0.036326261907940374,SiC_10deg
higher_only,1800.0,4000.0,1141,False,10.0,5.38,0.003812281178123074,0.7756050786475112,0.036595839066680666,SiC_10deg
higher_only,1800.0,4000.0,1141,False,10.0,5.4,0.0037945563449765366,0.7730409690468746,0.03708570160563045,SiC_10deg
higher_only,1800.0,4000.0,1141,False,10.0,5.42,0.0037880010704231114,0.7692210240339646,0.03780684987850196,SiC_10deg
higher_only,1800.0,4000.0,1141,False,10.0,5.4399999999999995,0.0037927452526957213,0.7641336009629028,0.03876077781689685,SiC_10deg
higher_only,1800.0,4000.0,1141,False,10.0,5.46,0.0038083791952044344,0.7578228241762884,0.03993867281926385,SiC_10deg
higher_only,1800.0,4000.0,1141,False,10.0,5.48,0.003834010107482872,0.7503847841872133,0.041322164136232485,SiC_10deg
higher_only,1800.0,4000.0,1141,False,10.0,5.5,0.0038683758221251404,0.7419568281348976,0.04288533983116271,SiC_10deg
higher_only,1800.0,4000.0,1141,False,10.0,5.52,0.003909989185042626,0.7327029557891586,0.04459747361959325,SiC_10deg
higher_only,1800.0,4000.0,1141,False,10.0,5.54,0.0039572830925283685,0.7227989231980172,0.04642579665859752,SiC_10deg
higher_only,1800.0,4000.0,1141,False,10.0,5.5600000000000005,0.004008731912236397,0.712420205621817,0.048337733981073876,SiC_10deg
higher_only,1800.0,4000.0,1141,False,10.0,5.58,0.004062936132236085,0.7017347186724572,0.050302256731063304,SiC_10deg
higher_only,1800.0,4000.0,1141,False,10.0,5.6,0.0041186686791961635,0.6909005914368713,0.05229029674910107,SiC_10deg
higher_only,1800.0,4000.0,1141,False,10.0,5.62,0.0041748898846800326,0.680067818304225,0.054274439482379554,SiC_10deg
higher_only,1800.0,4000.0,1141,False,10.0,5.640000000000001,0.004230742134751577,0.6693816745008051,0.05622828400667102,SiC_10deg
higher_only,1800.0,4000.0,1141,False,10.0,5.66,0.004285535167030793,0.6589855623637676,0.05812589916991387,SiC_10deg
higher_only,1800.0,4000.0,1141,False,10.0,5.68,0.004338730128928397,0.6490214405576897,0.05994171645953857,SiC_10deg
higher_only,1800.0,4000.0,1141,False,10.0,5.7,0.00438992650985674,0.639626959791622,0.06165102280191545,SiC_10deg
higher_only,1800.0,4000.0,1141,False,10.0,5.720000000000001,0.004438852324178001,0.6309295504719914,0.06323101131634427,SiC_10deg
higher_only,1800.0,4000.0,1141,False,10.0,5.74,0.00448535536332077,0.6230386441163169,0.06466217634126094,SiC_10deg
higher_only,1800.0,4000.0,1141,False,10.0,5.76,0.0045293922708387335,0.6160377393813194,0.06592974139501274,SiC_10deg
higher_only,1800.0,4000.0,1141,False,10.0,5.78,0.004571012440843817,0.6099780939401478,0.06702479470663206,SiC_10deg
higher_only,1800.0,4000.0,1141,False,10.0,5.800000000000001,0.00461033485230164,0.6048755282850097,0.0679448598512519,SiC_10deg
higher_only,1800.0,4000.0,1141,False,10.0,5.82,0.0046475174708973215,0.6007113201491153,0.06869372112565571,SiC_10deg
higher_only,1800.0,4000.0,1141,False,10.0,5.84,0.004682720455134486,0.5974375752645074,0.06928043163362693,SiC_10deg
higher_only,1800.0,4000.0,1141,False,10.0,5.859999999999999,0.004716065910295197,0.5949868398592754,0.06971754597966005,SiC_10deg
higher_only,1800.0,4000.0,1141,False,10.0,5.88,0.004747598194702318,0.5932850804748148,0.07001873740956278,SiC_10deg
higher_only,1800.0,4000.0,1141,False,10.0,5.9,0.004777249579937138,0.5922665118671834,0.07019607825000573,SiC_10deg
higher_only,1800.0,4000.0,1141,False,10.0,5.92,0.0048048161026855345,0.5918881813752962,0.07025736807324445,SiC_10deg
higher_only,1800.0,4000.0,1141,False,10.0,5.9399999999999995,0.0048299474643530476,0.5921418738207268,0.07020395735370039,SiC_10deg
higher_only,1800.0,4000.0,1141,False,10.0,5.96,0.004852152820367101,0.5930609724669017,0.07002950096045021,SiC_10deg
higher_only,1800.0,4000.0,1141,False,10.0,5.98,0.004870821625941142,0.5947205255981168,0.06971996248999311,SiC_10deg
higher_only,1800.0,4000.0,1141,False,10.0,6.0,0.004885256082643415,0.5972299000137263,0.06925498202130223,SiC_10deg
higher_only,1800.0,4000.0,1141,False,10.0,6.02,0.00489470994936539,0.6007188447720149,0.06861045473927606,SiC_10deg
higher_only,1800.0,4000.0,1141,False,10.0,6.04,0.004898428048305142,0.6053192039535755,0.0677619080433325,SiC_10deg
higher_only,1800.0,4000.0,1141,False,10.0,6.0600000000000005,0.0048956817041386205,0.6111455453262917,0.06668807640462897,SiC_10deg
higher_only,1800.0,4000.0,1141,False,10.0,6.08,0.004885797128909066,0.6182783262713822,0.06537400866773227,SiC_10deg
higher_only,1800.0,4000.0,1141,False,10.0,6.1,0.004868175753472851,0.6267527446065495,0.06381312977229102,SiC_10deg
higher_only,1800.0,4000.0,1141,False,10.0,6.12,0.0048423072105329935,0.6365551331162841,0.06200791540152114,SiC_10deg
higher_only,1800.0,4000.0,1141,False,10.0,6.140000000000001,0.004807776923460831,0.6476268793201722,0.059969182291765254,SiC_10deg
higher_only,1800.0,4000.0,1141,False,10.0,6.16,0.004764271134885639,0.6598738561793606,0.05771436287133943,SiC_10deg
higher_only,1800.0,4000.0,1141,False,10.0,6.18,0.004711582835994849,0.6731778719848779,0.05526540393761807,SiC_10deg
higher_only,1800.0,4000.0,1141,False,10.0,6.2,0.004649622383823516,0.6874062565933405,0.052647001117364936,SiC_10deg
higher_only,1800.0,4000.0,1141,False,10.0,6.220000000000001,0.004578436386997253,0.7024165953347028,0.04988571727030171,SiC_10deg
higher_only,1800.0,4000.0,1141,False,10.0,6.24,0.004498237434976733,0.7180554810136657,0.047010192299313004,SiC_10deg
higher_only,1800.0,4000.0,1141,False,10.0,6.26,0.004409445332781627,0.7341522807133817,0.04405226187127353,SiC_10deg
higher_only,1800.0,4000.0,1141,False,10.0,6.28,0.004312737821334499,0.750510578793754,0.04104849711330789,SiC_10deg
higher_only,1800.0,4000.0,1141,False,10.0,6.300000000000001,0.004209105673246083,0.7669007077081973,0.03804153979797211,SiC_10deg
higher_only,1800.0,4000.0,1141,False,10.0,6.32,0.004099904070745795,0.7830565287807542,0.03508065382572298,SiC_10deg
higher_only,1800.0,4000.0,1141,False,10.0,6.34,0.003986889925424058,0.7986785578940072,0.032221110693586866,SiC_10deg
higher_only,1800.0,4000.0,1141,False,10.0,6.359999999999999,0.0038722339822149414,0.8134439514279148,0.029522317906159022,SiC_10deg
higher_only,1800.0,4000.0,1141,False,10.0,6.38,0.003758497779706435,0.8270221297611317,0.027044919493594645,SiC_10deg
higher_only,1800.0,4000.0,1141,False,10.0,6.4,0.0036485690868161254,0.8390933130795862,0.024847374045326085,SiC_10deg
higher_only,1800.0,4000.0,1141,False,10.0,6.42,0.0035455549344845646,0.8493663866497582,0.022982672309559728,SiC_10deg
higher_only,1800.0,4000.0,1141,False,10.0,6.4399999999999995,0.003452637708877947,0.8575926221078488,0.02149583428566663,SiC_10deg
higher_only,1800.0,4000.0,1141,False,10.0,6.46,0.0033729054353420066,0.8635729329963058,0.020422611497008844,SiC_10deg
higher_only,1800.0,4000.0,1141,False,10.0,6.48,0.0033091710583574912,0.8671582528982777,0.0197894667165215,SiC_10deg
higher_only,1800.0,4000.0,1141,False,10.0,6.5,0.0032637968133174366,0.8682446890062069,0.019614522529030915,SiC_10deg
higher_only,1800.0,4000.0,1141,False,10.0,6.52,0.0032385393445172337,0.8667666059096184,0.019908893745644706,SiC_10deg
higher_only,1800.0,4000.0,1141,False,10.0,6.54,0.0032344301111472697,0.8626911862317354,0.020677747159963244,SiC_10deg
higher_only,1800.0,4000.0,1141,False,10.0,6.5600000000000005,0.003251704237976291,0.8560171364244036,0.021920594241197824,SiC_10deg
higher_only,1800.0,4000.0,1141,False,10.0,6.58,0.003289788468982133,0.8467783478645196,0.023630664217293134,SiC_10deg
higher_only,1800.0,4000.0,1141,False,10.0,6.6,0.003347353814590865,0.8350511272979574,0.025793608575052453,SiC_10deg
higher_only,1800.0,4000.0,1141,False,10.0,6.62,0.0034224302653044518,0.8209618572679955,0.028386110281029626,SiC_10deg
higher_only,1800.0,4000.0,1141,False,10.0,6.640000000000001,0.003512570943681164,0.8046912895425349,0.03137509265512786,SiC_10deg
higher_only,1800.0,4000.0,1141,False,10.0,6.66,0.0036150442370955454,0.7864723907994599,0.03471809312839412,SiC_10deg
higher_only,1800.0,4000.0,1141,False,10.0,6.68,0.003727027801097954,0.7665805203255263,0.03836502809655441,SiC_10deg
higher_only,1800.0,4000.0,1141,False,10.0,6.7,0.0038457793825269187,0.7453170573736508,0.04226114848557538,SiC_10deg
higher_only,1800.0,4000.0,1141,False,10.0,6.720000000000001,0.003968765678576375,0.7229895828291493,0.046350622651423264,SiC_10deg
higher_only,1800.0,4000.0,1141,False,10.0,6.74,0.004093739845103008,0.6998927200042894,0.05057999998346718,SiC_10deg
higher_only,1800.0,4000.0,1141,False,10.0,6.76,0.004218768144716422,0.6762935489429163,0.05490084244546945,SiC_10deg
higher_only,1800.0,4000.0,1141,False,10.0,6.78,0.0043422143269211,0.6524243621587754,0.05927101971107272,SiC_10deg
higher_only,1800.0,4000.0,1141,False,10.0,6.800000000000001,0.004462695359923686,0.6284839080093845,0.06365445901033616,SiC_10deg
higher_only,1800.0,4000.0,1141,False,10.0,6.82,0.004579023807522054,0.6046466533599254,0.06801943534048176,SiC_10deg
higher_only,1800.0,4000.0,1141,False,10.0,6.84,0.004690150911305503,0.5810783148236484,0.07233572191301893,SiC_10deg
higher_only,1800.0,4000.0,1141,False,10.0,6.859999999999999,0.004795121078790031,0.5579550965765893,0.07657106904773422,SiC_10deg
higher_only,1800.0,4000.0,1141,False,10.0,6.88,0.004893043830573467,0.5354837426108486,0.0806875400817713,SiC_10deg
higher_only,1800.0,4000.0,1141,False,10.0,6.9,0.0049830841257620315,0.5139196118440071,0.08463821424982595,SiC_10deg
higher_only,1800.0,4000.0,1141,False,10.0,6.92,0.005064467143197427,0.4935804353135438,0.08836468354767792,SiC_10deg
higher_only,1800.0,4000.0,1141,False,10.0,6.9399999999999995,0.005136489800883744,0.4748540977322328,0.09179564502563874,SiC_10deg
higher_only,1800.0,4000.0,1141,False,10.0,6.96,0.005198529190871192,0.45819953439025046,0.09484675252105285,SiC_10deg
higher_only,1800.0,4000.0,1141,False,10.0,6.98,0.005250038078084772,0.44414045790309564,0.09742177777108593,SiC_10deg
higher_only,1800.0,4000.0,1141,False,10.0,7.0,0.005290519681698145,0.4332519828514913,0.09941506686362209,SiC_10deg
higher_only,1800.0,4000.0,1141,False,10.0,7.0200000000000005,0.005319477797809755,0.4261402882433682,0.10071526624199083,SiC_10deg
higher_only,1800.0,4000.0,1141,False,10.0,7.04,0.005336343369169757,0.4234154171839942,0.10121030177262613,SiC_10deg
higher_only,1800.0,4000.0,1141,False,10.0,7.0600000000000005,0.00534038417753666,0.4256574695372761,0.10079356764027826,SiC_10deg
higher_only,1800.0,4000.0,1141,False,10.0,7.08,0.005330609627991509,0.4333771046131885,0.09937116211192452,SiC_10deg
higher_only,1800.0,4000.0,1141,False,10.0,7.1,0.005305686617294343,0.4469725425652106,0.09686977460511516,SiC_10deg
higher_only,1800.0,4000.0,1141,False,10.0,7.12,0.005263884052094017,0.46668687176202095,0.09324453082756962,SiC_10deg
higher_only,1800.0,4000.0,1141,False,10.0,7.14,0.005203061666837589,0.49257079133503107,0.08848585781232671,SiC_10deg
higher_only,1800.0,4000.0,1141,False,10.0,7.16,0.005120713113974727,0.5244561507173782,0.0826243840990709,SiC_10deg
higher_only,1800.0,4000.0,1141,False,10.0,7.18,0.005014064935987464,0.5619442814527268,0.07573313649175993,SiC_10deg
higher_only,1800.0,4000.0,1141,False,10.0,7.2,0.004880224360275434,0.6044103359313026,0.06792680110935402,SiC_10deg
higher_only,1800.0,4000.0,1141,False,10.0,7.22,0.004716362632235784,0.6510216169770024,0.05935840723995102,SiC_10deg
higher_only,1800.0,4000.0,1141,False,10.0,7.24,0.00451991853152713,0.7007655414026054,0.05021422257781033,SiC_10deg
higher_only,1800.0,4000.0,1141,False,10.0,7.26,0.004288808564838588,0.7524824371359544,0.040707732677862,SiC_10deg
higher_only,1800.0,4000.0,1141,False,10.0,7.28,0.004021634238274972,0.8048999266507767,0.031073296772354004,SiC_10deg
higher_only,1800.0,4000.0,1141,False,10.0,7.3,0.0037178808264787264,0.8566683171090007,0.02155958733492844,SiC_10deg
higher_only,1800.0,4000.0,1141,False,10.0,7.32,0.003378106174204286,0.9063987887883411,0.0124224902478158,SiC_10deg
higher_only,1800.0,4000.0,1141,False,10.0,7.34,0.0030041265942363457,0.9527069961829467,0.003916995589251577,SiC_10deg
higher_only,1800.0,4000.0,1141,False,10.0,7.36,0.002599233159885308,0.9942634478173107,-0.0037121583933309357,SiC_10deg
higher_only,1800.0,4000.0,1141,False,10.0,7.38,0.0021685552985220772,1.029849151034347,-0.010240794908459338,SiC_10deg
higher_only,1800.0,4000.0,1141,False,10.0,7.4,0.0017199755297148036,1.0584117371999553,-0.015475668432574946,SiC_10deg
higher_only,1800.0,4000.0,1141,False,10.0,7.42,0.001267175152311255,1.0791151550726874,-0.01926361388921581,SiC_10deg
higher_only,1800.0,4000.0,1141,False,10.0,7.44,0.0008425180637612786,1.0913761732611837,-0.02149822854121801,SiC_10deg
higher_only,1800.0,4000.0,1141,False,10.0,7.46,0.0005591822147401014,1.0948835247492772,-0.02212332351518987,SiC_10deg
higher_only,1800.0,4000.0,1141,False,10.0,7.48,0.0006560159265561267,1.089599583075745,-0.021133134033068414,SiC_10deg
higher_only,1800.0,4000.0,1141,False,10.0,7.5,0.0010257630379419166,1.0757482952340534,-0.018569986791042895,SiC_10deg
higher_only,1800.0,4000.0,1141,False,10.0,7.5200000000000005,0.0014636293056741819,1.0537951182551613,-0.014520496118360903,SiC_10deg
higher_only,1800.0,4000.0,1141,False,10.0,7.54,0.0019085159459310069,1.0244241719091345,-0.009111261334595428,SiC_10deg
higher_only,1800.0,4000.0,1141,False,10.0,7.5600000000000005,0.0023404237478810565,0.9885151544225865,-0.002504545159766391,SiC_10deg
higher_only,1800.0,4000.0,1141,False,10.0,7.58,0.0027496933792911927,0.9471191290490003,0.005106222584862199,SiC_10deg
higher_only,1800.0,4000.0,1141,False,10.0,7.6000000000000005,0.0031304874566849147,0.9014297376917414,0.01350174478760439,SiC_10deg
higher_only,1800.0,4000.0,1141,False,10.0,7.62,0.003479051643713584,0.8527459701486172,0.02244367232086056,SiC_10deg
higher_only,1800.0,4000.0,1141,False,10.0,7.64,0.0037931452530937477,0.8024245882347829,0.03168328940130887,SiC_10deg
higher_only,1800.0,4000.0,1141,False,10.0,7.66,0.00407180029058251,0.7518238564616014,0.040971775251026646,SiC_10deg
higher_only,1800.0,4000.0,1141,False,10.0,7.68,0.004315159995325663,0.7022438230453654,0.050071091091771554,SiC_10deg
higher_only,1800.0,4000.0,1141,False,10.0,7.7,0.004524312886964807,0.6548704820606809,0.058764158422897235,SiC_10deg
higher_only,1800.0,4000.0,1141,False,10.0,7.72,0.0047010988217220705,0.6107309045220477,0.06686303686742526,SiC_10deg
higher_only,1800.0,4000.0,1141,False,10.0,7.74,0.004847891146144136,0.5706640761177798,0.0742142373020623,SiC_10deg
higher_only,1800.0,4000.0,1141,False,10.0,7.76,0.00496737168326512,0.5353087680119755,0.08070092770295026,SiC_10deg
higher_only,1800.0,4000.0,1141,False,10.0,7.78,0.00506231868975238,0.505106571618751,0.08624237191311758,SiC_10deg
higher_only,1800.0,4000.0,1141,False,10.0,7.8,0.005135425361265564,0.48031617641279417,0.09079131583222787,SiC_10deg
higher_only,1800.0,4000.0,1141,False,10.0,7.82,0.005189160766827704,0.46103436015063903,0.09433014676168863,SiC_10deg
higher_only,1800.0,4000.0,1141,False,10.0,7.84,0.005225678572347205,0.44721972864452664,0.09686654813011057,SiC_10deg
higher_only,1800.0,4000.0,1141,False,10.0,7.86,0.0052467730722441435,0.4387164280400702,0.09842915575842306,SiC_10deg
higher_only,1800.0,4000.0,1141,False,10.0,7.88,0.005253877590795399,0.43527629012230823,0.09906349661497973,SiC_10deg
higher_only,1800.0,4000.0,1141,False,10.0,7.9,0.005248097401910724,0.4365787808386344,0.09882832590887326,SiC_10deg
higher_only,1800.0,4000.0,1141,False,10.0,7.92,0.005230267851199011,0.44224858074593615,0.09779239568163914,SiC_10deg
higher_only,1800.0,4000.0,1141,False,10.0,7.94,0.005201028154976554,0.4518707328147056,0.0960316693682091,SiC_10deg
higher_only,1800.0,4000.0,1141,False,10.0,7.96,0.005160902127180679,0.4650032693872606,0.09362700141520226,SiC_10deg
higher_only,1800.0,4000.0,1141,False,10.0,7.98,0.0051103784656829545,0.4811872952166527,0.09066228881438,SiC_10deg
higher_only,1800.0,4000.0,1141,False,10.0,8.0,0.005049984745527924,0.4999547705548546,0.08722305170138245,SiC_10deg
higher_only,1800.0,4000.0,1141,False,15.0,3.0,0.004773882395011228,0.9015061824596707,0.02156514908436146,SiC_15deg
higher_only,1800.0,4000.0,1141,False,15.0,3.02,0.004777860486701589,0.8908963881136884,0.02356798077293718,SiC_15deg
higher_only,1800.0,4000.0,1141,False,15.0,3.04,0.004781028911937931,0.8805769959275939,0.025515795632830365,SiC_15deg
higher_only,1800.0,4000.0,1141,False,15.0,3.06,0.004782492421983603,0.8706287392541283,0.027392293093968092,SiC_15deg
higher_only,1800.0,4000.0,1141,False,15.0,3.08,0.004781617605304572,0.8610858759356426,0.029189885609650957,SiC_15deg
higher_only,1800.0,4000.0,1141,False,15.0,3.1,0.004778104943023023,0.851929364105545,0.03091099250833753,SiC_15deg
higher_only,1800.0,4000.0,1141,False,15.0,3.12,0.004772006162936257,0.8430953340501778,0.03256651646151819,SiC_15deg
higher_only,1800.0,4000.0,1141,False,15.0,3.14,0.004763689819705047,0.8344964589108008,0.03417194698261476,SiC_15deg
higher_only,1800.0,4000.0,1141,False,15.0,3.16,0.00475376730236502,0.8260502518945321,0.03574218674111836,SiC_15deg
higher_only,1800.0,4000.0,1141,False,15.0,3.18,0.004742997934343243,0.8177064985610836,0.03728652553790835,SiC_15deg
higher_only,1800.0,4000.0,1141,False,15.0,3.2,0.004732194253504067,0.809466530109841,0.03880509358522342,SiC_15deg
higher_only,1800.0,4000.0,1141,False,15.0,3.22,0.004722145988413876,0.8013897070535977,0.04028763910223708,SiC_15deg
higher_only,1800.0,4000.0,1141,False,15.0,3.24,0.004713574002956217,0.7935863633029001,0.041714768285349986,SiC_15deg
higher_only,1800.0,4000.0,1141,False,15.0,3.26,0.004707115670397302,0.7862001560614449,0.04306111321097151,SiC_15deg
higher_only,1800.0,4000.0,1141,False,15.0,3.2800000000000002,0.004703333962593525,0.7793850711897791,0.04429947389030329,SiC_15deg
higher_only,1800.0,4000.0,1141,False,15.0,3.3,0.004702736803121929,0.7732827709357838,0.04540490067569531,SiC_15deg
higher_only,1800.0,4000.0,1141,False,15.0,3.32,0.004705792146206203,0.7680048685809371,0.04635788298814851,SiC_15deg
higher_only,1800.0,4000.0,1141,False,15.0,3.34,0.004712927294906638,0.7636228435120285,0.04714615002364962,SiC_15deg
higher_only,1800.0,4000.0,1141,False,15.0,3.36,0.004724506663475845,0.7601664089257585,0.04776493479131786,SiC_15deg
higher_only,1800.0,4000.0,1141,False,15.0,3.38,0.004740788884544627,0.7576296290001164,0.048215829064596455,SiC_15deg
higher_only,1800.0,4000.0,1141,False,15.0,3.4,0.004761870496657233,0.7559830305069541,0.04850454942093042,SiC_15deg
higher_only,1800.0,4000.0,1141,False,15.0,3.42,0.004787628286061839,0.7551892616199861,0.04863806206744986,SiC_15deg
higher_only,1800.0,4000.0,1141,False,15.0,3.44,0.004817674669578297,0.7552194131411739,0.04862159516646952,SiC_15deg
higher_only,1800.0,4000.0,1141,False,15.0,3.46,0.004851339502129455,0.7560669307775227,0.048456102005785456,SiC_15deg
higher_only,1800.0,4000.0,1141,False,15.0,3.48,0.004887687232174426,0.7577562047122424,0.048136709244200944,SiC_15deg
higher_only,1800.0,4000.0,1141,False,15.0,3.5,0.004925571299291607,0.7603435330990268,0.04765257180844934,SiC_15deg
higher_only,1800.0,4000.0,1141,False,15.0,3.52,0.004963719930168126,0.7639092456771156,0.04698835538893706,SiC_15deg
higher_only,1800.0,4000.0,1141,False,15.0,3.54,0.0050008412299769175,0.7685412373930584,0.046127298630911744,SiC_15deg
higher_only,1800.0,4000.0,1141,False,15.0,3.56,0.005035732272476514,0.7743117909682603,0.04505550861242764,SiC_15deg
higher_only,1800.0,4000.0,1141,False,15.0,3.58,0.005067377102530626,0.7812511241126768,0.04376685849833628,SiC_15deg
higher_only,1800.0,4000.0,1141,False,15.0,3.6,0.005095021315364212,0.7893223639970806,0.042267624697903676,SiC_15deg
higher_only,1800.0,4000.0,1141,False,15.0,3.62,0.005118214795013494,0.7984033985155985,0.04057986385676242,SiC_15deg
higher_only,1800.0,4000.0,1141,False,15.0,3.64,0.0051368182769960125,0.8082809510387485,0.03874254746128713,SiC_15deg
higher_only,1800.0,4000.0,1141,False,15.0,3.66,0.005150973510480335,0.8186608300462829,0.03680972498299635,SiC_15deg
higher_only,1800.0,4000.0,1141,False,15.0,3.68,0.0051610414277208526,0.8291952752279074,0.03484553910007218,SiC_15deg
higher_only,1800.0,4000.0,1141,False,15.0,3.7,0.005167518122856995,0.8395238696410452,0.03291673150897415,SiC_15deg
higher_only,1800.0,4000.0,1141,False,15.0,3.7199999999999998,0.005170943632890184,0.8493197908482789,0.0310841410122116,SiC_15deg
higher_only,1800.0,4000.0,1141,False,15.0,3.74,0.005171821203779777,0.8583302397480724,0.029395239259825318,SiC_15deg
higher_only,1800.0,4000.0,1141,False,15.0,3.76,0.0051705625073584505,0.8664005877583578,0.0278796282952632,SiC_15deg
higher_only,1800.0,4000.0,1141,False,15.0,3.7800000000000002,0.005167466593937952,0.8734765271742053,0.026548559997035915,SiC_15deg
higher_only,1800.0,4000.0,1141,False,15.0,3.8,0.005162729593791168,0.8795856034121091,0.025398237985714032,SiC_15deg
higher_only,1800.0,4000.0,1141,False,15.0,3.8200000000000003,0.005156472624250373,0.8848059530290109,0.024415476965124933,SiC_15deg
higher_only,1800.0,4000.0,1141,False,15.0,3.84,0.005148770813853686,0.8892332790157136,0.02358369995014421,SiC_15deg
higher_only,1800.0,4000.0,1141,False,15.0,3.86,0.00513966816242961,0.8929561963306971,0.022887413344824924,SiC_15deg
higher_only,1800.0,4000.0,1141,False,15.0,3.88,0.00512916984956866,0.8960459859782959,0.02231404909996404,SiC_15deg
higher_only,1800.0,4000.0,1141,False,15.0,3.9,0.005117212893677247,0.8985613187658081,0.021853069825422147,SiC_15deg
higher_only,1800.0,4000.0,1141,False,15.0,3.92,0.0051036248719901174,0.9005634517605168,0.021493164398765696,SiC_15deg
higher_only,1800.0,4000.0,1141,False,15.0,3.94,0.005088086297531365,0.9021341071151774,0.02121896860428408,SiC_15deg
higher_only,1800.0,4000.0,1141,False,15.0,3.96,0.005070113517484003,0.9033875046062859,0.021008880459614177,SiC_15deg
higher_only,1800.0,4000.0,1141,False,15.0,3.98,0.00504907514614938,0.9044699892613051,0.02083517458548123,SiC_15deg
higher_only,1800.0,4000.0,1141,False,15.0,4.0,0.005024247192888457,0.9055447698869824,0.020666866683453435,SiC_15deg
higher_only,1800.0,4000.0,1141,False,15.0,4.02,0.004994902728661116,0.9067641714849061,0.020474877708995434,SiC_15deg
higher_only,1800.0,4000.0,1141,False,15.0,4.04,0.004960424024405059,0.908235948826901,0.020238285492014948,SiC_15deg
higher_only,1800.0,4000.0,1141,False,15.0,4.0600000000000005,0.004920420438913378,0.9099923939520551,0.0199500531006087,SiC_15deg
higher_only,1800.0,4000.0,1141,False,15.0,4.08,0.004874834152190482,0.9119707183793413,0.019620674590085325,SiC_15deg
higher_only,1800.0,4000.0,1141,False,15.0,4.1,0.004824017288526542,0.9140107375471507,0.019278634045803697,SiC_15deg
higher_only,1800.0,4000.0,1141,False,15.0,4.12,0.004768767293807084,0.9158718955985549,0.018967308637721846,SiC_15deg
higher_only,1800.0,4000.0,1141,False,15.0,4.140000000000001,0.004710312625494243,0.9172670122937895,0.018738800266187506,SiC_15deg
higher_only,1800.0,4000.0,1141,False,15.0,4.16,0.0046502482305010515,0.917905849136731,0.01864596336683174,SiC_15deg
higher_only,1800.0,4000.0,1141,False,15.0,4.18,0.004590429458226568,0.9175388538773447,0.018734394821626695,SiC_15deg
higher_only,1800.0,4000.0,1141,False,15.0,4.2,0.004532841839795867,0.9159912650115886,0.01903618189509787,SiC_15deg
higher_only,1800.0,4000.0,1141,False,15.0,4.22,0.004479469190256779,0.9131804495559659,0.019566710422172683,SiC_15deg
higher_only,1800.0,4000.0,1141,False,15.0,4.24,0.004432180976944098,0.9091141234671285,0.0203249620432675,SiC_15deg
higher_only,1800.0,4000.0,1141,False,15.0,4.26,0.004392651659540823,0.9038722860854688,0.02129678268904163,SiC_15deg
higher_only,1800.0,4000.0,1141,False,15.0,4.28,0.004362312777555942,0.8975794992275618,0.0224599110935074,SiC_15deg
higher_only,1800.0,4000.0,1141,False,15.0,4.3,0.004342327809111468,0.8903755120463567,0.02378930650533995,SiC_15deg
higher_only,1800.0,4000.0,1141,False,15.0,4.32,0.004333574509288435,0.8823912211319975,0.025261500245712474,SiC_15deg
higher_only,1800.0,4000.0,1141,False,15.0,4.34,0.0043366212886536875,0.873734411877895,0.02685716100487652,SiC_15deg
higher_only,1800.0,4000.0,1141,False,15.0,4.36,0.004351691976359042,0.8644867130390568,0.0285616150107518,SiC_15deg
higher_only,1800.0,4000.0,1141,False,15.0,4.38,0.004378623657120084,0.8547105212279191,0.03036355151110407,SiC_15deg
higher_only,1800.0,4000.0,1141,False,15.0,4.4,0.004416831062472958,0.8444627370378552,0.032252494200288105,SiC_15deg
higher_only,1800.0,4000.0,1141,False,15.0,4.42,0.004465294784700698,0.8338111366462809,0.03421580488629304,SiC_15deg
higher_only,1800.0,4000.0,1141,False,15.0,4.4399999999999995,0.004522587759198238,0.8228490864300966,0.03623600576283837,SiC_15deg
higher_only,1800.0,4000.0,1141,False,15.0,4.46,0.004586945907763525,0.8117050307438944,0.03828907256894013,SiC_15deg
higher_only,1800.0,4000.0,1141,False,15.0,4.48,0.004656377645240078,0.8005445865780871,0.04034409196336402,SiC_15deg
higher_only,1800.0,4000.0,1141,False,15.0,4.5,0.004728797152784442,0.7895648652514244,0.042364347790544286,SiC_15deg
higher_only,1800.0,4000.0,1141,False,15.0,4.52,0.004802161135214176,0.7789823961063592,0.0443095790239187,SiC_15deg
higher_only,1800.0,4000.0,1141,False,15.0,4.54,0.004874589359701219,0.7690173323423787,0.04613891381207702,SiC_15deg
higher_only,1800.0,4000.0,1141,False,15.0,4.5600000000000005,0.00494445455334733,0.7598771971511384,0.04781387979454653,SiC_15deg
higher_only,1800.0,4000.0,1141,False,15.0,4.58,0.005010434813155625,0.7517432288646978,0.0493009293208411,SiC_15deg
higher_only,1800.0,4000.0,1141,False,15.0,4.6,0.005071529052093532,0.7447615646319675,0.05057306984746146,SiC_15deg
higher_only,1800.0,4000.0,1141,False,15.0,4.62,0.00512704148719419,0.7390403301460214,0.05161040527670373,SiC_15deg
higher_only,1800.0,4000.0,1141,False,15.0,4.640000000000001,0.005176544183274879,0.7346524475291825,0.05239962395252174,SiC_15deg
higher_only,1800.0,4000.0,1141,False,15.0,4.66,0.0052198274530145285,0.7316428504883458,0.052932674216266004,SiC_15deg
higher_only,1800.0,4000.0,1141,False,15.0,4.68,0.005256847110989077,0.7300379688724888,0.053205019369198,SiC_15deg
higher_only,1800.0,4000.0,1141,False,15.0,4.7,0.005287675809279928,0.729854944489714,0.05321393706705726,SiC_15deg
higher_only,1800.0,4000.0,1141,False,15.0,4.72,0.00531246339690522,0.7311081575112358,0.05295730705004016,SiC_15deg
higher_only,1800.0,4000.0,1141,False,15.0,4.74,0.005331408748405226,0.7338112878307456,0.052433213679778684,SiC_15deg
higher_only,1800.0,4000.0,1141,False,15.0,4.76,0.005344743050020651,0.7379741960740387,0.05164049612565663,SiC_15deg
higher_only,1800.0,4000.0,1141,False,15.0,4.78,0.005352722368626392,0.7435951575665307,0.05058015034046899,SiC_15deg
higher_only,1800.0,4000.0,1141,False,15.0,4.8,0.005355625693998129,0.7506501459292639,0.04925727309789246,SiC_15deg
higher_only,1800.0,4000.0,1141,False,15.0,4.82,0.005353753709566881,0.7590817091113172,0.04768308201937185,SiC_15deg
higher_only,1800.0,4000.0,1141,False,15.0,4.84,0.005347423413744789,0.7687903658123938,0.04587647356379504,SiC_15deg
higher_only,1800.0,4000.0,1141,False,15.0,4.86,0.00533695447168136,0.7796312986015413,0.043864607946379836,SiC_15deg
higher_only,1800.0,4000.0,1141,False,15.0,4.88,0.005322644938618168,0.7914183749358489,0.04168214682934737,SiC_15deg
higher_only,1800.0,4000.0,1141,False,15.0,4.9,0.005304736824873409,0.8039361488747072,0.03936902389300491,SiC_15deg
higher_only,1800.0,4000.0,1141,False,15.0,4.92,0.005283375667999099,0.8169585536375212,0.03696698708055493,SiC_15deg
higher_only,1800.0,4000.0,1141,False,15.0,4.9399999999999995,0.0052585721261776755,0.8302708152913795,0.03451555361389747,SiC_15deg
higher_only,1800.0,4000.0,1141,False,15.0,4.96,0.005230176344813186,0.8436893603171458,0.032048342712710856,SiC_15deg
higher_only,1800.0,4000.0,1141,False,15.0,4.98,0.005197876048775321,0.8570739964160052,0.02959084096069005,SiC_15deg
higher_only,1800.0,4000.0,1141,False,15.0,5.0,0.005161226133952238,0.8703280389598013,0.027160397098197286,SiC_15deg
higher_only,1800.0,4000.0,1141,False,15.0,5.02,0.005119711379540537,0.8833852809008345,0.02476864740328779,SiC_15deg
higher_only,1800.0,4000.0,1141,False,15.0,5.04,0.005072836455119327,0.8961868524016456,0.02242580808224625,SiC_15deg
higher_only,1800.0,4000.0,1141,False,15.0,5.0600000000000005,0.005020230858048921,0.9086546212390508,0.02014560770810097,SiC_15deg
higher_only,1800.0,4000.0,1141,False,15.0,5.08,0.0049617525169767035,0.9206694556564583,0.0179493263542878,SiC_15deg
higher_only,1800.0,4000.0,1141,False,15.0,5.1,0.00489757326956075,0.9320616842719448,0.01586759084577428,SiC_15deg
higher_only,1800.0,4000.0,1141,False,15.0,5.12,0.004828232190795262,0.9426176436598199,0.013939209486913054,SiC_15deg
higher_only,1800.0,4000.0,1141,False,15.0,5.140000000000001,0.0047546483603594,0.9521013346111221,0.012207224514296696,SiC_15deg
higher_only,1800.0,4000.0,1141,False,15.0,5.16,0.004678092355555116,0.9602854617106875,0.010713231899961055,SiC_15deg
higher_only,1800.0,4000.0,1141,False,15.0,5.18,0.004600124121815183,0.9669831177824276,0.009491571002673387,SiC_15deg
higher_only,1800.0,4000.0,1141,False,15.0,5.2,0.004522511627714867,0.9720711984696905,0.00856501912005572,SiC_15deg
higher_only,1800.0,4000.0,1141,False,15.0,5.220000000000001,0.0044471473030723505,0.975499379698563,0.007943122658852376,SiC_15deg
higher_only,1800.0,4000.0,1141,False,15.0,5.24,0.0043759761550744266,0.9772831049587393,0.0076234512356874035,SiC_15deg
higher_only,1800.0,4000.0,1141,False,15.0,5.26,0.00431094129960503,0.9774837632167357,0.007595193619655546,SiC_15deg
higher_only,1800.0,4000.0,1141,False,15.0,5.28,0.004253942337964234,0.9761824809183919,0.007843920186686613,SiC_15deg
higher_only,1800.0,4000.0,1141,False,15.0,5.300000000000001,0.004206793608038893,0.9734549099638781,0.008356160891505175,SiC_15deg
higher_only,1800.0,4000.0,1141,False,15.0,5.32,0.004171166434110165,0.9693532382665062,0.009122659646462054,SiC_15deg
higher_only,1800.0,4000.0,1141,False,15.0,5.34,0.004148503921002973,0.9638991597154334,0.010139622806676974,SiC_15deg
higher_only,1800.0,4000.0,1141,False,15.0,5.359999999999999,0.004139907974379945,0.9570886031917133,0.01140781856722638,SiC_15deg
higher_only,1800.0,4000.0,1141,False,15.0,5.38,0.004146012863123267,0.9489063151317951,0.012929880626869731,SiC_15deg
higher_only,1800.0,4000.0,1141,False,15.0,5.4,0.004166872431103024,0.9393463435075939,0.014706544748772693,SiC_15deg
higher_only,1800.0,4000.0,1141,False,15.0,5.42,0.004201893142978965,0.9284333536957172,0.0167327507231807,SiC_15deg
higher_only,1800.0,4000.0,1141,False,15.0,5.4399999999999995,0.004249838833469292,0.9162396973032548,0.018994541759646943,SiC_15deg
higher_only,1800.0,4000.0,1141,False,15.0,5.46,0.0043089163756325245,0.9028942903336705,0.02146748213035366,SiC_15deg
higher_only,1800.0,4000.0,1141,False,15.0,5.48,0.00437693053547797,0.8885814214929448,0.02411693233746072,SiC_15deg
higher_only,1800.0,4000.0,1141,False,15.0,5.5,0.0044514791974919025,0.8735300947474477,0.02690006375011205,SiC_15deg
higher_only,1800.0,4000.0,1141,False,15.0,5.52,0.004530152919411293,0.8579967245575904,0.029769088379025765,SiC_15deg
higher_only,1800.0,4000.0,1141,False,15.0,5.54,0.004610706518151847,0.8422453283120872,0.03267493779231301,SiC_15deg
higher_only,1800.0,4000.0,1141,False,15.0,5.5600000000000005,0.004691181758054631,0.8265294877480672,0.03557060442884433,SiC_15deg
higher_only,1800.0,4000.0,1141,False,15.0,5.58,0.004769973999291112,0.8110793732497537,0.038413540570183584,SiC_15deg
higher_only,1800.0,4000.0,1141,False,15.0,5.6,0.004845847450795009,0.796095454506751,0.04116681848974889,SiC_15deg
higher_only,1800.0,4000.0,1141,False,15.0,5.62,0.0049179111481907605,0.7817486986879136,0.04379909033304381,SiC_15deg
higher_only,1800.0,4000.0,1141,False,15.0,5.640000000000001,0.004985570650937885,0.7681855670132072,0.04628365954145315,SiC_15deg
higher_only,1800.0,4000.0,1141,False,15.0,5.66,0.005048469657200739,0.7555352779294376,0.048597129761622726,SiC_15deg
higher_only,1800.0,4000.0,1141,False,15.0,5.68,0.005106432626263569,0.743916719364924,0.05071811263516901,SiC_15deg
higher_only,1800.0,4000.0,1141,False,15.0,5.7,0.005159415369269106,0.733442976203913,0.05262636893549248,SiC_15deg
higher_only,1800.0,4000.0,1141,False,15.0,5.720000000000001,0.005207466456365545,0.7242224494078119,0.054302572633000305,SiC_15deg
higher_only,1800.0,4000.0,1141,False,15.0,5.74,0.005250698923728655,0.7163566571610698,0.055728683532406946,SiC_15deg
higher_only,1800.0,4000.0,1141,False,15.0,5.76,0.005289269557391977,0.709935722875052,0.05688874641101797,SiC_15deg
higher_only,1800.0,4000.0,1141,False,15.0,5.78,0.005323362072861374,0.7050330776952269,0.057769838203718664,SiC_15deg
higher_only,1800.0,4000.0,1141,False,15.0,5.800000000000001,0.005353170627202525,0.7017009953746622,0.05836286736232548,SiC_15deg
higher_only,1800.0,4000.0,1141,False,15.0,5.82,0.0053788809757884404,0.6999683169868848,0.05866297632460126,SiC_15deg
higher_only,1800.0,4000.0,1141,False,15.0,5.84,0.005400647891811897,0.6998412433259552,0.058669385287052324,SiC_15deg
higher_only,1800.0,4000.0,1141,False,15.0,5.859999999999999,0.005418568953115261,0.7013074830221292,0.058384623396402074,SiC_15deg
higher_only,1800.0,4000.0,1141,False,15.0,5.88,0.00543265629884917,0.7043434004403264,0.05781321181380239,SiC_15deg
higher_only,1800.0,4000.0,1141,False,15.0,5.9,0.005442809319014769,0.7089231329439131,0.056959987404328116,SiC_15deg
higher_only,1800.0,4000.0,1141,False,15.0,5.92,0.0054487922690149345,0.7150279855209827,0.05582837786016365,SiC_15deg
higher_only,1800.0,4000.0,1141,False,15.0,5.9399999999999995,0.005450221253476227,0.7226538730124559,0.054419038263016126,SiC_15deg
higher_only,1800.0,4000.0,1141,False,15.0,5.96,0.005446564681168038,0.7318143522762999,0.05272930109392375,SiC_15deg
higher_only,1800.0,4000.0,1141,False,15.0,5.98,0.0054371600938937946,0.7425370797871083,0.05075383768395007,SiC_15deg
higher_only,1800.0,4000.0,1141,False,15.0,6.0,0.005421248395793307,0.7548524869990006,0.04848675300145096,SiC_15deg
higher_only,1800.0,4000.0,1141,False,15.0,6.02,0.005398024330811636,0.7687750645113788,0.04592504170474666,SiC_15deg
higher_only,1800.0,4000.0,1141,False,15.0,6.04,0.005366699969558945,0.7842796491217207,0.0430729653561589,SiC_15deg
higher_only,1800.0,4000.0,1141,False,15.0,6.0600000000000005,0.005326576195404646,0.8012770748734704,0.03994654947085693,SiC_15deg
higher_only,1800.0,4000.0,1141,False,15.0,6.08,0.005277115742030113,0.8195949029375598,0.03657715046296143,SiC_15deg
higher_only,1800.0,4000.0,1141,False,15.0,6.1,0.005218010245667943,0.8389690800730637,0.03301301742489037,SiC_15deg
higher_only,1800.0,4000.0,1141,False,15.0,6.12,0.005149233347642956,0.8590508320188748,0.029318056201740484,SiC_15deg
higher_only,1800.0,4000.0,1141,False,15.0,6.140000000000001,0.005071072827411164,0.8794298254744596,0.025567602912717934,SiC_15deg
higher_only,1800.0,4000.0,1141,False,15.0,6.16,0.004984137815982989,0.8996702592718643,0.021841815998902427,SiC_15deg
higher_only,1800.0,4000.0,1141,False,15.0,6.18,0.0048893423924464665,0.9193524284565298,0.01821805168712559,SiC_15deg
higher_only,1800.0,4000.0,1141,False,15.0,6.2,0.004787873053260237,0.9381101110936637,0.014763991840004652,SiC_15deg
higher_only,1800.0,4000.0,1141,False,15.0,6.220000000000001,0.004681152258024919,0.9556550057750923,0.011533134292221862,SiC_15deg
higher_only,1800.0,4000.0,1141,False,15.0,6.24,0.004570811016107733,0.9717832792004454,0.008563554893114734,SiC_15deg
higher_only,1800.0,4000.0,1141,False,15.0,6.26,0.004458679134355965,0.9863646103738404,0.005879874171951141,SiC_15deg
higher_only,1800.0,4000.0,1141,False,15.0,6.28,0.00434679320996662,0.9993188948981142,0.003497484937360452,SiC_15deg
higher_only,1800.0,4000.0,1141,False,15.0,6.300000000000001,0.0042374123010397,1.010588417947693,0.0014276108407075842,SiC_15deg
higher_only,1800.0,4000.0,1141,False,15.0,6.32,0.004133022605306153,1.0201133335021269,-0.0003182403468631304,SiC_15deg
higher_only,1800.0,4000.0,1141,False,15.0,6.34,0.004036308285821879,1.0278162265641209,-0.0017254871187545977,SiC_15deg
higher_only,1800.0,4000.0,1141,False,15.0,6.359999999999999,0.0039500680205177465,1.0335983867486185,-0.0027758283379026314,SiC_15deg
higher_only,1800.0,4000.0,1141,False,15.0,6.38,0.003877067270628397,1.0373471554335816,-0.003448620657448727,SiC_15deg
higher_only,1800.0,4000.0,1141,False,15.0,6.4,0.003819834280306963,1.038951037217479,-0.0037236677614434816,SiC_15deg
higher_only,1800.0,4000.0,1141,False,15.0,6.42,0.003780429774260435,1.038317653904957,-0.0035845141712010113,SiC_15deg
higher_only,1800.0,4000.0,1141,False,15.0,6.4399999999999995,0.003760238404895836,1.0353893321033025,-0.0030212852478752423,SiC_15deg
higher_only,1800.0,4000.0,1141,False,15.0,6.46,0.0037598343541999156,1.0301521919925578,-0.002032315358782822,SiC_15deg
higher_only,1800.0,4000.0,1141,False,15.0,6.48,0.0037789579646897316,1.0226367702345753,-0.0006242067478109821,SiC_15deg
higher_only,1800.0,4000.0,1141,False,15.0,6.5,0.003816608414883115,1.0129108587814795,0.001189549727145752,SiC_15deg
higher_only,1800.0,4000.0,1141,False,15.0,6.52,0.003871222761819318,1.0010675763855508,0.00339083125229585,SiC_15deg
higher_only,1800.0,4000.0,1141,False,15.0,6.54,0.003940889901854122,0.9872129892225676,0.005959218447275774,SiC_15deg
higher_only,1800.0,4000.0,1141,False,15.0,6.5600000000000005,0.004023547305058347,0.9714574784793235,0.008873634251062629,SiC_15deg
higher_only,1800.0,4000.0,1141,False,15.0,6.58,0.004117125459760053,0.9539136005944959,0.012112779453736186,SiC_15deg
higher_only,1800.0,4000.0,1141,False,15.0,6.6,0.004219629254630592,0.9347009032296125,0.015654278293299104,SiC_15deg
higher_only,1800.0,4000.0,1141,False,15.0,6.62,0.004329166374436874,0.9139557918741495,0.019472882779003373,SiC_15deg
higher_only,1800.0,4000.0,1141,False,15.0,6.640000000000001,0.004443944099443388,0.8918428454858863,0.023538395992375408,SiC_15deg
higher_only,1800.0,4000.0,1141,False,15.0,6.66,0.004562256838078548,0.8685634967206805,0.02781406369203433,SiC_15deg
higher_only,1800.0,4000.0,1141,False,15.0,6.68,0.00468248010818489,0.8443588689237975,0.03225602378200272,SiC_15deg
higher_only,1800.0,4000.0,1141,False,15.0,6.7,0.0048030769125081176,0.8195054775484973,0.036814053382199244,SiC_15deg
higher_only,1800.0,4000.0,1141,False,15.0,6.720000000000001,0.004922613718026474,0.7943047741028955,0.041433438351597636,SiC_15deg
higher_only,1800.0,4000.0,1141,False,15.0,6.74,0.00503977826098457,0.769069356616389,0.04605745250558658,SiC_15deg
higher_only,1800.0,4000.0,1141,False,15.0,6.76,0.005153390853765934,0.7441095319527348,0.05062977573449787,SiC_15deg
higher_only,1800.0,4000.0,1141,False,15.0,6.78,0.00526240371022138,0.7197236478264543,0.05509622823793978,SiC_15deg
higher_only,1800.0,4000.0,1141,False,15.0,6.800000000000001,0.005365887089601937,0.6961944703736268,0.059405405898096765,SiC_15deg
higher_only,1800.0,4000.0,1141,False,15.0,6.82,0.00546300491330186,0.673792331808331,0.0635080846350937,SiC_15deg
higher_only,1800.0,4000.0,1141,False,15.0,6.84,0.005552984747054027,0.6527842648657181,0.06735553678627577,SiC_15deg
higher_only,1800.0,4000.0,1141,False,15.0,6.859999999999999,0.005635087304674486,0.633447176717088,0.07089711520282511,SiC_15deg
higher_only,1800.0,4000.0,1141,False,15.0,6.88,0.00570857920065848,0.6160824197004452,0.07407758787997223,SiC_15deg
higher_only,1800.0,4000.0,1141,False,15.0,6.9,0.005772710208602282,0.6010288900474141,0.07683474724501575,SiC_15deg
higher_only,1800.0,4000.0,1141,False,15.0,6.92,0.005826693573555352,0.5886719654459783,0.07909778517839042,SiC_15deg
higher_only,1800.0,4000.0,1141,False,15.0,6.9399999999999995,0.005869685793589669,0.5794460824448452,0.080786834881373,SiC_15deg
higher_only,1800.0,4000.0,1141,False,15.0,6.96,0.00590076143604756,0.5738294349126226,0.08181395602782822,SiC_15deg
higher_only,1800.0,4000.0,1141,False,15.0,6.98,0.005918879449009122,0.5723300096378748,0.08208570525953383,SiC_15deg
higher_only,1800.0,4000.0,1141,False,15.0,7.0,0.005922840147123148,0.575462851568364,0.08150731091179571,SiC_15deg
higher_only,1800.0,4000.0,1141,False,15.0,7.0200000000000005,0.005911236205178087,0.5837190364773195,0.07998836490498883,SiC_15deg
higher_only,1800.0,4000.0,1141,False,15.0,7.04,0.005882405744379551,0.5975274118848044,0.07744983953421661,SiC_15deg
higher_only,1800.0,4000.0,1141,False,15.0,7.0600000000000005,0.0058343997739872784,0.6172109334875702,0.07383209800305489,SiC_15deg
higher_only,1800.0,4000.0,1141,False,15.0,7.08,0.005764978548757836,0.6429405417355214,0.06910336370083993,SiC_15deg
higher_only,1800.0,4000.0,1141,False,15.0,7.1,0.005671650661334563,0.6746909653450455,0.06326784862807841,SiC_15deg
higher_only,1800.0,4000.0,1141,False,15.0,7.12,0.005551764288058332,0.7122042384609638,0.05637248288186047,SiC_15deg
higher_only,1800.0,4000.0,1141,False,15.0,7.14,0.005402652339628934,0.754967374336999,0.048511063308855594,SiC_15deg
higher_only,1800.0,4000.0,1141,False,15.0,7.16,0.005221824106369591,0.8022097676689001,0.03982479448485475,SiC_15deg
higher_only,1800.0,4000.0,1141,False,15.0,7.18,0.005007188401086884,0.8529230995482049,0.030498703753548042,SiC_15deg
higher_only,1800.0,4000.0,1141,False,15.0,7.2,0.004757290797458216,0.9059022223095354,0.020754197062325654,SiC_15deg
higher_only,1800.0,4000.0,1141,False,15.0,7.22,0.004471553300981731,0.9598010481237479,0.010838838961250374,SiC_15deg
higher_only,1800.0,4000.0,1141,False,15.0,7.24,0.004150520335448763,1.013194616129793,0.001014965706112104,SiC_15deg
higher_only,1800.0,4000.0,1141,False,15.0,7.26,0.003796141934932124,1.0646385519686004,-0.008451261416063687,SiC_15deg
higher_only,1800.0,4000.0,1141,False,15.0,7.28,0.0034121700464505847,1.1127201052210183,-0.017299294438248947,SiC_15deg
higher_only,1800.0,4000.0,1141,False,15.0,7.3,0.003004829595365783,1.1560995523055442,-0.02528189954292633,SiC_15deg
higher_only,1800.0,4000.0,1141,False,15.0,7.32,0.0025841154707063625,1.1935449662665456,-0.03217166040848542,SiC_15deg
higher_only,1800.0,4000.0,1141,False,15.0,7.34,0.0021665041037149005,1.2239654093151697,-0.03776719861377747,SiC_15deg
higher_only,1800.0,4000.0,1141,False,15.0,7.36,0.0017807052533410828,1.2464467318477106,-0.04189986421369146,SiC_15deg
higher_only,1800.0,4000.0,1141,False,15.0,7.38,0.0014779147007291946,1.260290845012408,-0.04444104058069513,SiC_15deg
higher_only,1800.0,4000.0,1141,False,15.0,7.4,0.0013355625884537898,1.2650550464098813,-0.045309421944655315,SiC_15deg
higher_only,1800.0,4000.0,1141,False,15.0,7.42,0.0014105698801369832,1.2605845921440844,-0.04447700410349221,SiC_15deg
higher_only,1800.0,4000.0,1141,False,15.0,7.44,0.0016705233097162975,1.2470307586340443,-0.04197236067300981,SiC_15deg
higher_only,1800.0,4000.0,1141,False,15.0,7.46,0.0020357003547949656,1.2248486752769576,-0.0378801593601737,SiC_15deg
higher_only,1800.0,4000.0,1141,False,15.0,7.48,0.0024454852437719643,1.1947735158621355,-0.032336671344206244,SiC_15deg
higher_only,1800.0,4000.0,1141,False,15.0,7.5,0.0028651565672850802,1.1577785057337286,-0.02552192634872079,SiC_15deg
higher_only,1800.0,4000.0,1141,False,15.0,7.5200000000000005,0.0032751394593102377,1.1150217154776774,-0.017649812769373992,SiC_15deg
higher_only,1800.0,4000.0,1141,False,15.0,7.54,0.003663852126610952,1.0677895320292623,-0.008957588757370596,SiC_15deg
higher_only,1800.0,4000.0,1141,False,15.0,7.5600000000000005,0.004024243953208041,1.0174429892783614,0.00030404887859813285,SiC_15deg
higher_only,1800.0,4000.0,1141,False,15.0,7.58,0.004352134059288179,0.9653698767346347,0.009879796706920612,SiC_15deg
higher_only,1800.0,4000.0,1141,False,15.0,7.6000000000000005,0.004645343235145559,0.912942315490778,0.019517535336458735,SiC_15deg
higher_only,1800.0,4000.0,1141,False,15.0,7.62,0.00490317851113419,0.8614776531072491,0.028975478556192074,SiC_15deg
higher_only,1800.0,4000.0,1141,False,15.0,7.64,0.005126078561997086,0.8122006580559102,0.038029060367059886,SiC_15deg
higher_only,1800.0,4000.0,1141,False,15.0,7.66,0.0053153334038579525,0.7662067211220968,0.04647762403944239,SiC_15deg
higher_only,1800.0,4000.0,1141,False,15.0,7.68,0.0054728394753150375,0.7244280354034854,0.05415056184834402,SiC_15deg
higher_only,1800.0,4000.0,1141,False,15.0,7.7,0.005600875898767819,0.6876063157892593,0.06091226103149843,SiC_15deg
higher_only,1800.0,4000.0,1141,False,15.0,7.72,0.005701901999362155,0.6562757459910573,0.06666518544090225,SiC_15deg
higher_only,1800.0,4000.0,1141,False,15.0,7.74,0.00577838376258887,0.6307584774094026,0.07135066914450283,SiC_15deg
higher_only,1800.0,4000.0,1141,False,15.0,7.76,0.005832658921877693,0.6111728038212958,0.07494739855166084,SiC_15deg
higher_only,1800.0,4000.0,1141,False,15.0,7.78,0.005866847847177754,0.5974520288109298,0.07746794364083699,SiC_15deg
higher_only,1800.0,4000.0,1141,False,15.0,7.8,0.005882812083226134,0.5893707561872136,0.07895393362207812,SiC_15deg
higher_only,1800.0,4000.0,1141,False,15.0,7.82,0.005882156304058293,0.5865751090205205,0.07947051360697546,SiC_15deg
higher_only,1800.0,4000.0,1141,False,15.0,7.84,0.005866264342210385,0.5886139878816551,0.0791006089752524,SiC_15deg
higher_only,1800.0,4000.0,1141,False,15.0,7.86,0.00583635685930956,0.5949694277709167,0.07793935175562469,SiC_15deg
higher_only,1800.0,4000.0,1141,False,15.0,7.88,0.005793557481503264,0.6050849360608108,0.07608887422077566,SiC_15deg
higher_only,1800.0,4000.0,1141,False,15.0,7.9,0.005738955644350065,0.6183911250929803,0.0736535973104644,SiC_15deg
higher_only,1800.0,4000.0,1141,False,15.0,7.92,0.00567365747474971,0.6343279920730723,0.07073613529088094,SiC_15deg
higher_only,1800.0,4000.0,1141,False,15.0,7.94,0.005598820067102941,0.6523630527705504,0.06743396508437755,SiC_15deg
higher_only,1800.0,4000.0,1141,False,15.0,7.96,0.005515668619513618,0.6720044895785648,0.063837016654213,SiC_15deg
higher_only,1800.0,4000.0,1141,False,15.0,7.98,0.0054254991778902965,0.6928087465350649,0.060026289946023194,SiC_15deg
higher_only,1800.0,4000.0,1141,False,15.0,8.0,0.005329671461660084,0.7143826409408547,0.056073485847700714,SiC_15deg
high_core,2000.0,4000.0,1037,False,10.0,3.0,0.003691569349623631,0.5383625075716119,0.08080331326301643,SiC_10deg
high_core,2000.0,4000.0,1037,False,10.0,3.02,0.0037322892806446123,0.5312680964706714,0.08211062672706816,SiC_10deg
high_core,2000.0,4000.0,1037,False,10.0,3.04,0.0037712088983496038,0.5253890585797578,0.0831916116922662,SiC_10deg
high_core,2000.0,4000.0,1037,False,10.0,3.06,0.0038072885282138132,0.5209581842890509,0.08400293022853758,SiC_10deg
high_core,2000.0,4000.0,1037,False,10.0,3.08,0.0038396901500689622,0.5181825795661312,0.0845060471557406,SiC_10deg
high_core,2000.0,4000.0,1037,False,10.0,3.1,0.0038677938732056545,0.5172242838609362,0.08467081119653938,SiC_10deg
high_core,2000.0,4000.0,1037,False,10.0,3.12,0.0038911935364069074,0.5181857458925759,0.08447814062030366,SiC_10deg
high_core,2000.0,4000.0,1037,False,10.0,3.14,0.003909677558322723,0.5211016068080401,0.08392155053429794,SiC_10deg
high_core,2000.0,4000.0,1037,False,10.0,3.16,0.003923201272666155,0.5259377016297256,0.08300735591208215,SiC_10deg
high_core,2000.0,4000.0,1037,False,10.0,3.18,0.003931856003406198,0.5325974106167293,0.08175352470056821,SiC_10deg
high_core,2000.0,4000.0,1037,False,10.0,3.2,0.003935839025170094,0.5409341689233947,0.08018739598131065,SiC_10deg
high_core,2000.0,4000.0,1037,False,10.0,3.22,0.003935427839556766,0.5507671440782229,0.07834280800106039,SiC_10deg
high_core,2000.0,4000.0,1037,False,10.0,3.24,0.00393096177333554,0.5618954732730919,0.07625747982260406,SiC_10deg
high_core,2000.0,4000.0,1037,False,10.0,3.26,0.003922833159294298,0.5741060633038415,0.07397156510890156,SiC_10deg
high_core,2000.0,4000.0,1037,False,10.0,3.2800000000000002,0.003911488607017009,0.5871716071255145,0.07152799572483694,SiC_10deg
high_core,2000.0,4000.0,1037,False,10.0,3.3,0.003897437852940927,0.6008390900302396,0.06897456740273537,SiC_10deg
high_core,2000.0,4000.0,1037,False,10.0,3.32,0.0038812638663070047,0.6148135438878267,0.06636689144465119,SiC_10deg
high_core,2000.0,4000.0,1037,False,10.0,3.34,0.0038636244446240255,0.628745496779177,0.06377065289122695,SiC_10deg
high_core,2000.0,4000.0,1037,False,10.0,3.36,0.003845234100854843,0.6422318846494184,0.06126136983537202,SiC_10deg
high_core,2000.0,4000.0,1037,False,10.0,3.38,0.0038268174137842336,0.6548380699125905,0.05892024157179497,SiC_10deg
high_core,2000.0,4000.0,1037,False,10.0,3.4,0.0038090324202759763,0.666142749317276,0.05682576191940286,SiC_10deg
high_core,2000.0,4000.0,1037,False,10.0,3.42,0.003792374455425195,0.6757988884470819,0.05504237949261495,SiC_10deg
high_core,2000.0,4000.0,1037,False,10.0,3.44,0.003777083344952863,0.6835951450088303,0.05360909562641476,SiC_10deg
high_core,2000.0,4000.0,1037,False,10.0,3.46,0.003763083615697513,0.6894977016854431,0.052531728201991416,SiC_10deg
high_core,2000.0,4000.0,1037,False,10.0,3.48,0.003749982799452712,0.6936555393003232,0.051781983757746446,SiC_10deg
high_core,2000.0,4000.0,1037,False,10.0,3.5,0.003737136851861301,0.6963630217009353,0.05130446041151303,SiC_10deg
high_core,2000.0,4000.0,1037,False,10.0,3.52,0.0037237711073331643,0.6979878936107464,0.05103006106497182,SiC_10deg
high_core,2000.0,4000.0,1037,False,10.0,3.54,0.0037091297362362836,0.6988840319126949,0.05089221641639314,SiC_10deg
high_core,2000.0,4000.0,1037,False,10.0,3.56,0.0036926220831303693,0.6993121584304159,0.05084161115149869,SiC_10deg
high_core,2000.0,4000.0,1037,False,10.0,3.58,0.0036739392528096567,0.6993880150228154,0.050855806392570875,SiC_10deg
high_core,2000.0,4000.0,1037,False,10.0,3.6,0.0036531234781043012,0.6990690290748791,0.05094172995630944,SiC_10deg
high_core,2000.0,4000.0,1037,False,10.0,3.62,0.0036305818298300644,0.6981804395552563,0.05113086974726596,SiC_10deg
high_core,2000.0,4000.0,1037,False,10.0,3.64,0.0036070440269920026,0.6964723376275588,0.051468760378464415,SiC_10deg
high_core,2000.0,4000.0,1037,False,10.0,3.66,0.0035834728873228067,0.6936916426176469,0.05200171700692831,SiC_10deg
high_core,2000.0,4000.0,1037,False,10.0,3.68,0.00356094545369755,0.689649504368444,0.05276441249887308,SiC_10deg
high_core,2000.0,4000.0,1037,False,10.0,3.7,0.0035405300633317904,0.6842666985042904,0.053771505385373126,SiC_10deg
high_core,2000.0,4000.0,1037,False,10.0,3.7199999999999998,0.003523185148612786,0.6775872513416705,0.05501511123334743,SiC_10deg
high_core,2000.0,4000.0,1037,False,10.0,3.74,0.0035096973157807735,0.6697610705958624,0.056467971007268476,SiC_10deg
high_core,2000.0,4000.0,1037,False,10.0,3.76,0.0035006620654147646,0.6610054305619751,0.05809050316889913,SiC_10deg
high_core,2000.0,4000.0,1037,False,10.0,3.7800000000000002,0.0034964966926650017,0.6515593946971042,0.059839149928823304,SiC_10deg
high_core,2000.0,4000.0,1037,False,10.0,3.8,0.0034974671314910075,0.6416440803251972,0.061673646467081664,SiC_10deg
high_core,2000.0,4000.0,1037,False,10.0,3.8200000000000003,0.003503710752436893,0.6314370048155504,0.06356170062873139,SiC_10deg
high_core,2000.0,4000.0,1037,False,10.0,3.84,0.0035152435597125753,0.6210632806488716,0.06548057697378068,SiC_10deg
high_core,2000.0,4000.0,1037,False,10.0,3.86,0.0035319492900141784,0.610602030373743,0.06741588752260635,SiC_10deg
high_core,2000.0,4000.0,1037,False,10.0,3.88,0.0035535562750853753,0.600103702973121,0.06935838617591918,SiC_10deg
high_core,2000.0,4000.0,1037,False,10.0,3.9,0.00357961336038553,0.5896127959096648,0.07129978018763146,SiC_10deg
high_core,2000.0,4000.0,1037,False,10.0,3.92,0.003609477533147063,0.5791904188631829,0.07322858395683142,SiC_10deg
high_core,2000.0,4000.0,1037,False,10.0,3.94,0.003642323081787332,0.568931906427091,0.07512689705598904,SiC_10deg
high_core,2000.0,4000.0,1037,False,10.0,3.96,0.0036771760696965882,0.5589761546296567,0.07696871630204982,SiC_10deg
high_core,2000.0,4000.0,1037,False,10.0,3.98,0.0037129706830742724,0.5495053228401557,0.07872002770949252,SiC_10deg
high_core,2000.0,4000.0,1037,False,10.0,4.0,0.0037486180779053727,0.5407356322851573,0.08034053836860712,SiC_10deg
high_core,2000.0,4000.0,1037,False,10.0,4.02,0.0037830756298976357,0.5329017100187369,0.08178659235170435,SiC_10deg
high_core,2000.0,4000.0,1037,False,10.0,4.04,0.0038154055295732976,0.5262378655120827,0.0830146436350365,SiC_10deg
high_core,2000.0,4000.0,1037,False,10.0,4.0600000000000005,0.0038448155203329643,0.5209597210812754,0.08398465516742092,SiC_10deg
high_core,2000.0,4000.0,1037,False,10.0,4.08,0.00387067946517821,0.5172489408652232,0.08466292009697525,SiC_10deg
high_core,2000.0,4000.0,1037,False,10.0,4.1,0.00389253964975902,0.515242786830287,0.08502398976103115,SiC_10deg
high_core,2000.0,4000.0,1037,False,10.0,4.12,0.0039100953278844485,0.5150292094597198,0.08505158127809091,SiC_10deg
high_core,2000.0,4000.0,1037,False,10.0,4.140000000000001,0.003923182901304265,0.5166473095591919,0.08473849715199404,SiC_10deg
high_core,2000.0,4000.0,1037,False,10.0,4.16,0.00393175279392966,0.5200922575700953,0.08408572588499394,SiC_10deg
high_core,2000.0,4000.0,1037,False,10.0,4.18,0.003935847190997027,0.5253230410710965,0.0831010228358764,SiC_10deg
high_core,2000.0,4000.0,1037,False,10.0,4.2,0.003935581854001493,0.5322707452086203,0.0817973922298147,SiC_10deg
high_core,2000.0,4000.0,1037,False,10.0,4.22,0.0039311343583168104,0.5408446567046042,0.08019196745829184,SiC_10deg
high_core,2000.0,4000.0,1037,False,10.0,4.24,0.00392274020736414,0.5509336418843663,0.07830575813957485,SiC_10deg
high_core,2000.0,4000.0,1037,False,10.0,4.26,0.003910697092735049,0.562401232500248,0.07616455220333722,SiC_10deg
high_core,2000.0,4000.0,1037,False,10.0,4.28,0.003895375880505254,0.575074647368737,0.0738009309814546,SiC_10deg
high_core,2000.0,4000.0,1037,False,10.0,4.3,0.0038772346923777773,0.5887302536792244,0.07125693505395578,SiC_10deg
high_core,2000.0,4000.0,1037,False,10.0,4.32,0.003856829992156884,0.6030801754822769,0.06858651067630571,SiC_10deg
high_core,2000.0,4000.0,1037,False,10.0,4.34,0.003834816542014536,0.6177662318495618,0.06585659307055927,SiC_10deg
high_core,2000.0,4000.0,1037,False,10.0,4.36,0.003811927560746892,0.6323674343271719,0.06314567417029128,SiC_10deg
high_core,2000.0,4000.0,1037,False,10.0,4.38,0.00378892878485348,0.64642523432436,0.060539081279639924,SiC_10deg
high_core,2000.0,4000.0,1037,False,10.0,4.4,0.0037665464149966624,0.659486281770734,0.05812101582250159,SiC_10deg
high_core,2000.0,4000.0,1037,False,10.0,4.42,0.003745378585692136,0.6711562672758534,0.0559645499348471,SiC_10deg
high_core,2000.0,4000.0,1037,False,10.0,4.4399999999999995,0.003725809951781186,0.6811524772772315,0.054121879648142225,SiC_10deg
high_core,2000.0,4000.0,1037,False,10.0,4.46,0.0037079541688215686,0.6893399586607214,0.05261763660691257,SiC_10deg
high_core,2000.0,4000.0,1037,False,10.0,4.48,0.003691645129757999,0.695739007651662,0.05144753243379499,SiC_10deg
high_core,2000.0,4000.0,1037,False,10.0,4.5,0.0036764847231766594,0.7004999125421831,0.05058308224714121,SiC_10deg
high_core,2000.0,4000.0,1037,False,10.0,4.52,0.0036619378453837835,0.7038513329357736,0.04998121465295791,SiC_10deg
high_core,2000.0,4000.0,1037,False,10.0,4.54,0.003647451997432826,0.7060368999517388,0.049596058103973426,SiC_10deg
high_core,2000.0,4000.0,1037,False,10.0,4.5600000000000005,0.003632574063734353,0.7072574047569602,0.04938968348350648,SiC_10deg
high_core,2000.0,4000.0,1037,False,10.0,4.58,0.0036170407904192606,0.7076329549815158,0.049339142150518094,SiC_10deg
high_core,2000.0,4000.0,1037,False,10.0,4.6,0.0036008284963431323,0.707192629287349,0.04943841052440774,SiC_10deg
high_core,2000.0,4000.0,1037,False,10.0,4.62,0.003584157820704154,0.7058910507048761,0.0496953531374524,SiC_10deg
high_core,2000.0,4000.0,1037,False,10.0,4.640000000000001,0.0035674586413582095,0.7036441402919429,0.05012513711962142,SiC_10deg
high_core,2000.0,4000.0,1037,False,10.0,4.66,0.0035513077293887947,0.7003717473040137,0.05074237063598835,SiC_10deg
high_core,2000.0,4000.0,1037,False,10.0,4.68,0.003536356233866356,0.6960340102894016,0.05155438994581552,SiC_10deg
high_core,2000.0,4000.0,1037,False,10.0,4.7,0.0035232643305296504,0.6906514609448604,0.05255753574883525,SiC_10deg
high_core,2000.0,4000.0,1037,False,10.0,4.72,0.0035126556160986026,0.6843049642196889,0.053737138328924135,SiC_10deg
high_core,2000.0,4000.0,1037,False,10.0,4.74,0.0035050953251817354,0.6771182956287042,0.05507069591245684,SiC_10deg
high_core,2000.0,4000.0,1037,False,10.0,4.76,0.003501087321941423,0.6692310061759591,0.05653283834914628,SiC_10deg
high_core,2000.0,4000.0,1037,False,10.0,4.78,0.0035010785451695813,0.660770814252919,0.05810037627545168,SiC_10deg
high_core,2000.0,4000.0,1037,False,10.0,4.8,0.003505458189630226,0.6518332899749382,0.05975600767170897,SiC_10deg
high_core,2000.0,4000.0,1037,False,10.0,4.82,0.0035145422946656142,0.6424733529780897,0.061489851326085816,SiC_10deg
high_core,2000.0,4000.0,1037,False,10.0,4.84,0.003528540937890247,0.6327095280185414,0.06329863555071508,SiC_10deg
high_core,2000.0,4000.0,1037,False,10.0,4.86,0.0035475126689830604,0.6225389286448395,0.0651829184588848,SiC_10deg
high_core,2000.0,4000.0,1037,False,10.0,4.88,0.003571316991056469,0.6119589207490559,0.06714308795837702,SiC_10deg
high_core,2000.0,4000.0,1037,False,10.0,4.9,0.0035995787716699944,0.6009903976317807,0.06917507706947001,SiC_10deg
high_core,2000.0,4000.0,1037,False,10.0,4.92,0.0036316772808442205,0.5896975707498509,0.07126673395315147,SiC_10deg
high_core,2000.0,4000.0,1037,False,10.0,4.9399999999999995,0.003666767138696756,0.5782001428047059,0.0733956067030213,SiC_10deg
high_core,2000.0,4000.0,1037,False,10.0,4.96,0.0037038303762341233,0.5666755540571429,0.0755285646592669,SiC_10deg
high_core,2000.0,4000.0,1037,False,10.0,4.98,0.003741750816345272,0.5553512941479919,0.07762325239704074,SiC_10deg
high_core,2000.0,4000.0,1037,False,10.0,5.0,0.003779396862205085,0.544489442862419,0.07963097221047906,SiC_10deg
high_core,2000.0,4000.0,1037,False,10.0,5.02,0.0038156980749162192,0.5343670361053916,0.0815003280775442,SiC_10deg
high_core,2000.0,4000.0,1037,False,10.0,5.04,0.003849704287717241,0.5252562105203828,0.08318090048326925,SiC_10deg
high_core,2000.0,4000.0,1037,False,10.0,5.0600000000000005,0.0038806216322893315,0.5174074287071954,0.08462634395290985,SiC_10deg
high_core,2000.0,4000.0,1037,False,10.0,5.08,0.003907825543665951,0.5110378130277282,0.08579653577401061,SiC_10deg
high_core,2000.0,4000.0,1037,False,10.0,5.1,0.003930854965224722,0.506325199117934,0.08665866636030156,SiC_10deg
high_core,2000.0,4000.0,1037,False,10.0,5.12,0.0039493940152487755,0.5034073227043274,0.08718738227498844,SiC_10deg
high_core,2000.0,4000.0,1037,False,10.0,5.140000000000001,0.003963247578499241,0.5023847330306388,0.0873642433122318,SiC_10deg
high_core,2000.0,4000.0,1037,False,10.0,5.16,0.00397231633924103,0.5033255784668539,0.08717683653506618,SiC_10deg
high_core,2000.0,4000.0,1037,False,10.0,5.18,0.00397657536564647,0.5062702690338313,0.08661791526801405,SiC_10deg
high_core,2000.0,4000.0,1037,False,10.0,5.2,0.003976058951236434,0.5112341422006348,0.08568490813076671,SiC_10deg
high_core,2000.0,4000.0,1037,False,10.0,5.220000000000001,0.003970853203996363,0.5182066412593438,0.08438007245489536,SiC_10deg
high_core,2000.0,4000.0,1037,False,10.0,5.24,0.003961096819082851,0.527146173591095,0.08271144508988888,SiC_10deg
high_core,2000.0,4000.0,1037,False,10.0,5.26,0.0039469894238025,0.5379707385629267,0.08069457333239664,SiC_10deg
high_core,2000.0,4000.0,1037,False,10.0,5.28,0.0039288056578829994,0.5505455472489535,0.07835479930705644,SiC_10deg
high_core,2000.0,4000.0,1037,False,10.0,5.300000000000001,0.003906911625015222,0.5646700943042912,0.07572964184371589,SiC_10deg
high_core,2000.0,4000.0,1037,False,10.0,5.32,0.0038817785893428694,0.5800683047037966,0.07287060452593881,SiC_10deg
high_core,2000.0,4000.0,1037,False,10.0,5.34,0.0038539872027059867,0.5963861451445248,0.0698435966819629,SiC_10deg
high_core,2000.0,4000.0,1037,False,10.0,5.359999999999999,0.003824214990347908,0.6132009652104957,0.06672717795637277,SiC_10deg
high_core,2000.0,4000.0,1037,False,10.0,5.38,0.0037932014648863195,0.6300452479201043,0.06360813219812998,SiC_10deg
high_core,2000.0,4000.0,1037,False,10.0,5.4,0.0037616900103312084,0.6464441056811042,0.06057449740633757,SiC_10deg
high_core,2000.0,4000.0,1037,False,10.0,5.42,0.0037303533281509292,0.6619612298125881,0.05770703678222267,SiC_10deg
high_core,2000.0,4000.0,1037,False,10.0,5.4399999999999995,0.0036997175520572896,0.6762436249586407,0.05507094624870724,SiC_10deg
high_core,2000.0,4000.0,1037,False,10.0,5.46,0.003670105256724275,0.6890535336838765,0.05270994829476201,SiC_10deg
high_core,2000.0,4000.0,1037,False,10.0,5.48,0.003641615914604377,0.7002781601979721,0.05064451038890022,SiC_10deg
high_core,2000.0,4000.0,1037,False,10.0,5.5,0.003614153151946422,0.7099139939320604,0.048874776298538515,SiC_10deg
high_core,2000.0,4000.0,1037,False,10.0,5.52,0.003587494664801728,0.7180304371783033,0.04738733369128279,SiC_10deg
high_core,2000.0,4000.0,1037,False,10.0,5.54,0.0035613884553387563,0.7247237859096805,0.046163767625140635,SiC_10deg
high_core,2000.0,4000.0,1037,False,10.0,5.5600000000000005,0.0035356527416393123,0.7300749407103256,0.04518852132664634,SiC_10deg
high_core,2000.0,4000.0,1037,False,10.0,5.58,0.0035102578387585784,0.7341220102895972,0.04445399836157438,SiC_10deg
high_core,2000.0,4000.0,1037,False,10.0,5.6,0.003485374865838053,0.7368534582086106,0.043961861667933706,SiC_10deg
high_core,2000.0,4000.0,1037,False,10.0,5.62,0.003461385466180017,0.7382207309999882,0.043720726123044056,SiC_10deg
high_core,2000.0,4000.0,1037,False,10.0,5.640000000000001,0.0034388562318400356,0.7381635066368276,0.043741511875877714,SiC_10deg
high_core,2000.0,4000.0,1037,False,10.0,5.66,0.0034184891019881135,0.736637480542589,0.04403231936905329,SiC_10deg
high_core,2000.0,4000.0,1037,False,10.0,5.68,0.0034010628629626972,0.7336348434241259,0.04459464248203271,SiC_10deg
high_core,2000.0,4000.0,1037,False,10.0,5.7,0.0033873798390449965,0.7291910665347553,0.04542209772512405,SiC_10deg
high_core,2000.0,4000.0,1037,False,10.0,5.720000000000001,0.0033782261853822462,0.7233768879607891,0.04650187465429341,SiC_10deg
high_core,2000.0,4000.0,1037,False,10.0,5.74,0.0033743460080912866,0.7162794415311943,0.04781818266557902,SiC_10deg
high_core,2000.0,4000.0,1037,False,10.0,5.76,0.0033764221485070903,0.7079795536715089,0.049356401349084304,SiC_10deg
high_core,2000.0,4000.0,1037,False,10.0,5.78,0.0033850528553941795,0.6985326765452852,0.051106560127316354,SiC_10deg
high_core,2000.0,4000.0,1037,False,10.0,5.800000000000001,0.0034007150929727904,0.6879591676559162,0.05306509705345504,SiC_10deg
high_core,2000.0,4000.0,1037,False,10.0,5.82,0.003423711287243936,0.676246690836711,0.05523438782968533,SiC_10deg
high_core,2000.0,4000.0,1037,False,10.0,5.84,0.003454104761354025,0.6633643895147222,0.057620112211657776,SiC_10deg
high_core,2000.0,4000.0,1037,False,10.0,5.859999999999999,0.003491657004662673,0.64928581825564,0.0602270163333191,SiC_10deg
high_core,2000.0,4000.0,1037,False,10.0,5.88,0.0035357842729730796,0.6340157686875951,0.06305397010925926,SiC_10deg
high_core,2000.0,4000.0,1037,False,10.0,5.9,0.003585549721487682,0.6176153267339171,0.06608936491176225,SiC_10deg
high_core,2000.0,4000.0,1037,False,10.0,5.92,0.003639700081968995,0.6002199256203469,0.06930781570184358,SiC_10deg
high_core,2000.0,4000.0,1037,False,10.0,5.9399999999999995,0.003696744924962956,0.5820468134722601,0.07266882416037296,SiC_10deg
high_core,2000.0,4000.0,1037,False,10.0,5.96,0.0037550656542089315,0.5633908933481035,0.07611758904278106,SiC_10deg
high_core,2000.0,4000.0,1037,False,10.0,5.98,0.00381303447329026,0.5446106139870087,0.07958764748261898,SiC_10deg
high_core,2000.0,4000.0,1037,False,10.0,6.0,0.0038691227658441216,0.526107651986858,0.08300465146398162,SiC_10deg
high_core,2000.0,4000.0,1037,False,10.0,6.02,0.003921983137115819,0.5083049204192956,0.08629043941105544,SiC_10deg
high_core,2000.0,4000.0,1037,False,10.0,6.04,0.003970497254149429,0.49162685751116975,0.0893666728620874,SiC_10deg
high_core,2000.0,4000.0,1037,False,10.0,6.0600000000000005,0.00401378954126292,0.47648439593011066,0.09215759716192765,SiC_10deg
high_core,2000.0,4000.0,1037,False,10.0,6.08,0.004051212524980906,0.4632651661026331,0.0945918274997837,SiC_10deg
high_core,2000.0,4000.0,1037,False,10.0,6.1,0.004082312398192476,0.4523279812688203,0.09660334014925068,SiC_10deg
high_core,2000.0,4000.0,1037,False,10.0,6.12,0.00410678362190742,0.4439998569686859,0.0981319955181412,SiC_10deg
high_core,2000.0,4000.0,1037,False,10.0,6.140000000000001,0.004124420130276373,0.4385737724025125,0.09912392763745395,SiC_10deg
high_core,2000.0,4000.0,1037,False,10.0,6.16,0.004135068967280714,0.4363058599177851,0.09953204576973715,SiC_10deg
high_core,2000.0,4000.0,1037,False,10.0,6.18,0.004138590628511448,0.4374113557410884,0.0993167735586735,SiC_10deg
high_core,2000.0,4000.0,1037,False,10.0,6.2,0.004134829263685238,0.44205912823420296,0.09844706074716356,SiC_10deg
high_core,2000.0,4000.0,1037,False,10.0,6.220000000000001,0.004123595173126322,0.4503647467947511,0.09690167388790147,SiC_10deg
high_core,2000.0,4000.0,1037,False,10.0,6.24,0.0041046615256730415,0.46238192267418626,0.09467079524809997,SiC_10deg
high_core,2000.0,4000.0,1037,False,10.0,6.26,0.004077776726083144,0.47809200252671863,0.09175798554988766,SiC_10deg
high_core,2000.0,4000.0,1037,False,10.0,6.28,0.004042693145689954,0.49739136599698974,0.08818253381178354,SiC_10deg
high_core,2000.0,4000.0,1037,False,10.0,6.300000000000001,0.003999211750405312,0.5200773194640904,0.08398208038522804,SiC_10deg
high_core,2000.0,4000.0,1037,False,10.0,6.32,0.00394724026959618,0.5458343940729542,0.07921515638879424,SiC_10deg
high_core,2000.0,4000.0,1037,False,10.0,6.34,0.0038868598653650725,0.5742245140098879,0.0739629957346443,SiC_10deg
high_core,2000.0,4000.0,1037,False,10.0,6.359999999999999,0.003818392133572388,0.6046856319146107,0.06832976848870721,SiC_10deg
high_core,2000.0,4000.0,1037,False,10.0,6.38,0.0037424557057970267,0.6365432849257734,0.062440413131288945,SiC_10deg
high_core,2000.0,4000.0,1037,False,10.0,6.4,0.0036600013118468265,0.6690374475538643,0.05643563216253221,SiC_10deg
high_core,2000.0,4000.0,1037,False,10.0,6.42,0.0035723174140388013,0.7013630950791947,0.050464350821912654,SiC_10deg
high_core,2000.0,4000.0,1037,False,10.0,6.4399999999999995,0.0034810057063958317,0.7327181875874315,0.04467480995833584,SiC_10deg
high_core,2000.0,4000.0,1037,False,10.0,6.46,0.0033879348786366023,0.7623493957320203,0.039206090326014305,SiC_10deg
high_core,2000.0,4000.0,1037,False,10.0,6.48,0.0032951878966475407,0.7895858232352649,0.0341818752604219,SiC_10deg
high_core,2000.0,4000.0,1037,False,10.0,6.5,0.0032050180970495416,0.8138548980645917,0.029707530593205342,SiC_10deg
high_core,2000.0,4000.0,1037,False,10.0,6.52,0.0031198205216713144,0.8346811116875872,0.02587037371564094,SiC_10deg
high_core,2000.0,4000.0,1037,False,10.0,6.54,0.003042109531348581,0.8516744974697764,0.02274185276688005,SiC_10deg
high_core,2000.0,4000.0,1037,False,10.0,6.5600000000000005,0.0029744786455249204,0.8645188032442657,0.02037978952000827,SiC_10deg
high_core,2000.0,4000.0,1037,False,10.0,6.58,0.002919512568529848,0.8729678854534989,0.018829103429165918,SiC_10deg
high_core,2000.0,4000.0,1037,False,10.0,6.6,0.002879631452502922,0.8768536662899437,0.01812039303062895,SiC_10deg
high_core,2000.0,4000.0,1037,False,10.0,6.62,0.002856874289480995,0.876102412895982,0.01826696753984845,SiC_10deg
high_core,2000.0,4000.0,1037,False,10.0,6.640000000000001,0.0028526627750237333,0.8707510383632621,0.01926185695984637,SiC_10deg
high_core,2000.0,4000.0,1037,False,10.0,6.66,0.0028676110525893772,0.8609538236078653,0.021076570992656845,SiC_10deg
high_core,2000.0,4000.0,1037,False,10.0,6.68,0.0029014427924122814,0.8469729767263035,0.023662822508658612,SiC_10deg
high_core,2000.0,4000.0,1037,False,10.0,6.7,0.0029530419140075368,0.8291523833927137,0.026957338193787744,SiC_10deg
high_core,2000.0,4000.0,1037,False,10.0,6.720000000000001,0.0030206144995389692,0.8078801035637581,0.0308887365313056,SiC_10deg
high_core,2000.0,4000.0,1037,False,10.0,6.74,0.003101904165440406,0.7835491004658022,0.03538472884507155,SiC_10deg
high_core,2000.0,4000.0,1037,False,10.0,6.76,0.0031943979190349196,0.7565261300341171,0.04037781729655434,SiC_10deg
high_core,2000.0,4000.0,1037,False,10.0,6.78,0.003295480638467253,0.7271360713156033,0.04580815131214104,SiC_10deg
high_core,2000.0,4000.0,1037,False,10.0,6.800000000000001,0.003402527296616381,0.6956646476508365,0.051623001879653144,SiC_10deg
high_core,2000.0,4000.0,1037,False,10.0,6.82,0.0035129472621806077,0.6623779914264932,0.05777314194312341,SiC_10deg
high_core,2000.0,4000.0,1037,False,10.0,6.84,0.0036242071109130083,0.6275539009529196,0.06420708521505349,SiC_10deg
high_core,2000.0,4000.0,1037,False,10.0,6.859999999999999,0.0037338576779123293,0.5915174625839519,0.07086453582429342,SiC_10deg
high_core,2000.0,4000.0,1037,False,10.0,6.88,0.003839581695141155,0.5546731742558645,0.07767049829029915,SiC_10deg
high_core,2000.0,4000.0,1037,False,10.0,6.9,0.003939265219449021,0.5175268279424236,0.08453128776091384,SiC_10deg
high_core,2000.0,4000.0,1037,False,10.0,6.92,0.004031083571248916,0.480692962336755,0.09133320651164915,SiC_10deg
high_core,2000.0,4000.0,1037,False,10.0,6.9399999999999995,0.00411358399593701,0.4448870822210625,0.09794402624862183,SiC_10deg
high_core,2000.0,4000.0,1037,False,10.0,6.96,0.004185744511257368,0.4109051053918487,0.10421681332137094,SiC_10deg
high_core,2000.0,4000.0,1037,False,10.0,6.98,0.004246991346034813,0.37959463773549607,0.10999524108724498,SiC_10deg
high_core,2000.0,4000.0,1037,False,10.0,7.0,0.00429716432574761,0.3518230878942785,0.1151194614320854,SiC_10deg
high_core,2000.0,4000.0,1037,False,10.0,7.0200000000000005,0.0043364281088422735,0.3284464244547797,0.11943183469655294,SiC_10deg
high_core,2000.0,4000.0,1037,False,10.0,7.04,0.004365135302134909,0.3102803247811127,0.12278220018842194,SiC_10deg
high_core,2000.0,4000.0,1037,False,10.0,7.0600000000000005,0.004383654210448506,0.29807361082552397,0.12503271456817958,SiC_10deg
high_core,2000.0,4000.0,1037,False,10.0,7.08,0.004392179208511922,0.2924830252641208,0.1260624426409676,SiC_10deg
high_core,2000.0,4000.0,1037,False,10.0,7.1,0.00439054546299002,0.29404879504870635,0.12577181305997406,SiC_10deg
high_core,2000.0,4000.0,1037,False,10.0,7.12,0.004378071373294334,0.3031716321053159,0.12408682873622584,SiC_10deg
high_core,2000.0,4000.0,1037,False,10.0,7.14,0.004353450465341192,0.3200929808803385,0.12096270526875606,SiC_10deg
high_core,2000.0,4000.0,1037,False,10.0,7.16,0.0043147087212693416,0.344880578991591,0.11638655929693305,SiC_10deg
high_core,2000.0,4000.0,1037,False,10.0,7.18,0.004259234106179236,0.37742032194265185,0.11037896195307151,SiC_10deg
high_core,2000.0,4000.0,1037,False,10.0,7.2,0.004183874885760772,0.4174132872701966,0.10299456158238143,SiC_10deg
high_core,2000.0,4000.0,1037,False,10.0,7.22,0.004085095675119351,0.4643744886031046,0.09432239780369117,SiC_10deg
high_core,2000.0,4000.0,1037,False,10.0,7.24,0.0039591775876074015,0.5176286625753853,0.08448676138356859,SiC_10deg
high_core,2000.0,4000.0,1037,False,10.0,7.26,0.0038024515733368,0.5762990518578908,0.07364933326238428,SiC_10deg
high_core,2000.0,4000.0,1037,False,10.0,7.28,0.0036115598153609848,0.6392880090434984,0.062012810193255656,SiC_10deg
high_core,2000.0,4000.0,1037,False,10.0,7.3,0.003383745593462542,0.7052528293023602,0.04982538131754914,SiC_10deg
high_core,2000.0,4000.0,1037,False,10.0,7.32,0.003117175252588435,0.7725853880784457,0.037384468797035254,SiC_10deg
high_core,2000.0,4000.0,1037,False,10.0,7.34,0.0028112988878604313,0.8394083061740159,0.025037383229571053,SiC_10deg
high_core,2000.0,4000.0,1037,False,10.0,7.36,0.0024672705941647974,0.903601679650803,0.013176305569751075,SiC_10deg
high_core,2000.0,4000.0,1037,False,10.0,7.38,0.002088512006594243,0.962871377785764,0.0022255724832919367,SiC_10deg
high_core,2000.0,4000.0,1037,False,10.0,7.4,0.0016817474249403287,1.0148620968516442,-0.007379309173515948,SiC_10deg
high_core,2000.0,4000.0,1037,False,10.0,7.42,0.0012598616237014572,1.0573072385535798,-0.015219435317628245,SiC_10deg
high_core,2000.0,4000.0,1037,False,10.0,7.44,0.000853149907299606,1.0881967960731904,-0.020923570404621245,SiC_10deg
high_core,2000.0,4000.0,1037,False,10.0,7.46,0.000563075791323058,1.105938185226692,-0.024197862432733627,SiC_10deg
high_core,2000.0,4000.0,1037,False,10.0,7.48,0.0006254567675186291,1.109486304429241,-0.02484982185155,SiC_10deg
high_core,2000.0,4000.0,1037,False,10.0,7.5,0.0009752932983597257,1.0984274750664187,-0.022803736609628256,SiC_10deg
high_core,2000.0,4000.0,1037,False,10.0,7.5200000000000005,0.0014006886652801797,1.073013138335201,-0.018106779361270503,SiC_10deg
high_core,2000.0,4000.0,1037,False,10.0,7.54,0.0018319405216118154,1.0341478817381564,-0.010926675210029557,SiC_10deg
high_core,2000.0,4000.0,1037,False,10.0,7.5600000000000005,0.00224527111804058,0.9833392605644907,-0.0015423325739773127,SiC_10deg
high_core,2000.0,4000.0,1037,False,10.0,7.58,0.002628814028733453,0.9226147193940087,0.009671564588392028,SiC_10deg
high_core,2000.0,4000.0,1037,False,10.0,7.6000000000000005,0.0029755155522203916,0.8544076965174964,0.022265609064102364,SiC_10deg
high_core,2000.0,4000.0,1037,False,10.0,7.62,0.003281312456702005,0.7814150496364191,0.0357419733484161,SiC_10deg
high_core,2000.0,4000.0,1037,False,10.0,7.64,0.0035445206563376073,0.7064329318318531,0.049584657550358395,SiC_10deg
high_core,2000.0,4000.0,1037,False,10.0,7.66,0.003765498585339578,0.6321859494324064,0.06329096074344476,SiC_10deg
high_core,2000.0,4000.0,1037,False,10.0,7.68,0.003946319329272965,0.5611701690087241,0.07640039700228748,SiC_10deg
high_core,2000.0,4000.0,1037,False,10.0,7.7,0.0040903796694202075,0.49553027074571454,0.08851732397466898,SiC_10deg
high_core,2000.0,4000.0,1037,False,10.0,7.72,0.00420194981789587,0.4369840872508915,0.0993248481511083,SiC_10deg
high_core,2000.0,4000.0,1037,False,10.0,7.74,0.004285700634702731,0.38679674787072155,0.10858959743333851,SiC_10deg
high_core,2000.0,4000.0,1037,False,10.0,7.76,0.004346255056752667,0.345796187689378,0.11615887631055687,SiC_10deg
high_core,2000.0,4000.0,1037,False,10.0,7.78,0.0043878062405366385,0.31441550947007607,0.12195287286197669,SiC_10deg
high_core,2000.0,4000.0,1037,False,10.0,7.8,0.004413833472714958,0.2927468401628879,0.12595474227192857,SiC_10deg
high_core,2000.0,4000.0,1037,False,10.0,7.82,0.00442693331525243,0.280594841181892,0.1282007436866506,SiC_10deg
high_core,2000.0,4000.0,1037,False,10.0,7.84,0.004428770274312119,0.27752364779033095,0.12877157352276006,SiC_10deg
high_core,2000.0,4000.0,1037,False,10.0,7.86,0.004420139151341084,0.2828964135199613,0.12778504527822676,SiC_10deg
high_core,2000.0,4000.0,1037,False,10.0,7.88,0.00440112034141279,0.2959101871462977,0.12538961446552857,SiC_10deg
high_core,2000.0,4000.0,1037,False,10.0,7.9,0.0043713005895055146,0.31562988619525173,0.12175805981402187,SiC_10deg
high_core,2000.0,4000.0,1037,False,10.0,7.92,0.004330026764587111,0.3410239490057117,0.11708085283027599,SiC_10deg
high_core,2000.0,4000.0,1037,False,10.0,7.94,0.004276660516131983,0.37100188341306173,0.1115591851516369,SiC_10deg
high_core,2000.0,4000.0,1037,False,10.0,7.96,0.004210807276157017,0.4044517236614277,0.10539802933206144,SiC_10deg
high_core,2000.0,4000.0,1037,False,10.0,7.98,0.004132502091945981,0.4402744393488733,0.09879978453042622,SiC_10deg
high_core,2000.0,4000.0,1037,False,10.0,8.0,0.004042344070753394,0.4774129767337136,0.09195893736907725,SiC_10deg
high_core,2000.0,4000.0,1037,False,15.0,3.0,0.004490073047361392,0.7313284113588878,0.05341632113123217,SiC_15deg
high_core,2000.0,4000.0,1037,False,15.0,3.02,0.0045520583566055015,0.7208793010277884,0.0553437468322224,SiC_15deg
high_core,2000.0,4000.0,1037,False,15.0,3.04,0.004608541251285185,0.7127835826512464,0.056834512974089646,SiC_15deg
high_core,2000.0,4000.0,1037,False,15.0,3.06,0.004657894093546509,0.7074712481701982,0.0578087252655861,SiC_15deg
high_core,2000.0,4000.0,1037,False,15.0,3.08,0.004698789569341862,0.7053501135466502,0.05819062693689684,SiC_15deg
high_core,2000.0,4000.0,1037,False,15.0,3.1,0.004730213700412175,0.7067718868533309,0.05791485485053665,SiC_15deg
high_core,2000.0,4000.0,1037,False,15.0,3.12,0.004751455992636385,0.7120007874973299,0.05693222611988662,SiC_15deg
high_core,2000.0,4000.0,1037,False,15.0,3.14,0.004762088312707833,0.7211867150608839,0.05521469694531377,SiC_15deg
high_core,2000.0,4000.0,1037,False,15.0,3.16,0.004761942726493334,0.7343452884273467,0.052759073867305106,SiC_15deg
high_core,2000.0,4000.0,1037,False,15.0,3.18,0.004751094836085912,0.7513475349141783,0.04958896790578254,SiC_15deg
high_core,2000.0,4000.0,1037,False,15.0,3.2,0.004729854936098976,0.7719216586104004,0.04575453943973232,SiC_15deg
high_core,2000.0,4000.0,1037,False,15.0,3.22,0.00469876632869024,0.7956673270338831,0.04132994121890682,SiC_15deg
high_core,2000.0,4000.0,1037,False,15.0,3.24,0.0046586094496186056,0.8220793344791995,0.03640902242957269,SiC_15deg
high_core,2000.0,4000.0,1037,False,15.0,3.26,0.0046104117564133035,0.8505737162496467,0.031100554807317386,SiC_15deg
high_core,2000.0,4000.0,1037,False,15.0,3.2800000000000002,0.0045554646910909696,0.8805077008795678,0.025524558203085388,SiC_15deg
high_core,2000.0,4000.0,1037,False,15.0,3.3,0.0044953476173474755,0.9111871724450734,0.019810889017501256,SiC_15deg
high_core,2000.0,4000.0,1037,False,15.0,3.32,0.004431952324062794,0.9418616157317748,0.014100098157904825,SiC_15deg
high_core,2000.0,4000.0,1037,False,15.0,3.34,0.004367490870636603,0.9717146579230836,0.008545064400041658,SiC_15deg
high_core,2000.0,4000.0,1037,False,15.0,3.36,0.0043044581904676275,0.9998647890123572,0.0033107138081921532,SiC_15deg
high_core,2000.0,4000.0,1037,False,15.0,3.38,0.004245516328505283,1.0253922037574175,-0.00143111492453981,SiC_15deg
high_core,2000.0,4000.0,1037,False,15.0,3.4,0.004193278192789036,1.0474018256401416,-0.005513506699735077,SiC_15deg
high_core,2000.0,4000.0,1037,False,15.0,3.42,0.004150000424033186,1.0651196699418706,-0.008792459434821707,SiC_15deg
high_core,2000.0,4000.0,1037,False,15.0,3.44,0.004117241689552729,1.0780033588845002,-0.011167446152279744,SiC_15deg
high_core,2000.0,4000.0,1037,False,15.0,3.46,0.004095583278602042,1.0858347619485922,-0.012598593666018896,SiC_15deg
high_core,2000.0,4000.0,1037,False,15.0,3.48,0.004084514459348075,1.0887611396065828,-0.01311424074303848,SiC_15deg
high_core,2000.0,4000.0,1037,False,15.0,3.5,0.004082540411091076,1.087264391119359,-0.01280511043489414,SiC_15deg
high_core,2000.0,4000.0,1037,False,15.0,3.52,0.004087492491346994,1.0820616352051171,-0.01180572823781776,SiC_15deg
high_core,2000.0,4000.0,1037,False,15.0,3.54,0.004096950845468649,1.0739635736679662,-0.010268025837873451,SiC_15deg
high_core,2000.0,4000.0,1037,False,15.0,3.56,0.004108663277844971,1.0637294423251995,-0.00833434820669394,SiC_15deg
high_core,2000.0,4000.0,1037,False,15.0,3.58,0.004120865915535304,1.0519550650279024,-0.006116636723392621,SiC_15deg
high_core,2000.0,4000.0,1037,False,15.0,3.6,0.004132457572825047,1.039017232639865,-0.003686078253696583,SiC_15deg
high_core,2000.0,4000.0,1037,False,15.0,3.62,0.0041430243652780235,1.025080136511756,-0.001074260246178703,SiC_15deg
high_core,2000.0,4000.0,1037,False,15.0,3.64,0.0041527410808423785,1.0101534697035996,0.0017161093990053697,SiC_15deg
high_core,2000.0,4000.0,1037,False,15.0,3.66,0.00416219175515282,0.9941801821135872,0.004694998721070125,SiC_15deg
high_core,2000.0,4000.0,1037,False,15.0,3.68,0.004172158593603012,0.9771265414386264,0.007868417673444993,SiC_15deg
high_core,2000.0,4000.0,1037,False,15.0,3.7,0.004183427382885296,0.959049357142086,0.011225989602811268,SiC_15deg
high_core,2000.0,4000.0,1037,False,15.0,3.7199999999999998,0.004196647229176064,0.9401246995954251,0.01473561199218957,SiC_15deg
high_core,2000.0,4000.0,1037,False,15.0,3.74,0.004212263000499676,0.9206361216124292,0.018345570270132446,SiC_15deg
high_core,2000.0,4000.0,1037,False,15.0,3.76,0.0042305156032368665,0.9009330139973192,0.021992146058470836,SiC_15deg
high_core,2000.0,4000.0,1037,False,15.0,3.7800000000000002,0.004251486756314178,0.8813766215850107,0.025609494878329468,SiC_15deg
high_core,2000.0,4000.0,1037,False,15.0,3.8,0.004275157536845413,0.8622909376386132,0.029138627077465205,SiC_15deg
high_core,2000.0,4000.0,1037,False,15.0,3.8200000000000003,0.004301454084992125,0.8439301931594207,0.032533338690495885,SiC_15deg
high_core,2000.0,4000.0,1037,False,15.0,3.84,0.004330265060907015,0.8264675055382181,0.03576225471216123,SiC_15deg
high_core,2000.0,4000.0,1037,False,15.0,3.86,0.004361428166089151,0.8100032723531123,0.03880724695443592,SiC_15deg
high_core,2000.0,4000.0,1037,False,15.0,3.88,0.004394693372088249,0.794588217779354,0.0416591654237703,SiC_15deg
high_core,2000.0,4000.0,1037,False,15.0,3.9,0.004429676764500511,0.780254412648488,0.044312114230457826,SiC_15deg
high_core,2000.0,4000.0,1037,False,15.0,3.92,0.0044658208142790996,0.7670474199707493,0.04675753405352254,SiC_15deg
high_core,2000.0,4000.0,1037,False,15.0,3.94,0.0045023747177945555,0.7550534502602563,0.04897921744604401,SiC_15deg
high_core,2000.0,4000.0,1037,False,15.0,3.96,0.004538402949305818,0.7444168291098421,0.050950120417893936,SiC_15deg
high_core,2000.0,4000.0,1037,False,15.0,3.98,0.004572822802575546,0.7353450712779159,0.052631464820835853,SiC_15deg
high_core,2000.0,4000.0,1037,False,15.0,4.0,0.004604464597236933,0.7281011707424725,0.05397419806914239,SiC_15deg
high_core,2000.0,4000.0,1037,False,15.0,4.02,0.004632143565153674,0.7229849009997559,0.05492247409812035,SiC_15deg
high_core,2000.0,4000.0,1037,False,15.0,4.04,0.004654731488556293,0.7203064801197232,0.05541853359669878,SiC_15deg
high_core,2000.0,4000.0,1037,False,15.0,4.0600000000000005,0.004671218722701699,0.7203566135968702,0.0554082431393399,SiC_15deg
high_core,2000.0,4000.0,1037,False,15.0,4.08,0.004680761785042192,0.7233767721928634,0.05484658485971337,SiC_15deg
high_core,2000.0,4000.0,1037,False,15.0,4.1,0.0046827162293759834,0.7295329636008484,0.0537025011270262,SiC_15deg
high_core,2000.0,4000.0,1037,False,15.0,4.12,0.004676657483213926,0.7388956154678747,0.05196261777630398,SiC_15deg
high_core,2000.0,4000.0,1037,False,15.0,4.140000000000001,0.004662393136121596,0.7514276635716497,0.04963346479380694,SiC_15deg
high_core,2000.0,4000.0,1037,False,15.0,4.16,0.00463996928505181,0.766982345504423,0.0467419196075946,SiC_15deg
high_core,2000.0,4000.0,1037,False,15.0,4.18,0.004609672108339674,0.7853111359356708,0.04333378996715108,SiC_15deg
high_core,2000.0,4000.0,1037,False,15.0,4.2,0.00457202509676058,0.8060804473596669,0.039470783216202246,SiC_15deg
high_core,2000.0,4000.0,1037,False,15.0,4.22,0.004527783022753679,0.8288933761179217,0.035226538361057075,SiC_15deg
high_core,2000.0,4000.0,1037,False,15.0,4.24,0.004477925441406026,0.8533107413527682,0.03068277229848437,SiC_15deg
high_core,2000.0,4000.0,1037,False,15.0,4.26,0.004423653848998216,0.87886511987855,0.025926695119257496,SiC_15deg
high_core,2000.0,4000.0,1037,False,15.0,4.28,0.004366395610952066,0.9050633847991808,0.021050521050652,SiC_15deg
high_core,2000.0,4000.0,1037,False,15.0,4.3,0.004307812984406444,0.9313773623838933,0.016153147785057723,SiC_15deg
high_core,2000.0,4000.0,1037,False,15.0,4.32,0.0042498071769805105,0.9572275411358198,0.011343096786603921,SiC_15deg
high_core,2000.0,4000.0,1037,False,15.0,4.34,0.00419449778478926,0.9819695527070983,0.006740922925648939,SiC_15deg
high_core,2000.0,4000.0,1037,False,15.0,4.36,0.004144151708283604,1.004895558069889,0.002478854732389855,SiC_15deg
high_core,2000.0,4000.0,1037,False,15.0,4.38,0.004101038684227463,1.025261223855236,-0.0013043052706008717,SiC_15deg
high_core,2000.0,4000.0,1037,False,15.0,4.4,0.004067207910410812,1.0423429138953848,-0.0044738669774648165,SiC_15deg
high_core,2000.0,4000.0,1037,False,15.0,4.42,0.004044211719199863,1.0555196677364682,-0.006914508182700789,SiC_15deg
high_core,2000.0,4000.0,1037,False,15.0,4.4399999999999995,0.0040328379973911845,1.0643631944992038,-0.00854697934440938,SiC_15deg
high_core,2000.0,4000.0,1037,False,15.0,4.46,0.0040329338057591745,1.0687111827800846,-0.0093416727487584,SiC_15deg
high_core,2000.0,4000.0,1037,False,15.0,4.48,0.004043389920933991,1.0686995755380122,-0.00932454454233993,SiC_15deg
high_core,2000.0,4000.0,1037,False,15.0,4.5,0.004062307877532207,1.0647399014724286,-0.008572824113747152,SiC_15deg
high_core,2000.0,4000.0,1037,False,15.0,4.52,0.004087309003519155,1.0574448783463177,-0.007201126361924073,SiC_15deg
high_core,2000.0,4000.0,1037,False,15.0,4.54,0.004115900939205818,1.0475219185184519,-0.005341624642484709,SiC_15deg
high_core,2000.0,4000.0,1037,False,15.0,4.5600000000000005,0.004145810771195958,1.0356628399943342,-0.003123542118291066,SiC_15deg
high_core,2000.0,4000.0,1037,False,15.0,4.58,0.004175220704789876,1.022456367896834,-0.0006568898524104397,SiC_15deg
high_core,2000.0,4000.0,1037,False,15.0,4.6,0.0042028820666947094,1.0083402664871066,0.0019764347884847393,SiC_15deg
high_core,2000.0,4000.0,1037,False,15.0,4.62,0.004228117423220265,0.9935970305143512,0.0047234714433785,SiC_15deg
high_core,2000.0,4000.0,1037,False,15.0,4.640000000000001,0.0042507404549655325,0.9783853978066854,0.007554382271418553,SiC_15deg
high_core,2000.0,4000.0,1037,False,15.0,4.66,0.0042709300642175905,0.962792201485735,0.01045286778705799,SiC_15deg
high_core,2000.0,4000.0,1037,False,15.0,4.68,0.004289093403031803,0.9468864329065338,0.01340616486859761,SiC_15deg
high_core,2000.0,4000.0,1037,False,15.0,4.7,0.004305745450940823,0.9307599172637037,0.016397507270956603,SiC_15deg
high_core,2000.0,4000.0,1037,False,15.0,4.72,0.004321422237771143,0.9145456189107131,0.019402706287048373,SiC_15deg
high_core,2000.0,4000.0,1037,False,15.0,4.74,0.004336632572942253,0.8984129391044904,0.02239096981687786,SiC_15deg
high_core,2000.0,4000.0,1037,False,15.0,4.76,0.004351841900517908,0.8825465045388923,0.02532876325350607,SiC_15deg
high_core,2000.0,4000.0,1037,False,15.0,4.78,0.004367474518036835,0.8671186576681,0.028184831987418058,SiC_15deg
high_core,2000.0,4000.0,1037,False,15.0,4.8,0.004383918435796496,0.8522656500458351,0.030934544260649746,SiC_15deg
high_core,2000.0,4000.0,1037,False,15.0,4.82,0.004401520169786496,0.8380745210564069,0.03356226931973978,SiC_15deg
high_core,2000.0,4000.0,1037,False,15.0,4.84,0.004420562900855782,0.8245835733231748,0.03606125588980194,SiC_15deg
high_core,2000.0,4000.0,1037,False,15.0,4.86,0.004441228538875212,0.8117956409274261,0.03843116069952407,SiC_15deg
high_core,2000.0,4000.0,1037,False,15.0,4.88,0.0044635505528788375,0.7997006466877288,0.04067387457918425,SiC_15deg
high_core,2000.0,4000.0,1037,False,15.0,4.9,0.00448736869689401,0.7883023548296202,0.04278858670931338,SiC_15deg
high_core,2000.0,4000.0,1037,False,15.0,4.92,0.004512298051965742,0.777643658314808,0.044767131507548415,SiC_15deg
high_core,2000.0,4000.0,1037,False,15.0,4.9399999999999995,0.004537722647953326,0.7678251562537414,0.04659058448372494,SiC_15deg
high_core,2000.0,4000.0,1037,False,15.0,4.96,0.0045628186922326815,0.7590131516627648,0.04822781793005382,SiC_15deg
high_core,2000.0,4000.0,1037,False,15.0,4.98,0.004586605572956516,0.7514353486439669,0.04963632928675562,SiC_15deg
high_core,2000.0,4000.0,1037,False,15.0,5.0,0.004608016540978735,0.7453649973937075,0.05076519887723957,SiC_15deg
high_core,2000.0,4000.0,1037,False,15.0,5.02,0.004625977374861626,0.7410963990580413,0.05155963544236564,SiC_15deg
high_core,2000.0,4000.0,1037,False,15.0,5.04,0.004639481337164784,0.7389160039209483,0.051966326350470035,SiC_15deg
high_core,2000.0,4000.0,1037,False,15.0,5.0600000000000005,0.004647651762769958,0.7390736145652655,0.0519387609195163,SiC_15deg
high_core,2000.0,4000.0,1037,False,15.0,5.08,0.004649788034395731,0.7417576250645764,0.0514418049307096,SiC_15deg
high_core,2000.0,4000.0,1037,False,15.0,5.1,0.004645394703033007,0.7470771853176972,0.05045499798213562,SiC_15deg
high_core,2000.0,4000.0,1037,False,15.0,5.12,0.0046341959787854665,0.7550530229818707,0.04897425843064639,SiC_15deg
high_core,2000.0,4000.0,1037,False,15.0,5.140000000000001,0.004616138616737888,0.7656175074208463,0.04701189060766432,SiC_15deg
high_core,2000.0,4000.0,1037,False,15.0,5.16,0.004591386005444301,0.7786233223426582,0.04459501075033523,SiC_15deg
high_core,2000.0,4000.0,1037,False,15.0,5.18,0.004560305960531304,0.7938587346619889,0.041762759476995266,SiC_15deg
high_core,2000.0,4000.0,1037,False,15.0,5.2,0.00452345497864058,0.8110660227121846,0.038562929270769826,SiC_15deg
high_core,2000.0,4000.0,1037,False,15.0,5.220000000000001,0.004481562497698049,0.8299585699906744,0.03504882998553559,SiC_15deg
high_core,2000.0,4000.0,1037,False,15.0,5.24,0.004435519306700632,0.8502320106939352,0.0312772389485904,SiC_15deg
high_core,2000.0,4000.0,1037,False,15.0,5.26,0.004386373547935866,0.8715660456838517,0.027308057505521195,SiC_15deg
high_core,2000.0,4000.0,1037,False,15.0,5.28,0.004335334869585384,0.8936161087968449,0.02320582587898707,SiC_15deg
high_core,2000.0,4000.0,1037,False,15.0,5.300000000000001,0.0042837821110351965,0.9159974267898954,0.019042628970593892,SiC_15deg
high_core,2000.0,4000.0,1037,False,15.0,5.32,0.004233263430373293,0.9382673270100016,0.014901314490797622,SiC_15deg
high_core,2000.0,4000.0,1037,False,15.0,5.34,0.0041854721489963335,0.9599139718237121,0.010877514432896591,SiC_15deg
high_core,2000.0,4000.0,1037,False,15.0,5.359999999999999,0.004142179871491979,0.9803601793677525,0.007078871363511929,SiC_15deg
high_core,2000.0,4000.0,1037,False,15.0,5.38,0.004105114015654253,0.9989889230732566,0.003620253654325064,SiC_15deg
high_core,2000.0,4000.0,1037,False,15.0,5.4,0.00407578184800142,1.0151921572030036,0.0006146603465320882,SiC_15deg
high_core,2000.0,4000.0,1037,False,15.0,5.42,0.004055265687955801,1.0284373250616108,-0.0018391324141130694,SiC_15deg
high_core,2000.0,4000.0,1037,False,15.0,5.4399999999999995,0.004044036373299665,1.0383381802841234,-0.003669700625223312,SiC_15deg
high_core,2000.0,4000.0,1037,False,15.0,5.46,0.004041842084549161,1.0447115553288582,-0.004843471904496049,SiC_15deg
high_core,2000.0,4000.0,1037,False,15.0,5.48,0.004047717169005779,1.0476025748463595,-0.005369354904134639,SiC_15deg
high_core,2000.0,4000.0,1037,False,15.0,5.5,0.00406012159025486,1.0472685695899975,-0.005295701276664257,SiC_15deg
high_core,2000.0,4000.0,1037,False,15.0,5.52,0.004077180399463846,1.0441242154407604,-0.004700079151275686,SiC_15deg
high_core,2000.0,4000.0,1037,False,15.0,5.54,0.004096963724848211,1.0386622360377329,-0.0036745249879308215,SiC_15deg
high_core,2000.0,4000.0,1037,False,15.0,5.5600000000000005,0.004117742975662089,1.0313705432740712,-0.0023101469433794925,SiC_15deg
high_core,2000.0,4000.0,1037,False,15.0,5.58,0.0041381758857426,1.0226658655578702,-0.0006847942625733075,SiC_15deg
high_core,2000.0,4000.0,1037,False,15.0,5.6,0.004157399769667601,1.0128569973545731,0.001143778294205913,SiC_15deg
high_core,2000.0,4000.0,1037,False,15.0,5.62,0.0041750369257609775,1.0021410435553622,0.0031386306325117395,SiC_15deg
high_core,2000.0,4000.0,1037,False,15.0,5.640000000000001,0.004191132310179231,0.9906268072251436,0.005279327791332102,SiC_15deg
high_core,2000.0,4000.0,1037,False,15.0,5.66,0.004206050896825695,0.9783732152654134,0.007554840467063633,SiC_15deg
high_core,2000.0,4000.0,1037,False,15.0,5.68,0.0042203624295741975,0.9654286522879055,0.009956267004264475,SiC_15deg
high_core,2000.0,4000.0,1037,False,15.0,5.7,0.0042347364251477245,0.95185936490239,0.01247156347148756,SiC_15deg
high_core,2000.0,4000.0,1037,False,15.0,5.720000000000001,0.004249861782076666,0.9377605912067863,0.015083454154545243,SiC_15deg
high_core,2000.0,4000.0,1037,False,15.0,5.74,0.004266395095844835,0.9232506729967577,0.01777047676961516,SiC_15deg
high_core,2000.0,4000.0,1037,False,15.0,5.76,0.004284932392691892,0.9084538067727163,0.020510121280115527,SiC_15deg
high_core,2000.0,4000.0,1037,False,15.0,5.78,0.0043059930420203405,0.8934797266713203,0.023282535068620616,SiC_15deg
high_core,2000.0,4000.0,1037,False,15.0,5.800000000000001,0.0043300034740780214,0.8784082435922264,0.02607333522483796,SiC_15deg
high_core,2000.0,4000.0,1037,False,15.0,5.82,0.004357271715346359,0.863284045774996,0.028874533166410133,SiC_15deg
high_core,2000.0,4000.0,1037,False,15.0,5.84,0.00438795005332776,0.8481237506087411,0.03168320670579213,SiC_15deg
high_core,2000.0,4000.0,1037,False,15.0,5.859999999999999,0.004421990199309459,0.8329339110545804,0.0344981609009783,SiC_15deg
high_core,2000.0,4000.0,1037,False,15.0,5.88,0.004459101014876221,0.8177361065364809,0.03731529364681666,SiC_15deg
high_core,2000.0,4000.0,1037,False,15.0,5.9,0.00449872147205961,0.8025936620372843,0.04012267392620908,SiC_15deg
high_core,2000.0,4000.0,1037,False,15.0,5.92,0.004540020021502672,0.7876341047930654,0.042896419331063966,SiC_15deg
high_core,2000.0,4000.0,1037,False,15.0,5.9399999999999995,0.004581926105400378,0.7730622852245593,0.04559830656402981,SiC_15deg
high_core,2000.0,4000.0,1037,False,15.0,5.96,0.0046231917439094605,0.7591610660121005,0.04817568161358366,SiC_15deg
high_core,2000.0,4000.0,1037,False,15.0,5.98,0.0046624735738067455,0.746279195070322,0.05056373450670924,SiC_15deg
high_core,2000.0,4000.0,1037,False,15.0,6.0,0.004698421075639617,0.734808695646203,0.052689702198117035,SiC_15deg
high_core,2000.0,4000.0,1037,False,15.0,6.02,0.004729756451592809,0.7251560548491496,0.05447820541817168,SiC_15deg
high_core,2000.0,4000.0,1037,False,15.0,6.04,0.004755335358249523,0.7177121923491965,0.055856798922115765,SiC_15deg
high_core,2000.0,4000.0,1037,False,15.0,6.0600000000000005,0.004774183633462238,0.7128256595661079,0.05676091570564378,SiC_15deg
high_core,2000.0,4000.0,1037,False,15.0,6.08,0.004785511015639438,0.7107821890065618,0.05713763360933314,SiC_15deg
high_core,2000.0,4000.0,1037,False,15.0,6.1,0.004788706948861478,0.7117921515252051,0.056947981914500026,SiC_15deg
high_core,2000.0,4000.0,1037,False,15.0,6.12,0.004783325295271104,0.715986101516549,0.05616775928017972,SiC_15deg
high_core,2000.0,4000.0,1037,False,15.0,6.140000000000001,0.004769064518078672,0.7234175306016897,0.054787028211574364,SiC_15deg
high_core,2000.0,4000.0,1037,False,15.0,6.16,0.004745748566425381,0.7340711299564351,0.052808600368076435,SiC_15deg
high_core,2000.0,4000.0,1037,False,15.0,6.18,0.004713312233756453,0.747874166385619,0.05024595304221709,SiC_15deg
high_core,2000.0,4000.0,1037,False,15.0,6.2,0.004671793799412887,0.7647080192194653,0.04712111852988362,SiC_15deg
high_core,2000.0,4000.0,1037,False,15.0,6.220000000000001,0.004621337442275671,0.7844166818932579,0.04346313243745283,SiC_15deg
high_core,2000.0,4000.0,1037,False,15.0,6.24,0.00456220791827125,0.8068093535207671,0.03930756812408392,SiC_15deg
high_core,2000.0,4000.0,1037,False,15.0,6.26,0.004494819700290088,0.8316552964160333,0.03469749168005282,SiC_15deg
high_core,2000.0,4000.0,1037,False,15.0,6.28,0.004419781491911828,0.8586708811582567,0.029685850754668258,SiC_15deg
high_core,2000.0,4000.0,1037,False,15.0,6.300000000000001,0.0043379541928213845,0.887500938476787,0.024338905448210223,SiC_15deg
high_core,2000.0,4000.0,1037,False,15.0,6.32,0.004250515807933761,0.9176987951575593,0.018739892531375674,SiC_15deg
high_core,2000.0,4000.0,1037,False,15.0,6.34,0.0041590208272053245,0.9487111949767836,0.01299177709030135,SiC_15deg
high_core,2000.0,4000.0,1037,False,15.0,6.359999999999999,0.004065435526633304,0.979875097120614,0.007217799548273306,SiC_15deg
high_core,2000.0,4000.0,1037,False,15.0,6.38,0.003972126900449601,1.0104324331939571,0.0015586955131454971,SiC_15deg
high_core,2000.0,4000.0,1037,False,15.0,6.4,0.00388178499979783,1.0395657617794873,-0.0038339510755145165,SiC_15deg
high_core,2000.0,4000.0,1037,False,15.0,6.42,0.003797269604270615,1.066452460476148,-0.008807778611426195,SiC_15deg
high_core,2000.0,4000.0,1037,False,15.0,6.4399999999999995,0.0037213929490199286,1.0903288127988153,-0.013221535771627255,SiC_15deg
high_core,2000.0,4000.0,1037,False,15.0,6.46,0.003656675656635834,1.1105504036946672,-0.016956266218349114,SiC_15deg
high_core,2000.0,4000.0,1037,False,15.0,6.48,0.003605131967724081,1.1266342729966738,-0.019923094117785495,SiC_15deg
high_core,2000.0,4000.0,1037,False,15.0,6.5,0.0035681401592431695,1.1382727104706318,-0.02206573961763296,SiC_15deg
high_core,2000.0,4000.0,1037,False,15.0,6.52,0.0035464292404464868,1.145317341143654,-0.023357519571629928,SiC_15deg
high_core,2000.0,4000.0,1037,False,15.0,6.54,0.003540172073650132,1.1477418169141047,-0.02379437991876151,SiC_15deg
high_core,2000.0,4000.0,1037,False,15.0,6.5600000000000005,0.0035491375667983847,1.1455979017560853,-0.023386703352605488,SiC_15deg
high_core,2000.0,4000.0,1037,False,15.0,6.58,0.0035728392605271315,1.1389803912897523,-0.022152755068308723,SiC_15deg
high_core,2000.0,4000.0,1037,False,15.0,6.6,0.0036106305488842524,1.1280111798794887,-0.020115678930412197,SiC_15deg
high_core,2000.0,4000.0,1037,False,15.0,6.62,0.00366172889110704,1.1128442707731334,-0.017304379931696003,SiC_15deg
high_core,2000.0,4000.0,1037,False,15.0,6.640000000000001,0.0037251855951897675,1.0936851050131944,-0.013757071507938616,SiC_15deg
high_core,2000.0,4000.0,1037,False,15.0,6.66,0.003799838693366662,1.0708124350553214,-0.009525313756070103,SiC_15deg
high_core,2000.0,4000.0,1037,False,15.0,6.68,0.003884287107711893,1.0445908285411902,-0.004676341248277816,SiC_15deg
high_core,2000.0,4000.0,1037,False,15.0,6.7,0.003976907928369323,1.0154664555965696,0.0007076791852820033,SiC_15deg
high_core,2000.0,4000.0,1037,False,15.0,6.720000000000001,0.004075915665905064,0.9839459007304446,0.006533513583109863,SiC_15deg
high_core,2000.0,4000.0,1037,False,15.0,6.74,0.004179444435175184,0.950564289109221,0.012702694040658064,SiC_15deg
high_core,2000.0,4000.0,1037,False,15.0,6.76,0.00428562803804159,0.915852553538693,0.019117512427215724,SiC_15deg
high_core,2000.0,4000.0,1037,False,15.0,6.78,0.004392658557987538,0.8803133505896272,0.025685424891906086,SiC_15deg
high_core,2000.0,4000.0,1037,False,15.0,6.800000000000001,0.0044988159908330915,0.8444117900133044,0.03232073325309204,SiC_15deg
high_core,2000.0,4000.0,1037,False,15.0,6.82,0.004602473211541359,0.8085824661010618,0.03894327085108851,SiC_15deg
high_core,2000.0,4000.0,1037,False,15.0,6.84,0.004702087863957343,0.7732498832309838,0.04547463061339305,SiC_15deg
high_core,2000.0,4000.0,1037,False,15.0,6.859999999999999,0.004796194122427401,0.7388562556325051,0.05183304630175236,SiC_15deg
high_core,2000.0,4000.0,1037,False,15.0,6.88,0.004883403521317557,0.7058892307580963,0.057928300529492285,SiC_15deg
high_core,2000.0,4000.0,1037,False,15.0,6.9,0.004962417207747124,0.6749023560545926,0.06365798137843817,SiC_15deg
high_core,2000.0,4000.0,1037,False,15.0,6.92,0.00503204453784773,0.6465228783605993,0.06890608079868268,SiC_15deg
high_core,2000.0,4000.0,1037,False,15.0,6.9399999999999995,0.005091217354535236,0.6214443029856668,0.0735444025566587,SiC_15deg
high_core,2000.0,4000.0,1037,False,15.0,6.96,0.005138987434770232,0.6004043447293439,0.07743665550949028,SiC_15deg
high_core,2000.0,4000.0,1037,False,15.0,6.98,0.005174497237382508,0.5841516116395439,0.08044460947199883,SiC_15deg
high_core,2000.0,4000.0,1037,False,15.0,7.0,0.005196920547561485,0.5734058509258276,0.08243541937038197,SiC_15deg
high_core,2000.0,4000.0,1037,False,15.0,7.0200000000000005,0.005205378004510357,0.5688166134252162,0.08328922267319731,SiC_15deg
high_core,2000.0,4000.0,1037,False,15.0,7.04,0.005198840392315214,0.5709241279355877,0.08290631599407547,SiC_15deg
high_core,2000.0,4000.0,1037,False,15.0,7.0600000000000005,0.005176037849761057,0.580124793487715,0.08121347543088547,SiC_15deg
high_core,2000.0,4000.0,1037,False,15.0,7.08,0.005135394539180218,0.5966427392702085,0.07816916382049438,SiC_15deg
high_core,2000.0,4000.0,1037,False,15.0,7.1,0.00507500552169839,0.6205086765406976,0.07376740945356876,SiC_15deg
high_core,2000.0,4000.0,1037,False,15.0,7.12,0.004992666236091208,0.6515475012546926,0.06804009525520387,SiC_15deg
high_core,2000.0,4000.0,1037,False,15.0,7.14,0.004885956516919515,0.6893761273047063,0.0610573893720205,SiC_15deg
high_core,2000.0,4000.0,1037,False,15.0,7.16,0.0047523727119614,0.7334121791607298,0.05292619968944612,SiC_15deg
high_core,2000.0,4000.0,1037,False,15.0,7.18,0.004589495833094535,0.7828922460228199,0.043786884613963656,SiC_15deg
high_core,2000.0,4000.0,1037,False,15.0,7.2,0.004395183300957803,0.8368958845117465,0.03380891201555939,SiC_15deg
high_core,2000.0,4000.0,1037,False,15.0,7.22,0.004167778344925079,0.8943695006518401,0.02318653557620832,SiC_15deg
high_core,2000.0,4000.0,1037,False,15.0,7.24,0.00390634511219358,0.9541437872308978,0.01213564257433682,SiC_15deg
high_core,2000.0,4000.0,1037,False,15.0,7.26,0.0036109599808411635,1.0149402211767138,0.0008925930047025124,SiC_15deg
high_core,2000.0,4000.0,1037,False,15.0,7.28,0.00328312569986894,1.0753661166803965,-0.010284862235633328,SiC_15deg
high_core,2000.0,4000.0,1037,False,15.0,7.3,0.002926443318502878,1.1339029858414726,-0.02111546240644,SiC_15deg
high_core,2000.0,4000.0,1037,False,15.0,7.32,0.002547830308046926,1.1888980937409863,-0.031292940464893136,SiC_15deg
high_core,2000.0,4000.0,1037,False,15.0,7.34,0.0021599456405759962,1.2385725608936382,-0.04048761011366709,SiC_15deg
high_core,2000.0,4000.0,1037,False,15.0,7.36,0.0017863187005838132,1.281059703162832,-0.048353557523305585,SiC_15deg
high_core,2000.0,4000.0,1037,False,15.0,7.38,0.0014715341471503562,1.3144834176681621,-0.05454323915594613,SiC_15deg
high_core,2000.0,4000.0,1037,False,15.0,7.4,0.0012916736541920023,1.3370780970681924,-0.058729745628130596,SiC_15deg
high_core,2000.0,4000.0,1037,False,15.0,7.42,0.0013236694725593076,1.347340079459406,-0.06063486878940156,SiC_15deg
high_core,2000.0,4000.0,1037,False,15.0,7.44,0.0015598088197277286,1.3441891781126745,-0.06005899127510055,SiC_15deg
high_core,2000.0,4000.0,1037,False,15.0,7.46,0.0019202898624291122,1.327111742178286,-0.05690751178730934,SiC_15deg
high_core,2000.0,4000.0,1037,False,15.0,7.48,0.002334983734846602,1.2962576046933167,-0.05120869596255109,SiC_15deg
high_core,2000.0,4000.0,1037,False,15.0,7.5,0.0027620844990136105,1.2524727530991888,-0.04311960608344483,SiC_15deg
high_core,2000.0,4000.0,1037,False,15.0,7.5200000000000005,0.003177463865172342,1.1972641329866796,-0.03291946671610743,SiC_15deg
high_core,2000.0,4000.0,1037,False,15.0,7.54,0.0035665005217789805,1.1327066674367683,-0.02099235507618264,SiC_15deg
high_core,2000.0,4000.0,1037,False,15.0,7.5600000000000005,0.003920207338261822,1.061310198283376,-0.0078025123117838185,SiC_15deg
high_core,2000.0,4000.0,1037,False,15.0,7.58,0.004233443226286482,0.9858642603770068,0.0061343976234993595,SiC_15deg
high_core,2000.0,4000.0,1037,False,15.0,7.6000000000000005,0.00450397087810407,0.9092741638780162,0.020281585229392017,SiC_15deg
high_core,2000.0,4000.0,1037,False,15.0,7.62,0.004731831062547507,0.834397413962512,0.03411132509074248,SiC_15deg
high_core,2000.0,4000.0,1037,False,15.0,7.64,0.004918816670760226,0.7638883055656693,0.04713360327090992,SiC_15deg
high_core,2000.0,4000.0,1037,False,15.0,7.66,0.005067963747226239,0.7000605286758215,0.05892142377539872,SiC_15deg
high_core,2000.0,4000.0,1037,False,15.0,7.68,0.005183041963784837,0.6447798644489252,0.06913056090630036,SiC_15deg
high_core,2000.0,4000.0,1037,False,15.0,7.7,0.005268063893483944,0.5993980941417831,0.0775117169963362,SiC_15deg
high_core,2000.0,4000.0,1037,False,15.0,7.72,0.0053268517250331104,0.5647336916027388,0.08391406307600634,SiC_15deg
high_core,2000.0,4000.0,1037,False,15.0,7.74,0.005362703038165707,0.5410963738703534,0.08828070141329179,SiC_15deg
high_core,2000.0,4000.0,1037,False,15.0,7.76,0.005378185905151651,0.5283446720283503,0.09063804412131996,SiC_15deg
high_core,2000.0,4000.0,1037,False,15.0,7.78,0.005375073542760302,0.5259615197548961,0.09108186819826684,SiC_15deg
high_core,2000.0,4000.0,1037,False,15.0,7.8,0.005354407571497574,0.533133567311181,0.08976267640883047,SiC_15deg
high_core,2000.0,4000.0,1037,False,15.0,7.82,0.005316662742981557,0.5488244152095237,0.08687216753619187,SiC_15deg
high_core,2000.0,4000.0,1037,False,15.0,7.84,0.0052619773421578074,0.5718378806027525,0.08263153054787442,SiC_15deg
high_core,2000.0,4000.0,1037,False,15.0,7.86,0.0051904116987960295,0.6008724153962318,0.07728135727865545,SiC_15deg
high_core,2000.0,4000.0,1037,False,15.0,7.88,0.005102200260858066,0.6345703810646149,0.07107249489400543,SiC_15deg
high_core,2000.0,4000.0,1037,False,15.0,7.9,0.0049979686905912805,0.6715656796112792,0.0642572005459998,SiC_15deg
high_core,2000.0,4000.0,1037,False,15.0,7.92,0.004878895535960908,0.7105309174277158,0.05708039101533112,SiC_15deg
high_core,2000.0,4000.0,1037,False,15.0,7.94,0.00474680764990533,0.750222220831787,0.049771344060859826,SiC_15deg
high_core,2000.0,4000.0,1037,False,15.0,7.96,0.004604208534849513,0.7895175863679996,0.04253661807779473,SiC_15deg
high_core,2000.0,4000.0,1037,False,15.0,7.98,0.004454247031397819,0.8274443465983568,0.035555008087016324,SiC_15deg
high_core,2000.0,4000.0,1037,False,15.0,8.0,0.004300637686451548,0.8631931525757625,0.02897501533009921,SiC_15deg
trim_both_sides,1500.0,3500.0,1037,False,10.0,3.0,0.0059626742645530455,0.7005966305817095,0.0490848661827133,SiC_10deg
trim_both_sides,1500.0,3500.0,1037,False,10.0,3.02,0.005987256880640183,0.7080873821589233,0.04771119031450134,SiC_10deg
trim_both_sides,1500.0,3500.0,1037,False,10.0,3.04,0.006006357455452664,0.7163637671682994,0.04619184000712247,SiC_10deg
trim_both_sides,1500.0,3500.0,1037,False,10.0,3.06,0.006020102645630083,0.7253346787810835,0.04454324484255492,SiC_10deg
trim_both_sides,1500.0,3500.0,1037,False,10.0,3.08,0.00602875114152291,0.734897101962258,0.042784178822322556,SiC_10deg
trim_both_sides,1500.0,3500.0,1037,False,10.0,3.1,0.006032653205993795,0.7449444171049303,0.04093427635341077,SiC_10deg
trim_both_sides,1500.0,3500.0,1037,False,10.0,3.12,0.006032213897262631,0.755374176658189,0.0390126304816741,SiC_10deg
trim_both_sides,1500.0,3500.0,1037,False,10.0,3.14,0.0060278659094631865,0.7660936233196279,0.03703678333851246,SiC_10deg
trim_both_sides,1500.0,3500.0,1037,False,10.0,3.16,0.0060200561524726155,0.7770215586549529,0.03502235967739433,SiC_10deg
trim_both_sides,1500.0,3500.0,1037,False,10.0,3.18,0.006009247242612067,0.788085902180451,0.03298346484348015,SiC_10deg
trim_both_sides,1500.0,3500.0,1037,False,10.0,3.2,0.005995931502353492,0.7992172537552991,0.030933794718082636,SiC_10deg
trim_both_sides,1500.0,3500.0,1037,False,10.0,3.22,0.0059806516347903705,0.8103397573120111,0.028888227998464043,SiC_10deg
trim_both_sides,1500.0,3500.0,1037,False,10.0,3.24,0.005964019732025584,0.8213613278827073,0.02686453277501091,SiC_10deg
trim_both_sides,1500.0,3500.0,1037,False,10.0,3.26,0.0059467253120233845,0.8321656734613418,0.02488475146214948,SiC_10deg
trim_both_sides,1500.0,3500.0,1037,False,10.0,3.2800000000000002,0.005929524034814071,0.842608431596697,0.022975847111513188,SiC_10deg
trim_both_sides,1500.0,3500.0,1037,False,10.0,3.3,0.005913201773068585,0.8525191382351097,0.021169302309871293,SiC_10deg
trim_both_sides,1500.0,3500.0,1037,False,10.0,3.32,0.005898513673281309,0.8617097077568302,0.01949954963678149,SiC_10deg
trim_both_sides,1500.0,3500.0,1037,False,10.0,3.34,0.005886104162872312,0.8699887558472624,0.018001356776358658,SiC_10deg
trim_both_sides,1500.0,3500.0,1037,False,10.0,3.36,0.005876420302493172,0.8771796688545255,0.016706548045169533,SiC_10deg
trim_both_sides,1500.0,3500.0,1037,False,10.0,3.38,0.005869635583568209,0.8831391511424374,0.01564065580632826,SiC_10deg
trim_both_sides,1500.0,3500.0,1037,False,10.0,3.4,0.005865602218105314,0.8877724512015278,0.014820189876245268,SiC_10deg
trim_both_sides,1500.0,3500.0,1037,False,10.0,3.42,0.005863845939740139,0.8910418728567779,0.014251137399321915,SiC_10deg
trim_both_sides,1500.0,3500.0,1037,False,10.0,3.44,0.005863608798098853,0.8929665579036028,0.01392905357229706,SiC_10deg
trim_both_sides,1500.0,3500.0,1037,False,10.0,3.46,0.00586393472272585,0.8936135721506985,0.013840731845594673,SiC_10deg
trim_both_sides,1500.0,3500.0,1037,False,10.0,3.48,0.005863783112923207,0.8930824509069346,0.013967057763591856,SiC_10deg
trim_both_sides,1500.0,3500.0,1037,False,10.0,3.5,0.005862150254692219,0.8914869125778881,0.014286371069576462,SiC_10deg
trim_both_sides,1500.0,3500.0,1037,False,10.0,3.52,0.005858178174669149,0.8889379712030081,0.014777568502828195,SiC_10deg
trim_both_sides,1500.0,3500.0,1037,False,10.0,3.54,0.0058512349157614045,0.8855320605468621,0.015422293694197524,SiC_10deg
trim_both_sides,1500.0,3500.0,1037,False,10.0,3.56,0.005840957283603155,0.8813462640331723,0.016205836310200845,SiC_10deg
trim_both_sides,1500.0,3500.0,1037,False,10.0,3.58,0.0058272548185979755,0.8764407963904318,0.017116714681567904,SiC_10deg
trim_both_sides,1500.0,3500.0,1037,False,10.0,3.6,0.005810280530988003,0.870867043688461,0.018145247343039454,SiC_10deg
trim_both_sides,1500.0,3500.0,1037,False,10.0,3.62,0.005790378835376703,0.8646782058570378,0.01928164554379715,SiC_10deg
trim_both_sides,1500.0,3500.0,1037,False,10.0,3.64,0.005768023607732592,0.8579391891899144,0.020514229530282643,SiC_10deg
trim_both_sides,1500.0,3500.0,1037,False,10.0,3.66,0.005743759145167301,0.8507329088610545,0.021828279130572198,SiC_10deg
trim_both_sides,1500.0,3500.0,1037,False,10.0,3.68,0.005718154195874427,0.8431613679248952,0.023205812820906255,SiC_10deg
trim_both_sides,1500.0,3500.0,1037,False,10.0,3.7,0.005691774795401406,0.8353413751954143,0.0246263215532625,SiC_10deg
trim_both_sides,1500.0,3500.0,1037,False,10.0,3.7199999999999998,0.005665176489449922,0.8273960991043288,0.026068244736199314,SiC_10deg
trim_both_sides,1500.0,3500.0,1037,False,10.0,3.74,0.005638911880833141,0.8194444910881786,0.02751082603726816,SiC_10deg
trim_both_sides,1500.0,3500.0,1037,False,10.0,3.76,0.00561354628988503,0.8115908268351537,0.028935948093411937,SiC_10deg
trim_both_sides,1500.0,3500.0,1037,False,10.0,3.7800000000000002,0.005589673115165888,0.8039162943179523,0.03032960213622855,SiC_10deg
trim_both_sides,1500.0,3500.0,1037,False,10.0,3.8,0.005567921139209651,0.7964739158920393,0.03168276314036546,SiC_10deg
trim_both_sides,1500.0,3500.0,1037,False,10.0,3.8200000000000003,0.005548948120689049,0.7892873542739088,0.0329915729838875,SiC_10deg
trim_both_sides,1500.0,3500.0,1037,False,10.0,3.84,0.00553341803163968,0.7823534828723773,0.03425685398461995,SiC_10deg
trim_both_sides,1500.0,3500.0,1037,False,10.0,3.86,0.005521962753094099,0.7756480795926705,0.03548306870582742,SiC_10deg
trim_both_sides,1500.0,3500.0,1037,False,10.0,3.88,0.005515132475754728,0.7691336472743188,0.03667690585429031,SiC_10deg
trim_both_sides,1500.0,3500.0,1037,False,10.0,3.9,0.005513341953197233,0.7627681652258809,0.037845707698464806,SiC_10deg
trim_both_sides,1500.0,3500.0,1037,False,10.0,3.92,0.005516821537957124,0.7565135288943428,0.0389959626324406,SiC_10deg
trim_both_sides,1500.0,3500.0,1037,False,10.0,3.94,0.0055255820479915415,0.7503425416597168,0.04013206669021084,SiC_10deg
trim_both_sides,1500.0,3500.0,1037,False,10.0,3.96,0.005539400682405452,0.7442435846347751,0.0412555099550033,SiC_10deg
trim_both_sides,1500.0,3500.0,1037,False,10.0,3.98,0.005557831643681854,0.738222486329965,0.04236457185124133,SiC_10deg
trim_both_sides,1500.0,3500.0,1037,False,10.0,4.0,0.005580240593823422,0.7323015896991384,0.04345452326730672,SiC_10deg
trim_both_sides,1500.0,3500.0,1037,False,10.0,4.02,0.0056058576966459715,0.7265164853857593,0.04451824861699217,SiC_10deg
trim_both_sides,1500.0,3500.0,1037,False,10.0,4.04,0.005633840874663978,0.7209112535212572,0.0455471341406115,SiC_10deg
trim_both_sides,1500.0,3500.0,1037,False,10.0,4.0600000000000005,0.00566333972226158,0.7155332568355729,0.04653203340042325,SiC_10deg
trim_both_sides,1500.0,3500.0,1037,False,10.0,4.08,0.005693551347773935,0.7104285198421578,0.047464123148674334,SiC_10deg
trim_both_sides,1500.0,3500.0,1037,False,10.0,4.1,0.0057237618080320666,0.7056385248499085,0.04833550005638949,SiC_10deg
trim_both_sides,1500.0,3500.0,1037,False,10.0,4.12,0.005753370001855009,0.7011989080601393,0.04913943156520996,SiC_10deg
trim_both_sides,1500.0,3500.0,1037,False,10.0,4.140000000000001,0.005781894142204264,0.6971401241245228,0.049870248646498166,SiC_10deg
trim_both_sides,1500.0,3500.0,1037,False,10.0,4.16,0.005808963640096631,0.6934897471122735,0.05052293992218169,SiC_10deg
trim_both_sides,1500.0,3500.0,1037,False,10.0,4.18,0.005834301050447323,0.6902757629656043,0.05109256249301716,SiC_10deg
trim_both_sides,1500.0,3500.0,1037,False,10.0,4.2,0.005857699507789027,0.6875300368259702,0.05157361552297141,SiC_10deg
trim_both_sides,1500.0,3500.0,1037,False,10.0,4.22,0.005879000845862952,0.6852911339419148,0.05195952364825328,SiC_10deg
trim_both_sides,1500.0,3500.0,1037,False,10.0,4.24,0.005898078515604569,0.683605827875893,0.05224234995056593,SiC_10deg
trim_both_sides,1500.0,3500.0,1037,False,10.0,4.26,0.005914827770761777,0.6825289040788601,0.05241280967462189,SiC_10deg
trim_both_sides,1500.0,3500.0,1037,False,10.0,4.28,0.005929163731936863,0.6821211960606537,0.05246059745435164,SiC_10deg
trim_both_sides,1500.0,3500.0,1037,False,10.0,4.3,0.005941026226407402,0.6824461034906933,0.052374985226094774,SiC_10deg
trim_both_sides,1500.0,3500.0,1037,False,10.0,4.32,0.005950389017054645,0.6835650771231851,0.05214560579527927,SiC_10deg
trim_both_sides,1500.0,3500.0,1037,False,10.0,4.34,0.005957270331354709,0.6855326820047692,0.05176331400082718,SiC_10deg
trim_both_sides,1500.0,3500.0,1037,False,10.0,4.36,0.005961741490249025,0.6883918663872498,0.051221013984868016,SiC_10deg
trim_both_sides,1500.0,3500.0,1037,False,10.0,4.38,0.0059639308230278534,0.6921699908032289,0.050514353511906335,SiC_10deg
trim_both_sides,1500.0,3500.0,1037,False,10.0,4.4,0.00596402080596524,0.6968760407092056,0.04964220923700675,SiC_10deg
trim_both_sides,1500.0,3500.0,1037,False,10.0,4.42,0.005962237364563222,0.702499283496069,0.04860691566610264,SiC_10deg
trim_both_sides,1500.0,3500.0,1037,False,10.0,4.4399999999999995,0.005958831454817802,0.7090094516578354,0.047414222619822345,SiC_10deg
trim_both_sides,1500.0,3500.0,1037,False,10.0,4.46,0.005954054327269948,0.7163583437073807,0.046073000345969374,SiC_10deg
trim_both_sides,1500.0,3500.0,1037,False,10.0,4.48,0.005948129186928129,0.7244825366472561,0.0445947472888332,SiC_10deg
trim_both_sides,1500.0,3500.0,1037,False,10.0,4.5,0.005941223124957601,0.7333067113248412,0.04299299047923896,SiC_10deg
trim_both_sides,1500.0,3500.0,1037,False,10.0,4.52,0.005933423962190153,0.7427469348389267,0.04128269703937053,SiC_10deg
trim_both_sides,1500.0,3500.0,1037,False,10.0,4.54,0.00592472672038236,0.752713169395861,0.039479828846492294,SiC_10deg
trim_both_sides,1500.0,3500.0,1037,False,10.0,4.5600000000000005,0.005915033595841921,0.7631103382479311,0.0376011612965963,SiC_10deg
trim_both_sides,1500.0,3500.0,1037,False,10.0,4.58,0.005904169496667218,0.7738375172719224,0.0356644440666391,SiC_10deg
trim_both_sides,1500.0,3500.0,1037,False,10.0,4.6,0.00589191261260389,0.7847852405258491,0.033688905940545785,SiC_10deg
trim_both_sides,1500.0,3500.0,1037,False,10.0,4.62,0.005878036549020481,0.7958314618314782,0.03169600584130607,SiC_10deg
trim_both_sides,1500.0,3500.0,1037,False,10.0,4.640000000000001,0.005862357857083167,0.8068372957822804,0.029710227356273922,SiC_10deg
trim_both_sides,1500.0,3500.0,1037,False,10.0,4.66,0.005844780933621683,0.8176441168999597,0.027759631864649505,SiC_10deg
trim_both_sides,1500.0,3500.0,1037,False,10.0,4.68,0.0058253317539009326,0.8280737520938656,0.025875856880649393,SiC_10deg
trim_both_sides,1500.0,3500.0,1037,False,10.0,4.7,0.005804173072427556,0.8379332121757136,0.024093297762739836,SiC_10deg
trim_both_sides,1500.0,3500.0,1037,False,10.0,4.72,0.005781596668455798,0.8470246112302924,0.022447353625444796,SiC_10deg
trim_both_sides,1500.0,3500.0,1037,False,10.0,4.74,0.005757992654748088,0.8551597029645661,0.020971837046576777,SiC_10deg
trim_both_sides,1500.0,3500.0,1037,False,10.0,4.76,0.005733801057616923,0.8621770862807624,0.019695894552951877,SiC_10deg
trim_both_sides,1500.0,3500.0,1037,False,10.0,4.78,0.005709455559234166,0.8679590106457862,0.018640987055718976,SiC_10deg
trim_both_sides,1500.0,3500.0,1037,False,10.0,4.8,0.005685331969569441,0.8724442782915263,0.017818558681411738,SiC_10deg
trim_both_sides,1500.0,3500.0,1037,False,10.0,4.82,0.005661713482127452,0.8756342592002744,0.017228931077630783,SiC_10deg
trim_both_sides,1500.0,3500.0,1037,False,10.0,4.84,0.0056387808392823376,0.8775904436671443,0.016861708979482797,SiC_10deg
trim_both_sides,1500.0,3500.0,1037,False,10.0,4.86,0.0056166292212745566,0.8784238477120858,0.016697644368444533,SiC_10deg
trim_both_sides,1500.0,3500.0,1037,False,10.0,4.88,0.0055953069346344145,0.8782783632411071,0.016711587554818864,SiC_10deg
trim_both_sides,1500.0,3500.0,1037,False,10.0,4.9,0.005574865852764605,0.8773112820369705,0.016875948425374078,SiC_10deg
trim_both_sides,1500.0,3500.0,1037,False,10.0,4.92,0.005555411333122006,0.8756744726791469,0.017164044826153087,SiC_10deg
trim_both_sides,1500.0,3500.0,1037,False,10.0,4.9399999999999995,0.0055371401558150825,0.8734991324682528,0.01755281376911375,SiC_10deg
trim_both_sides,1500.0,3500.0,1037,False,10.0,4.96,0.005520358161362267,0.8708859744371104,0.018024551060846015,SiC_10deg
trim_both_sides,1500.0,3500.0,1037,False,10.0,4.98,0.00550547363303982,0.8679014971312105,0.018567562557159058,SiC_10deg
trim_both_sides,1500.0,3500.0,1037,False,10.0,5.0,0.005492967114498813,0.8645798977792397,0.01917580591992469,SiC_10deg
trim_both_sides,1500.0,3500.0,1037,False,10.0,5.02,0.005483342599213101,0.8609293785961172,0.019847748092673707,SiC_10deg
trim_both_sides,1500.0,3500.0,1037,False,10.0,5.04,0.0054770683837060555,0.85694111086385,0.020584751436345954,SiC_10deg
trim_both_sides,1500.0,3500.0,1037,False,10.0,5.0600000000000005,0.00547451788814225,0.8525989584938046,0.02138933091582162,SiC_10deg
trim_both_sides,1500.0,3500.0,1037,False,10.0,5.08,0.005475920982137091,0.8478881989200717,0.02226359989393982,SiC_10deg
trim_both_sides,1500.0,3500.0,1037,False,10.0,5.1,0.005481334557907852,0.8428018776896408,0.02320814962412391,SiC_10deg
trim_both_sides,1500.0,3500.0,1037,False,10.0,5.12,0.005490637432053791,0.8373440309974097,0.02422149899531296,SiC_10deg
trim_both_sides,1500.0,3500.0,1037,False,10.0,5.140000000000001,0.005503549839350541,0.8315297074457089,0.025300124818225394,SiC_10deg
trim_both_sides,1500.0,3500.0,1037,False,10.0,5.16,0.005519672935404377,0.8253823858554531,0.02643896273013491,SiC_10deg
trim_both_sides,1500.0,3500.0,1037,False,10.0,5.18,0.005538540045250352,0.8189298859304028,0.02763217888882203,SiC_10deg
trim_both_sides,1500.0,3500.0,1037,False,10.0,5.2,0.00555966973265424,0.8122001013521697,0.028873971238761918,SiC_10deg
trim_both_sides,1500.0,3500.0,1037,False,10.0,5.220000000000001,0.005582611365626421,0.8052178096669244,0.03015917337171605,SiC_10deg
trim_both_sides,1500.0,3500.0,1037,False,10.0,5.24,0.005606976355069247,0.7980034596795793,0.03148349826271284,SiC_10deg
trim_both_sides,1500.0,3500.0,1037,False,10.0,5.26,0.005632451878947568,0.790574294790433,0.03284335706604029,SiC_10deg
trim_both_sides,1500.0,3500.0,1037,False,10.0,5.28,0.005658797773276536,0.7829475669902723,0.03423529675804792,SiC_10deg
trim_both_sides,1500.0,3500.0,1037,False,10.0,5.300000000000001,0.005685830556334899,0.7751450680657291,0.03565519518276413,SiC_10deg
trim_both_sides,1500.0,3500.0,1037,False,10.0,5.32,0.00571340064911707,0.7671978708140333,0.03709741184454575,SiC_10deg
trim_both_sides,1500.0,3500.0,1037,False,10.0,5.34,0.005741369440504768,0.7591501083853096,0.038554104415006736,SiC_10deg
trim_both_sides,1500.0,3500.0,1037,False,10.0,5.359999999999999,0.005769591920464567,0.7510608346907834,0.040014882649782056,SiC_10deg
trim_both_sides,1500.0,3500.0,1037,False,10.0,5.38,0.005797908496662488,0.7430034430125254,0.04146689403730707,SiC_10deg
trim_both_sides,1500.0,3500.0,1037,False,10.0,5.4,0.005826146906764173,0.7350626572739865,0.04289533975350287,SiC_10deg
trim_both_sides,1500.0,3500.0,1037,False,10.0,5.42,0.00585413253316911,0.7273296129825486,0.044284329910803236,SiC_10deg
trim_both_sides,1500.0,3500.0,1037,False,10.0,5.4399999999999995,0.005881703517138008,0.7198958959173416,0.04561792442542329,SiC_10deg
trim_both_sides,1500.0,3500.0,1037,False,10.0,5.46,0.005908726195401355,0.7128475440419477,0.04688118115033272,SiC_10deg
trim_both_sides,1500.0,3500.0,1037,False,10.0,5.48,0.00593510657042152,0.7062599445756812,0.048061045783595956,SiC_10deg
trim_both_sides,1500.0,3500.0,1037,False,10.0,5.5,0.0059607945498739495,0.7001943270389023,0.049146959012859315,SiC_10deg
trim_both_sides,1500.0,3500.0,1037,False,10.0,5.52,0.005985779205459328,0.6946962401675678,0.0501311119598895,SiC_10deg
trim_both_sides,1500.0,3500.0,1037,False,10.0,5.54,0.006010074965825197,0.6897960764786492,0.05100833870238404,SiC_10deg
trim_both_sides,1500.0,3500.0,1037,False,10.0,5.5600000000000005,0.006033700210207872,0.6855114223045731,0.051775685680744886,SiC_10deg
trim_both_sides,1500.0,3500.0,1037,False,10.0,5.58,0.0060566509902303285,0.6818507891611845,0.05243173749529769,SiC_10deg
trim_both_sides,1500.0,3500.0,1037,False,10.0,5.6,0.006078873455522689,0.6788181339185199,0.052975805192644915,SiC_10deg
trim_both_sides,1500.0,3500.0,1037,False,10.0,5.62,0.006100238903138701,0.6764175030318683,0.05340709608313733,SiC_10deg
trim_both_sides,1500.0,3500.0,1037,False,10.0,5.640000000000001,0.006120525150660326,0.6746571415858461,0.05372398309327956,SiC_10deg
trim_both_sides,1500.0,3500.0,1037,False,10.0,5.66,0.006139407147213124,0.6735524915611053,0.05392347653462194,SiC_10deg
trim_both_sides,1500.0,3500.0,1037,False,10.0,5.68,0.006156458478459444,0.6731276606305836,0.05400097286853827,SiC_10deg
trim_both_sides,1500.0,3500.0,1037,False,10.0,5.7,0.006171163890547173,0.6734151577046632,0.05395031634798379,SiC_10deg
trim_both_sides,1500.0,3500.0,1037,False,10.0,5.720000000000001,0.006182941429708752,0.6744539371274344,0.05376416527030075,SiC_10deg
trim_both_sides,1500.0,3500.0,1037,False,10.0,5.74,0.006191171551976721,0.6762860339977418,0.05343461145644281,SiC_10deg
trim_both_sides,1500.0,3500.0,1037,False,10.0,5.76,0.006195229812329194,0.6789522714781479,0.0529539661320216,SiC_10deg
trim_both_sides,1500.0,3500.0,1037,False,10.0,5.78,0.006194519578317579,0.6824876471387294,0.05231560296607588,SiC_10deg
trim_both_sides,1500.0,3500.0,1037,False,10.0,5.800000000000001,0.006188501579898728,0.6869170418902474,0.05151474268275528,SiC_10deg
trim_both_sides,1500.0,3500.0,1037,False,10.0,5.82,0.006176717861414419,0.6922518380981678,0.05054907399929356,SiC_10deg
trim_both_sides,1500.0,3500.0,1037,False,10.0,5.84,0.006158808669858207,0.6984878907090897,0.04941913122871168,SiC_10deg
trim_both_sides,1500.0,3500.0,1037,False,10.0,5.859999999999999,0.006134521846378734,0.7056050830557286,0.04812838677059352,SiC_10deg
trim_both_sides,1500.0,3500.0,1037,False,10.0,5.88,0.006103715283538149,0.7135684416408798,0.04668306260641112,SiC_10deg
trim_both_sides,1500.0,3500.0,1037,False,10.0,5.9,0.00606635390381794,0.7223305147022232,0.045091712981663964,SiC_10deg
trim_both_sides,1500.0,3500.0,1037,False,10.0,5.92,0.006022503345827858,0.7318344801091675,0.0433646732054765,SiC_10deg
trim_both_sides,1500.0,3500.0,1037,False,10.0,5.9399999999999995,0.005972323033483336,0.7420172870896601,0.04151349841565887,SiC_10deg
trim_both_sides,1500.0,3500.0,1037,False,10.0,5.96,0.00591606144587019,0.7528120971220972,0.03955052343161835,SiC_10deg
trim_both_sides,1500.0,3500.0,1037,False,10.0,5.98,0.0058540560986905495,0.7641493976269865,0.03748865580821002,SiC_10deg
trim_both_sides,1500.0,3500.0,1037,False,10.0,6.0,0.005786739932876922,0.7759564131637485,0.03534146963340014,SiC_10deg
trim_both_sides,1500.0,3500.0,1037,False,10.0,6.02,0.005714654504769928,0.7881547937702759,0.033123604321492695,SiC_10deg
trim_both_sides,1500.0,3500.0,1037,False,10.0,6.04,0.005638468705591988,0.8006569529535367,0.03085140236422779,SiC_10deg
trim_both_sides,1500.0,3500.0,1037,False,10.0,6.0600000000000005,0.005558999915526148,0.8133617813226978,0.028543656564873152,SiC_10deg
trim_both_sides,1500.0,3500.0,1037,False,10.0,6.08,0.005477232798572411,0.82615070440437,0.02622229360486681,SiC_10deg
trim_both_sides,1500.0,3500.0,1037,False,10.0,6.1,0.005394329701249995,0.8388851314360359,0.02391280659333513,SiC_10deg
trim_both_sides,1500.0,3500.0,1037,False,10.0,6.12,0.005311626206756242,0.8514062266365459,0.02164426993140973,SiC_10deg
trim_both_sides,1500.0,3500.0,1037,False,10.0,6.140000000000001,0.00523060620439766,0.8635376231011649,0.01944882593606423,SiC_10deg
trim_both_sides,1500.0,3500.0,1037,False,10.0,6.16,0.00515285317242227,0.8750912204214812,0.017360619120952228,SiC_10deg
trim_both_sides,1500.0,3500.0,1037,False,10.0,6.18,0.005079978299786277,0.8858756260324466,0.015414258918481125,SiC_10deg
trim_both_sides,1500.0,3500.0,1037,False,10.0,6.2,0.005013531172119862,0.8957062231377209,0.013642995701925368,SiC_10deg
trim_both_sides,1500.0,3500.0,1037,False,10.0,6.220000000000001,0.0049549039715391175,0.9044154108994047,0.012076873562291477,SiC_10deg
trim_both_sides,1500.0,3500.0,1037,False,10.0,6.24,0.004905243902819623,0.9118614006744579,0.010741151951027901,SiC_10deg
trim_both_sides,1500.0,3500.0,1037,False,10.0,6.26,0.0048653892018225816,0.9179341527339258,0.009655251323943003,SiC_10deg
trim_both_sides,1500.0,3500.0,1037,False,10.0,6.28,0.004835840634588671,0.9225575949475842,0.00883237658949838,SiC_10deg
trim_both_sides,1500.0,3500.0,1037,False,10.0,6.300000000000001,0.004816773260980125,0.9256880599432481,0.008279828047559064,SiC_10deg
trim_both_sides,1500.0,3500.0,1037,False,10.0,6.32,0.004808084333942049,0.9273097042042528,0.007999859939131687,SiC_10deg
trim_both_sides,1500.0,3500.0,1037,False,10.0,6.34,0.004809465322581812,0.9274283013518673,0.007990833266728782,SiC_10deg
trim_both_sides,1500.0,3500.0,1037,False,10.0,6.359999999999999,0.0048204816802952756,0.9260650554124004,0.008248364035434549,SiC_10deg
trim_both_sides,1500.0,3500.0,1037,False,10.0,6.38,0.004840644296870077,0.9232518923652677,0.008766202202246436,SiC_10deg
trim_both_sides,1500.0,3500.0,1037,False,10.0,6.4,0.0048694610595853925,0.9190291230521804,0.009536678811880295,SiC_10deg
trim_both_sides,1500.0,3500.0,1037,False,10.0,6.42,0.004906463802631691,0.9134455960824793,0.010550698581525245,SiC_10deg
trim_both_sides,1500.0,3500.0,1037,False,10.0,6.4399999999999995,0.004951212875778085,0.9065606966767007,0.011797392781269149,SiC_10deg
trim_both_sides,1500.0,3500.0,1037,False,10.0,6.46,0.005003286658098361,0.898447006684707,0.013263644883613937,SiC_10deg
trim_both_sides,1500.0,3500.0,1037,False,10.0,6.48,0.005062265452134385,0.8891922639873878,0.014933733736991424,SiC_10deg
trim_both_sides,1500.0,3500.0,1037,False,10.0,6.5,0.005127718197009948,0.8788994806079411,0.016789299813905614,SiC_10deg
trim_both_sides,1500.0,3500.0,1037,False,10.0,6.52,0.005199197117364312,0.8676846173985718,0.018809743881096276,SiC_10deg
trim_both_sides,1500.0,3500.0,1037,False,10.0,6.54,0.005276241126601766,0.8556719013532977,0.02097304429567206,SiC_10deg
trim_both_sides,1500.0,3500.0,1037,False,10.0,6.5600000000000005,0.005358384967370561,0.8429875114459637,0.023256864507966147,SiC_10deg
trim_both_sides,1500.0,3500.0,1037,False,10.0,6.58,0.0054451687732457585,0.8297527866048312,0.02563974560307796,SiC_10deg
trim_both_sides,1500.0,3500.0,1037,False,10.0,6.6,0.005536142409796547,0.816078241314486,0.028102154875612788,SiC_10deg
trim_both_sides,1500.0,3500.0,1037,False,10.0,6.62,0.0056308603949767905,0.8020595176547247,0.030627189271853313,SiC_10deg
trim_both_sides,1500.0,3500.0,1037,False,10.0,6.640000000000001,0.0057288657698421975,0.7877760330715455,0.03320079855252999,SiC_10deg
trim_both_sides,1500.0,3500.0,1037,False,10.0,6.66,0.005829664203842876,0.7732926059883803,0.035811478425548576,SiC_10deg
trim_both_sides,1500.0,3500.0,1037,False,10.0,6.68,0.005932692166256339,0.7586638559164981,0.038449470849292525,SiC_10deg
trim_both_sides,1500.0,3500.0,1037,False,10.0,6.7,0.006037284665867717,0.7439407557796304,0.04110558375587528,SiC_10deg
trim_both_sides,1500.0,3500.0,1037,False,10.0,6.720000000000001,0.006142648571874582,0.729178409723265,0.04376979689974556,SiC_10deg
trim_both_sides,1500.0,3500.0,1037,False,10.0,6.74,0.0062478468197223235,0.714443967576157,0.04642984932613315,SiC_10deg
trim_both_sides,1500.0,3500.0,1037,False,10.0,6.76,0.006351797029474312,0.6998235808961333,0.049070004610721786,SiC_10deg
trim_both_sides,1500.0,3500.0,1037,False,10.0,6.78,0.006453285573415192,0.6854274541352378,0.05167016276106324,SiC_10deg
trim_both_sides,1500.0,3500.0,1037,False,10.0,6.800000000000001,0.006550995427697195,0.6713923271580976,0.05420543631535691,SiC_10deg
trim_both_sides,1500.0,3500.0,1037,False,10.0,6.82,0.006643543789102953,0.6578810975176624,0.05664624088134999,SiC_10deg
trim_both_sides,1500.0,3500.0,1037,False,10.0,6.84,0.006729523913576434,0.6450796872865252,0.058958878983560226,SiC_10deg
trim_both_sides,1500.0,3500.0,1037,False,10.0,6.859999999999999,0.0068075452145148355,0.6331916071484008,0.061106533773580225,SiC_10deg
trim_both_sides,1500.0,3500.0,1037,False,10.0,6.88,0.006876266348840085,0.6224309090875374,0.06305054681993805,SiC_10deg
trim_both_sides,1500.0,3500.0,1037,False,10.0,6.9,0.006934417565568247,0.6130143169592482,0.06475183738155268,SiC_10deg
trim_both_sides,1500.0,3500.0,1037,False,10.0,6.92,0.006980810584322353,0.605153286844446,0.06617232816850005,SiC_10deg
trim_both_sides,1500.0,3500.0,1037,False,10.0,6.9399999999999995,0.007014336272028257,0.5990466125540173,0.06727626794467592,SiC_10deg
trim_both_sides,1500.0,3500.0,1037,False,10.0,6.96,0.0070339520443680045,0.5948740067594824,0.06803137516719948,SiC_10deg
trim_both_sides,1500.0,3500.0,1037,False,10.0,6.98,0.007038662034418738,0.5927909016911329,0.06840976071351841,SiC_10deg
trim_both_sides,1500.0,3500.0,1037,False,10.0,7.0,0.007027493599559594,0.5929245543781972,0.06838861634452818,SiC_10deg
trim_both_sides,1500.0,3500.0,1037,False,10.0,7.0200000000000005,0.00699947375327036,0.5953714181342386,0.06795067745275797,SiC_10deg
trim_both_sides,1500.0,3500.0,1037,False,10.0,7.04,0.006953608751671286,0.6001956472447892,0.06708448519525892,SiC_10deg
trim_both_sides,1500.0,3500.0,1037,False,10.0,7.0600000000000005,0.006888869495873932,0.6074285240314651,0.06578448647211603,SiC_10deg
trim_both_sides,1500.0,3500.0,1037,False,10.0,7.08,0.006804184776984338,0.6170685309759096,0.06405102150094834,SiC_10deg
trim_both_sides,1500.0,3500.0,1037,False,10.0,7.1,0.0066984438039616526,0.6290817406892955,0.061890257103162045,SiC_10deg
trim_both_sides,1500.0,3500.0,1037,False,10.0,7.12,0.006570508984939248,0.6434021777192338,0.05931412673781163,SiC_10deg
trim_both_sides,1500.0,3500.0,1037,False,10.0,7.14,0.006419239603526538,0.6599318352283667,0.05634033284292636,SiC_10deg
trim_both_sides,1500.0,3500.0,1037,False,10.0,7.16,0.006243526827183608,0.6785401169132752,0.05299245131016965,SiC_10deg
trim_both_sides,1500.0,3500.0,1037,False,10.0,7.18,0.006042340368876956,0.6990626180886294,0.04930015227908194,SiC_10deg
trim_both_sides,1500.0,3500.0,1037,False,10.0,7.2,0.005814787073982709,0.7212993431265317,0.04529951881643568,SiC_10deg
trim_both_sides,1500.0,3500.0,1037,False,10.0,7.22,0.005560181767043847,0.7450126507738082,0.04103341054247416,SiC_10deg
trim_both_sides,1500.0,3500.0,1037,False,10.0,7.24,0.005278131057922758,0.7699253886051195,0.036551789247130644,SiC_10deg
trim_both_sides,1500.0,3500.0,1037,False,10.0,7.26,0.004968631933438703,0.7957197867525371,0.03191190449119303,SiC_10deg
trim_both_sides,1500.0,3500.0,1037,False,10.0,7.28,0.004632189804482188,0.8220376993518221,0.027178234427581965,SiC_10deg
trim_both_sides,1500.0,3500.0,1037,False,10.0,7.3,0.004269967179185237,0.8484826943010088,0.022422093369789717,SiC_10deg
trim_both_sides,1500.0,3500.0,1037,False,10.0,7.32,0.003883988374440852,0.8746243040130738,0.01772085183450548,SiC_10deg
trim_both_sides,1500.0,3500.0,1037,False,10.0,7.34,0.0034774568420627046,0.9000044945713719,0.013156760943041829,SiC_10deg
trim_both_sides,1500.0,3500.0,1037,False,10.0,7.36,0.0030553118010782972,0.9241461462034364,0.008815420652297597,SiC_10deg
trim_both_sides,1500.0,3500.0,1037,False,10.0,7.38,0.0026253150000638006,0.9465631369067645,0.00478396718095987,SiC_10deg
trim_both_sides,1500.0,3500.0,1037,False,10.0,7.4,0.002200350195157752,0.9667715492831015,0.0011490673304625544,SiC_10deg
trim_both_sides,1500.0,3500.0,1037,False,10.0,7.42,0.0018034697984949583,0.9843016104270078,-0.0020052095977810378,SiC_10deg
trim_both_sides,1500.0,3500.0,1037,False,10.0,7.44,0.0014779942127396077,0.9987102018479428,-0.004599613481970227,SiC_10deg
trim_both_sides,1500.0,3500.0,1037,False,10.0,7.46,0.001297317593380179,1.0095940529261933,-0.006562050713150189,SiC_10deg
trim_both_sides,1500.0,3500.0,1037,False,10.0,7.48,0.0013331689682470505,1.0166039221483316,-0.00783009464473174,SiC_10deg
trim_both_sides,1500.0,3500.0,1037,False,10.0,7.5,0.0015741389908086674,1.0194600335579462,-0.008353720952273172,SiC_10deg
trim_both_sides,1500.0,3500.0,1037,False,10.0,7.5200000000000005,0.0019430125515095022,1.0179686784995732,-0.008098256105248195,SiC_10deg
trim_both_sides,1500.0,3500.0,1037,False,10.0,7.54,0.00237478681405775,1.0120392236981557,-0.007047407086553395,SiC_10deg
trim_both_sides,1500.0,3500.0,1037,False,10.0,7.5600000000000005,0.002832173221750132,1.001699926284843,-0.005206089021604574,SiC_10deg
trim_both_sides,1500.0,3500.0,1037,False,10.0,7.58,0.003294313318774937,0.987110202600722,-0.0026026307663634656,SiC_10deg
trim_both_sides,1500.0,3500.0,1037,False,10.0,7.6000000000000005,0.003748475226847328,0.9685666395437335,0.0007101276964153277,SiC_10deg
trim_both_sides,1500.0,3500.0,1037,False,10.0,7.62,0.004186141481920475,0.9465003251027723,0.004655282820664937,SiC_10deg
trim_both_sides,1500.0,3500.0,1037,False,10.0,7.64,0.004601281193148253,0.9214640832807306,0.00913411797496788,SiC_10deg
trim_both_sides,1500.0,3500.0,1037,False,10.0,7.66,0.004989570910738835,0.894109758416439,0.014030136435792507,SiC_10deg
trim_both_sides,1500.0,3500.0,1037,False,10.0,7.68,0.0053480177858111965,0.8651574178402455,0.019214547647055227,SiC_10deg
trim_both_sides,1500.0,3500.0,1037,False,10.0,7.7,0.00567474569110017,0.8353597525677108,0.024552623629749543,SiC_10deg
trim_both_sides,1500.0,3500.0,1037,False,10.0,7.72,0.005968837843072779,0.8054656643212157,0.029910213526281978,SiC_10deg
trim_both_sides,1500.0,3500.0,1037,False,10.0,7.74,0.006230190633434118,0.7761868774506582,0.03515972881177366,SiC_10deg
trim_both_sides,1500.0,3500.0,1037,False,10.0,7.76,0.006459363533599782,0.7481705248540708,0.0401850690059715,SiC_10deg
trim_both_sides,1500.0,3500.0,1037,False,10.0,7.78,0.006657424986310137,0.7219793478024928,0.044885190844586385,SiC_10deg
trim_both_sides,1500.0,3500.0,1037,False,10.0,7.8,0.0068258008826482365,0.6980798018842391,0.04917626468346309,SiC_10deg
trim_both_sides,1500.0,3500.0,1037,False,10.0,7.82,0.006966133971429397,0.6768372827726356,0.05299255523009323,SiC_10deg
trim_both_sides,1500.0,3500.0,1037,False,10.0,7.84,0.007080161519192915,0.6585170346517484,0.056286280932605244,SiC_10deg
trim_both_sides,1500.0,3500.0,1037,False,10.0,7.86,0.007169616232101902,0.6432890863711489,0.05902674628946732,SiC_10deg
trim_both_sides,1500.0,3500.0,1037,False,10.0,7.88,0.0072361528666080475,0.6312356750410143,0.06119902181615011,SiC_10deg
trim_both_sides,1500.0,3500.0,1037,False,10.0,7.9,0.007281300669362495,0.6223599209398473,0.06280239288342404,SiC_10deg
trim_both_sides,1500.0,3500.0,1037,False,10.0,7.92,0.0073064400417281825,0.6165948803823795,0.06384873450105752,SiC_10deg
trim_both_sides,1500.0,3500.0,1037,False,10.0,7.94,0.007312800642202687,0.6138124368086859,0.06436091003914979,SiC_10deg
trim_both_sides,1500.0,3500.0,1037,False,10.0,7.96,0.0073014774235591745,0.6138317571457254,0.06437124456883982,SiC_10deg
trim_both_sides,1500.0,3500.0,1037,False,10.0,7.98,0.007273460708144105,0.6164272415719517,0.06392008773697551,SiC_10deg
trim_both_sides,1500.0,3500.0,1037,False,10.0,8.0,0.007229676193425951,0.6213360491849291,0.06305445344744046,SiC_10deg
trim_both_sides,1500.0,3500.0,1037,False,15.0,3.0,0.00620298633125371,0.7381202408378403,0.049793700673300884,SiC_15deg
trim_both_sides,1500.0,3500.0,1037,False,15.0,3.02,0.006229114767563648,0.7458181326357883,0.04838308066389132,SiC_15deg
trim_both_sides,1500.0,3500.0,1037,False,15.0,3.04,0.006247383070565909,0.7545781030076516,0.04677691168543883,SiC_15deg
trim_both_sides,1500.0,3500.0,1037,False,15.0,3.06,0.0062578532492845295,0.7643230244812617,0.0449889980945177,SiC_15deg
trim_both_sides,1500.0,3500.0,1037,False,15.0,3.08,0.006260805419647491,0.7749522165870403,0.0430375738170645,SiC_15deg
trim_both_sides,1500.0,3500.0,1037,False,15.0,3.1,0.00625669678758097,0.7863490369761083,0.04094395490385211,SiC_15deg
trim_both_sides,1500.0,3500.0,1037,False,15.0,3.12,0.006246120269723174,0.7983891434892224,0.038731061245615955,SiC_15deg
trim_both_sides,1500.0,3500.0,1037,False,15.0,3.14,0.006229768490564637,0.8109477121034726,0.03642211308040532,SiC_15deg
trim_both_sides,1500.0,3500.0,1037,False,15.0,3.16,0.0062084080993745,0.8239039710494636,0.03403979610647339,SiC_15deg
trim_both_sides,1500.0,3500.0,1037,False,15.0,3.18,0.006182867360299126,0.8371419065820417,0.03160610201121048,SiC_15deg
trim_both_sides,1500.0,3500.0,1037,False,15.0,3.2,0.006154036888854669,0.8505468420843,0.02914290072818862,SiC_15deg
trim_both_sides,1500.0,3500.0,1037,False,15.0,3.22,0.00612287973138249,0.8639986069114393,0.026673119008741697,SiC_15deg
trim_both_sides,1500.0,3500.0,1037,False,15.0,3.24,0.006090443486511041,0.8773629554875405,0.024222229803830042,SiC_15deg
trim_both_sides,1500.0,3500.0,1037,False,15.0,3.26,0.006057864722454042,0.8904835472012134,0.021819639016679878,SiC_15deg
trim_both_sides,1500.0,3500.0,1037,False,15.0,3.2800000000000002,0.00602635536005464,0.9031769966509235,0.019499519305317833,SiC_15deg
trim_both_sides,1500.0,3500.0,1037,False,15.0,3.3,0.005997162600332981,0.9152331762487291,0.017300699081173487,SiC_15deg
trim_both_sides,1500.0,3500.0,1037,False,15.0,3.32,0.005971498689605394,0.9264221005788116,0.015265368835954203,SiC_15deg
trim_both_sides,1500.0,3500.0,1037,False,15.0,3.34,0.005950444065696007,0.9365074277875021,0.0134366013423832,SiC_15deg
trim_both_sides,1500.0,3500.0,1037,False,15.0,3.36,0.005934836019785964,0.9452650692606173,0.011854962044876866,SiC_15deg
trim_both_sides,1500.0,3500.0,1037,False,15.0,3.38,0.005925162663149025,0.9525039269844994,0.010554752170586733,SiC_15deg
trim_both_sides,1500.0,3500.0,1037,False,15.0,3.4,0.005921485771654502,0.9580848002073691,0.009560602868419726,SiC_15deg
trim_both_sides,1500.0,3500.0,1037,False,15.0,3.42,0.005923413561396695,0.9619334223223613,0.00888515100926739,SiC_15deg
trim_both_sides,1500.0,3500.0,1037,False,15.0,3.44,0.0059301351592667825,0.9640446064445716,0.008528340272278624,SiC_15deg
trim_both_sides,1500.0,3500.0,1037,False,15.0,3.46,0.005940514770411082,0.9644764394960043,0.00847853371976013,SiC_15deg
trim_both_sides,1500.0,3500.0,1037,False,15.0,3.48,0.005953229703321344,0.9633358466477283,0.008715191858530954,SiC_15deg
trim_both_sides,1500.0,3500.0,1037,False,15.0,3.5,0.0059669270136997465,0.9607589297942762,0.009212494110186525,SiC_15deg
trim_both_sides,1500.0,3500.0,1037,False,15.0,3.52,0.005980371154142034,0.9568906270032999,0.009943076846582315,SiC_15deg
trim_both_sides,1500.0,3500.0,1037,False,15.0,3.54,0.0059925594481522555,0.9518681304738337,0.010881083544054556,SiC_15deg
trim_both_sides,1500.0,3500.0,1037,False,15.0,3.56,0.006002791094667195,0.9458112349201653,0.012003953554913094,SiC_15deg
trim_both_sides,1500.0,3500.0,1037,False,15.0,3.58,0.006010685744453344,0.9388207931671537,0.013292737506132066,SiC_15deg
trim_both_sides,1500.0,3500.0,1037,False,15.0,3.6,0.006016157018260293,0.9309843166726374,0.014731113420621838,SiC_15deg
trim_both_sides,1500.0,3500.0,1037,False,15.0,3.62,0.006019353185782824,0.9223860442966452,0.016303586121260018,SiC_15deg
trim_both_sides,1500.0,3500.0,1037,False,15.0,3.64,0.0060205809212838185,0.9131179269614529,0.017993509475673165,SiC_15deg
trim_both_sides,1500.0,3500.0,1037,False,15.0,3.66,0.0060202284263588726,0.9032881056775217,0.01978154732701916,SiC_15deg
trim_both_sides,1500.0,3500.0,1037,False,15.0,3.68,0.006018701510957074,0.893024476334319,0.021645006491854524,SiC_15deg
trim_both_sides,1500.0,3500.0,1037,False,15.0,3.7,0.006016381201931108,0.882472469697423,0.023558200004142067,SiC_15deg
trim_both_sides,1500.0,3500.0,1037,False,15.0,3.7199999999999998,0.006013605355270557,0.8717877404335626,0.02549371836992349,SiC_15deg
trim_both_sides,1500.0,3500.0,1037,False,15.0,3.74,0.006010671062131611,0.861125618436386,0.02742427892401377,SiC_15deg
trim_both_sides,1500.0,3500.0,1037,False,15.0,3.76,0.006007850604830818,0.8506296898484341,0.029324731156184735,SiC_15deg
trim_both_sides,1500.0,3500.0,1037,False,15.0,3.7800000000000002,0.0060054119660638925,0.8404217482880665,0.031173818285004398,SiC_15deg
trim_both_sides,1500.0,3500.0,1037,False,15.0,3.8,0.006003635347774928,0.8305947769662592,0.03295539881123784,SiC_15deg
trim_both_sides,1500.0,3500.0,1037,False,15.0,3.8200000000000003,0.0060028192473342455,0.8212098445950416,0.03465897076392023,SiC_15deg
trim_both_sides,1500.0,3500.0,1037,False,15.0,3.84,0.006003272638466797,0.8122970385756886,0.036279477231625966,SiC_15deg
trim_both_sides,1500.0,3500.0,1037,False,15.0,3.86,0.00600529307252671,0.803859944122713,0.037816481961596156,SiC_15deg
trim_both_sides,1500.0,3500.0,1037,False,15.0,3.88,0.006009133579266184,0.7958827487031712,0.03927288088014975,SiC_15deg
trim_both_sides,1500.0,3500.0,1037,False,15.0,3.9,0.006014963743896514,0.7883387994535624,0.040653360607002115,SiC_15deg
trim_both_sides,1500.0,3500.0,1037,False,15.0,3.92,0.00602283193942341,0.7811993480280142,0.041962831642875426,SiC_15deg
trim_both_sides,1500.0,3500.0,1037,False,15.0,3.94,0.006032636094221985,0.7744412729002711,0.04320505353672158,SiC_15deg
trim_both_sides,1500.0,3500.0,1037,False,15.0,3.96,0.0060441093847359425,0.7680527715772248,0.04438163233518317,SiC_15deg
trim_both_sides,1500.0,3500.0,1037,False,15.0,3.98,0.0060568249271073455,0.762036354574864,0.0454915088972445,SiC_15deg
trim_both_sides,1500.0,3500.0,1037,False,15.0,4.0,0.006070220304581071,0.7564089146333541,0.04653097667772356,SiC_15deg
trim_both_sides,1500.0,3500.0,1037,False,15.0,4.02,0.006083639301967065,0.7511991233145469,0.04749418127247127,SiC_15deg
trim_both_sides,1500.0,3500.0,1037,False,15.0,4.04,0.006096385306987634,0.7464428378232059,0.048373976770863136,SiC_15deg
trim_both_sides,1500.0,3500.0,1037,False,15.0,4.0600000000000005,0.006107779099075671,0.7421775014739032,0.04916296050692063,SiC_15deg
trim_both_sides,1500.0,3500.0,1037,False,15.0,4.08,0.0061172134453238635,0.7384366362571745,0.0498544879206574,SiC_15deg
trim_both_sides,1500.0,3500.0,1037,False,15.0,4.1,0.006124197941100034,0.7352454409481135,0.050443485279119064,SiC_15deg
trim_both_sides,1500.0,3500.0,1037,False,15.0,4.12,0.006128389477428547,0.7326182495602643,0.05092692497084268,SiC_15deg
trim_both_sides,1500.0,3500.0,1037,False,15.0,4.140000000000001,0.0061296061041571925,0.730558228837922,0.05130389574758388,SiC_15deg
trim_both_sides,1500.0,3500.0,1037,False,15.0,4.16,0.006127824458733554,0.7290592708322142,0.05157527591350599,SiC_15deg
trim_both_sides,1500.0,3500.0,1037,False,15.0,4.18,0.006123163035822578,0.7281096402897053,0.05174308812414478,SiC_15deg
trim_both_sides,1500.0,3500.0,1037,False,15.0,4.2,0.006115855178902641,0.7276966321178031,0.05180966863327727,SiC_15deg
trim_both_sides,1500.0,3500.0,1037,False,15.0,4.22,0.006106216640325967,0.7278113318625965,0.0517768127286749,SiC_15deg
trim_both_sides,1500.0,3500.0,1037,False,15.0,4.24,0.00609461278303937,0.7284525785317041,0.05164505710503098,SiC_15deg
trim_both_sides,1500.0,3500.0,1037,False,15.0,4.26,0.006081429951550834,0.7296293994714742,0.051413229889682645,SiC_15deg
trim_both_sides,1500.0,3500.0,1037,False,15.0,4.28,0.0060670542961906064,0.7313614829990389,0.05107834670618222,SiC_15deg
trim_both_sides,1500.0,3500.0,1037,False,15.0,4.3,0.006051859601171282,0.73367761141669,0.05063586790521829,SiC_15deg
trim_both_sides,1500.0,3500.0,1037,False,15.0,4.32,0.006036203760762786,0.7366123206361619,0.050080271003818684,SiC_15deg
trim_both_sides,1500.0,3500.0,1037,False,15.0,4.34,0.006020431823073375,0.7402013194486309,0.049405844691623346,SiC_15deg
trim_both_sides,1500.0,3500.0,1037,False,15.0,4.36,0.00600488227922176,0.7444763543615921,0.048607583132281584,SiC_15deg
trim_both_sides,1500.0,3500.0,1037,False,15.0,4.38,0.005989892703444068,0.7494602385720289,0.04768205294686242,SiC_15deg
trim_both_sides,1500.0,3500.0,1037,False,15.0,4.4,0.0059758010038314,0.7551626935431807,0.0466281172543301,SiC_15deg
trim_both_sides,1500.0,3500.0,1037,False,15.0,4.42,0.005962939378703819,0.7615775066514351,0.04544742664754192,SiC_15deg
trim_both_sides,1500.0,3500.0,1037,False,15.0,4.4399999999999995,0.0059516194808454355,0.768681314136443,0.044144621530662995,SiC_15deg
trim_both_sides,1500.0,3500.0,1037,False,15.0,4.46,0.005942109115968344,0.7764340926347244,0.04272723074695092,SiC_15deg
trim_both_sides,1500.0,3500.0,1037,False,15.0,4.48,0.005934602829665331,0.7847811967041228,0.04120529573725169,SiC_15deg
trim_both_sides,1500.0,3500.0,1037,False,15.0,4.5,0.005929190671072918,0.7936565286277547,0.03959079485836158,SiC_15deg
trim_both_sides,1500.0,3500.0,1037,False,15.0,4.52,0.005925830875748738,0.8029861976204442,0.03789698394039409,SiC_15deg
trim_both_sides,1500.0,3500.0,1037,False,15.0,4.54,0.005924332765284237,0.8126918627737675,0.03613779856603526,SiC_15deg
trim_both_sides,1500.0,3500.0,1037,False,15.0,4.5600000000000005,0.005924355482700634,0.8226929144331258,0.03432747062896051,SiC_15deg
trim_both_sides,1500.0,3500.0,1037,False,15.0,4.58,0.005925426168638466,0.8329067857572438,0.032480486835247444,SiC_15deg
trim_both_sides,1500.0,3500.0,1037,False,15.0,4.6,0.005926978065889649,0.8432470278818864,0.03061195499003904,SiC_15deg
trim_both_sides,1500.0,3500.0,1037,False,15.0,4.62,0.005928405375284595,0.8536193091022978,0.02873834872984327,SiC_15deg
trim_both_sides,1500.0,3500.0,1037,False,15.0,4.640000000000001,0.0059291282194266345,0.8639161321796277,0.02687848704506029,SiC_15deg
trim_both_sides,1500.0,3500.0,1037,False,15.0,4.66,0.0059286585348914626,0.8740116693412673,0.02505449577917039,SiC_15deg
trim_both_sides,1500.0,3500.0,1037,False,15.0,4.68,0.005926656659152787,0.8837585201576209,0.023292425103945743,SiC_15deg
trim_both_sides,1500.0,3500.0,1037,False,15.0,4.7,0.005922969102289283,0.8929882300741979,0.021622190796697055,SiC_15deg
trim_both_sides,1500.0,3500.0,1037,False,15.0,4.72,0.005917640543649613,0.9015169417389014,0.02007659043608721,SiC_15deg
trim_both_sides,1500.0,3500.0,1037,False,15.0,4.74,0.0059108972693362955,0.9091565698687273,0.01868932158843811,SiC_15deg
trim_both_sides,1500.0,3500.0,1037,False,15.0,4.76,0.005903104544730948,0.9157305380533769,0.01749217184872863,SiC_15deg
trim_both_sides,1500.0,3500.0,1037,False,15.0,4.78,0.0058947058489863475,0.9210917164027431,0.01651180232255415,SiC_15deg
trim_both_sides,1500.0,3500.0,1037,False,15.0,4.8,0.005886156140996766,0.9251391945065047,0.015766727546118547,SiC_15deg
trim_both_sides,1500.0,3500.0,1037,False,15.0,4.82,0.005877862965240733,0.9278303248471744,0.015265132241008547,SiC_15deg
trim_both_sides,1500.0,3500.0,1037,False,15.0,4.84,0.005870147359453652,0.9291852635903592,0.015004024932157838,SiC_15deg
trim_both_sides,1500.0,3500.0,1037,False,15.0,4.86,0.005863231416005546,0.9292828518284207,0.014969939718857336,SiC_15deg
trim_both_sides,1500.0,3500.0,1037,False,15.0,4.88,0.0058572524195412,0.9282486329142118,0.015141047517142594,SiC_15deg
trim_both_sides,1500.0,3500.0,1037,False,15.0,4.9,0.005852296876952087,0.9262374799644726,0.015490236336631642,SiC_15deg
trim_both_sides,1500.0,3500.0,1037,False,15.0,4.92,0.005848443399884029,0.9234142388188741,0.015988551788538193,SiC_15deg
trim_both_sides,1500.0,3500.0,1037,False,15.0,4.9399999999999995,0.005845802255262714,0.9199358135598502,0.016608383661099582,SiC_15deg
trim_both_sides,1500.0,3500.0,1037,False,15.0,4.96,0.005844541274086009,0.9159373875113009,0.017325915044786575,SiC_15deg
trim_both_sides,1500.0,3500.0,1037,False,15.0,4.98,0.005844891726512893,0.9115243182732315,0.018122557197009073,SiC_15deg
trim_both_sides,1500.0,3500.0,1037,False,15.0,5.0,0.005847132539393042,0.9067700208440707,0.01898531331807234,SiC_15deg
trim_both_sides,1500.0,3500.0,1037,False,15.0,5.02,0.005851555848199859,0.9017191102387423,0.01990620221661356,SiC_15deg
trim_both_sides,1500.0,3500.0,1037,False,15.0,5.04,0.005858420635936905,0.8963943415334721,0.02088100526271521,SiC_15deg
trim_both_sides,1500.0,3500.0,1037,False,15.0,5.0600000000000005,0.005867903630333331,0.8908054959481586,0.02190767041100016,SiC_15deg
trim_both_sides,1500.0,3500.0,1037,False,15.0,5.08,0.005880057351915483,0.8849583047779008,0.02298471725326724,SiC_15deg
trim_both_sides,1500.0,3500.0,1037,False,15.0,5.1,0.005894784039758314,0.8788617470762309,0.024109942635935317,SiC_15deg
trim_both_sides,1500.0,3500.0,1037,False,15.0,5.12,0.00591183124243269,0.8725325512916636,0.02527963658693524,SiC_15deg
trim_both_sides,1500.0,3500.0,1037,False,15.0,5.140000000000001,0.005930810678512635,0.8659963945212048,0.02648839799127902,SiC_15deg
trim_both_sides,1500.0,3500.0,1037,False,15.0,5.16,0.0059512374456473375,0.8592860100242674,0.0277295097575897,SiC_15deg
trim_both_sides,1500.0,3500.0,1037,False,15.0,5.18,0.005972582827473612,0.8524370483697079,0.028995718791828027,SiC_15deg
trim_both_sides,1500.0,3500.0,1037,False,15.0,5.2,0.00599433165820718,0.8454829647881398,0.030280189537156863,SiC_15deg
trim_both_sides,1500.0,3500.0,1037,False,15.0,5.220000000000001,0.006016034850821451,0.838450343287951,0.03157737570519335,SiC_15deg
trim_both_sides,1500.0,3500.0,1037,False,15.0,5.24,0.0060373491585083965,0.8313558994788498,0.032883585963914,SiC_15deg
trim_both_sides,1500.0,3500.0,1037,False,15.0,5.26,0.006058059017058249,0.8242059770546147,0.034197096787299666,SiC_15deg
trim_both_sides,1500.0,3500.0,1037,False,15.0,5.28,0.0060780787330731905,0.8169987664808228,0.03551777141009863,SiC_15deg
trim_both_sides,1500.0,3500.0,1037,False,15.0,5.300000000000001,0.0060974366763355175,0.8097288555681833,0.036846255006943385,SiC_15deg
trim_both_sides,1500.0,3500.0,1037,False,15.0,5.32,0.006116245947545313,0.8023932010039699,0.038182909468903625,SiC_15deg
trim_both_sides,1500.0,3500.0,1037,False,15.0,5.34,0.006134667804538288,0.7949972981062551,0.039526706860671,SiC_15deg
trim_both_sides,1500.0,3500.0,1037,False,15.0,5.359999999999999,0.006152874678752028,0.7875602900623899,0.040874307015122464,SiC_15deg
trim_both_sides,1500.0,3500.0,1037,False,15.0,5.38,0.006171018842757832,0.7801180022093713,0.042219501096832444,SiC_15deg
trim_both_sides,1500.0,3500.0,1037,False,15.0,5.4,0.006189210899456484,0.7727233473269408,0.043553120857672614,SiC_15deg
trim_both_sides,1500.0,3500.0,1037,False,15.0,5.42,0.006207509707638499,0.7654441059721612,0.04486341383422792,SiC_15deg
trim_both_sides,1500.0,3500.0,1037,False,15.0,5.4399999999999995,0.006225922746176215,0.7583586031564205,0.04613679252703379,SiC_15deg
trim_both_sides,1500.0,3500.0,1037,False,15.0,5.46,0.006244413842492374,0.7515501630893331,0.04735880129358865,SiC_15deg
trim_both_sides,1500.0,3500.0,1037,False,15.0,5.48,0.0062629140526982725,0.745101366092268,0.04851511917056053,SiC_15deg
trim_both_sides,1500.0,3500.0,1037,False,15.0,5.5,0.00628133139969394,0.7390890593260219,0.0495924295684908,SiC_15deg
trim_both_sides,1500.0,3500.0,1037,False,15.0,5.52,0.006299556004476922,0.733580838957953,0.05057902931300048,SiC_15deg
trim_both_sides,1500.0,3500.0,1037,False,15.0,5.54,0.006317458572714396,0.7286334014658716,0.051465106412433244,SiC_15deg
trim_both_sides,1500.0,3500.0,1037,False,15.0,5.5600000000000005,0.0063348818666376676,0.7242928273137891,0.05224267552438341,SiC_15deg
trim_both_sides,1500.0,3500.0,1037,False,15.0,5.58,0.006351626387228573,0.7205965627758477,0.05290521318156853,SiC_15deg
trim_both_sides,1500.0,3500.0,1037,False,15.0,5.6,0.006367432776560513,0.7175766344819582,0.05344707616467091,SiC_15deg
trim_both_sides,1500.0,3500.0,1037,False,15.0,5.62,0.006381964264165872,0.715263479461719,0.05386281356612768,SiC_15deg
trim_both_sides,1500.0,3500.0,1037,False,15.0,5.640000000000001,0.006394792730478287,0.7136897061560997,0.05414649510061912,SiC_15deg
trim_both_sides,1500.0,3500.0,1037,False,15.0,5.66,0.006405391620386069,0.712893120758239,0.054291174735142035,SiC_15deg
trim_both_sides,1500.0,3500.0,1037,False,15.0,5.68,0.006413138070305493,0.7129184563424994,0.05428859008440376,SiC_15deg
trim_both_sides,1500.0,3500.0,1037,False,15.0,5.7,0.006417325365674904,0.7138174202451386,0.05412916594487215,SiC_15deg
trim_both_sides,1500.0,3500.0,1037,False,15.0,5.720000000000001,0.0064171854525139965,0.7156469081550004,0.0538023484500554,SiC_15deg
trim_both_sides,1500.0,3500.0,1037,False,15.0,5.74,0.0064119199459101595,0.7184654910111936,0.05329725011704379,SiC_15deg
trim_both_sides,1500.0,3500.0,1037,False,15.0,5.76,0.006400737130236689,0.7223285269645525,0.052603542024263726,SiC_15deg
trim_both_sides,1500.0,3500.0,1037,False,15.0,5.78,0.006382891951993412,0.7272824508014392,0.05171249368791008,SiC_15deg
trim_both_sides,1500.0,3500.0,1037,False,15.0,5.800000000000001,0.006357725964914617,0.7333589210484409,0.05061803854185196,SiC_15deg
trim_both_sides,1500.0,3500.0,1037,False,15.0,5.82,0.006324704496915508,0.7405695454750997,0.04931773586961003,SiC_15deg
trim_both_sides,1500.0,3500.0,1037,False,15.0,5.84,0.006283448826046468,0.7489018541861092,0.04781350933904972,SiC_15deg
trim_both_sides,1500.0,3500.0,1037,False,15.0,5.859999999999999,0.0062337617573743264,0.7583170486591656,0.04611206740734177,SiC_15deg
trim_both_sides,1500.0,3500.0,1037,False,15.0,5.88,0.006175645628826521,0.7687498337275671,0.044224950223618366,SiC_15deg
trim_both_sides,1500.0,3500.0,1037,False,15.0,5.9,0.006109312450541065,0.7801103548349957,0.04216819824773326,SiC_15deg
trim_both_sides,1500.0,3500.0,1037,False,15.0,5.92,0.006035186631981234,0.7922879455652445,0.039961694257608246,SiC_15deg
trim_both_sides,1500.0,3500.0,1037,False,15.0,5.9399999999999995,0.005953901567667746,0.8051560880663882,0.03762828435132069,SiC_15deg
trim_both_sides,1500.0,3500.0,1037,False,15.0,5.96,0.005866292136172753,0.8185777627054248,0.03519282411792245,SiC_15deg
trim_both_sides,1500.0,3500.0,1037,False,15.0,5.98,0.005773385709860877,0.8324102748546585,0.03268131232354157,SiC_15deg
trim_both_sides,1500.0,3500.0,1037,False,15.0,6.0,0.005676394298520478,0.8465087385509205,0.030120258568768023,SiC_15deg
trim_both_sides,1500.0,3500.0,1037,False,15.0,6.02,0.005576709703147489,0.8607276730879259,0.02753638251663739,SiC_15deg
trim_both_sides,1500.0,3500.0,1037,False,15.0,6.04,0.005475901911310684,0.8749205868614948,0.02495666791131447,SiC_15deg
trim_both_sides,1500.0,3500.0,1037,False,15.0,6.0600000000000005,0.005375718520909203,0.8889379007002896,0.02240870931473867,SiC_15deg
trim_both_sides,1500.0,3500.0,1037,False,15.0,6.08,0.005278080110750026,0.9026239985022939,0.019921211519817163,SiC_15deg
trim_both_sides,1500.0,3500.0,1037,False,15.0,6.1,0.005185063847366257,0.91581448919094,0.017524448428889908,SiC_15deg
trim_both_sides,1500.0,3500.0,1037,False,15.0,6.12,0.005098866139560477,0.9283348488374648,0.015250472874908643,SiC_15deg
trim_both_sides,1500.0,3500.0,1037,False,15.0,6.140000000000001,0.005021735869403523,0.9400014501428372,0.013132897880748211,SiC_15deg
trim_both_sides,1500.0,3500.0,1037,False,15.0,6.16,0.004955873554596702,0.9506255853565323,0.011206142049027371,SiC_15deg
trim_both_sides,1500.0,3500.0,1037,False,15.0,6.18,0.004903299044690326,0.9600205003796524,0.009504137766001636,SiC_15deg
trim_both_sides,1500.0,3500.0,1037,False,15.0,6.2,0.004865700125263014,0.9680107813296962,0.008058622764339397,SiC_15deg
trim_both_sides,1500.0,3500.0,1037,False,15.0,6.220000000000001,0.004844284182201716,0.9744428106740719,0.006897247874336009,SiC_15deg
trim_both_sides,1500.0,3500.0,1037,False,15.0,6.24,0.004839661067316576,0.9791945986411376,0.00604180744961948,SiC_15deg
trim_both_sides,1500.0,3500.0,1037,False,15.0,6.26,0.004851783891361224,0.9821832362911708,0.0055069088313705,SiC_15deg
trim_both_sides,1500.0,3500.0,1037,False,15.0,6.28,0.004879964347769217,0.9833685752283241,0.005299331537275051,SiC_15deg
trim_both_sides,1500.0,3500.0,1037,False,15.0,6.300000000000001,0.004922962781213619,0.9827524667028811,0.005418194630150584,SiC_15deg
trim_both_sides,1500.0,3500.0,1037,False,15.0,6.32,0.00497913610853125,0.9803738215689813,0.0058558825166446365,SiC_15deg
trim_both_sides,1500.0,3500.0,1037,False,15.0,6.34,0.005046614866231288,0.9763006375984055,0.006599519535842402,SiC_15deg
trim_both_sides,1500.0,3500.0,1037,False,15.0,6.359999999999999,0.00512347756844288,0.9706207391544271,0.0076326759378562295,SiC_15deg
trim_both_sides,1500.0,3500.0,1037,False,15.0,6.38,0.0052078958823417835,0.9634331259955298,0.008936960978470205,SiC_15deg
trim_both_sides,1500.0,3500.0,1037,False,15.0,6.4,0.005298234666082682,0.9548415052393928,0.01049321765034441,SiC_15deg
trim_both_sides,1500.0,3500.0,1037,False,15.0,6.42,0.005393102640696565,0.9449508899701076,0.012282158588377463,SiC_15deg
trim_both_sides,1500.0,3500.0,1037,False,15.0,6.4399999999999995,0.005491359222319924,0.9338672908442858,0.014284437546759073,SiC_15deg
trim_both_sides,1500.0,3500.0,1037,False,15.0,6.46,0.0055920891922145,0.9216997367719348,0.016480293505633035,SiC_15deg
trim_both_sides,1500.0,3500.0,1037,False,15.0,6.48,0.0056945591515625265,0.9085633387350482,0.018848998756529817,SiC_15deg
trim_both_sides,1500.0,3500.0,1037,False,15.0,6.5,0.005798168690738428,0.8945819753082843,0.021368367074341504,SiC_15deg
trim_both_sides,1500.0,3500.0,1037,False,15.0,6.52,0.0059024059391742205,0.8798894366560979,0.02401453208595687,SiC_15deg
trim_both_sides,1500.0,3500.0,1037,False,15.0,6.54,0.006006812850996433,0.8646284145290003,0.026762107375040485,SiC_15deg
trim_both_sides,1500.0,3500.0,1037,False,15.0,6.5600000000000005,0.006110961367655889,0.8489473943051489,0.029584720060918245,SiC_15deg
trim_both_sides,1500.0,3500.0,1037,False,15.0,6.58,0.0062144383784670625,0.8329961004404348,0.03245580278997001,SiC_15deg
trim_both_sides,1500.0,3500.0,1037,False,15.0,6.6,0.006316835669988243,0.816920521009244,0.03534946178243704,SiC_15deg
trim_both_sides,1500.0,3500.0,1037,False,15.0,6.62,0.0064177408599695625,0.8008586242008332,0.03824122267896357,SiC_15deg
trim_both_sides,1500.0,3500.0,1037,False,15.0,6.640000000000001,0.00651672631967114,0.784937699866566,0.041108487870111406,SiC_15deg
trim_both_sides,1500.0,3500.0,1037,False,15.0,6.66,0.006613334760928107,0.7692738938842604,0.04393060423516599,SiC_15deg
trim_both_sides,1500.0,3500.0,1037,False,15.0,6.68,0.006707061940098801,0.753974056722261,0.0466885200597379,SiC_15deg
trim_both_sides,1500.0,3500.0,1037,False,15.0,6.7,0.006797338360339104,0.7391395951271845,0.04936408730625931,SiC_15deg
trim_both_sides,1500.0,3500.0,1037,False,15.0,6.720000000000001,0.006883512658517348,0.7248716659334008,0.05193912802812269,SiC_15deg
trim_both_sides,1500.0,3500.0,1037,False,15.0,6.74,0.006964839439718249,0.7112768242382623,0.05439442419470642,SiC_15deg
trim_both_sides,1500.0,3500.0,1037,False,15.0,6.76,0.007040473717854035,0.6984721533974081,0.056708805109122504,SiC_15deg
trim_both_sides,1500.0,3500.0,1037,False,15.0,6.78,0.007109473006092809,0.6865889641190185,0.05885849546878427,SiC_15deg
trim_both_sides,1500.0,3500.0,1037,False,15.0,6.800000000000001,0.007170806739941441,0.675774342140493,0.06081685218456212,SiC_15deg
trim_both_sides,1500.0,3500.0,1037,False,15.0,6.82,0.0072233714242012385,0.666190119607561,0.06255456463218959,SiC_15deg
trim_both_sides,1500.0,3500.0,1037,False,15.0,6.84,0.007266008976634645,0.6580091984249772,0.06404032942339571,SiC_15deg
trim_both_sides,1500.0,3500.0,1037,False,15.0,6.859999999999999,0.007297525414793536,0.6514095071828672,0.06524194744495293,SiC_15deg
trim_both_sides,1500.0,3500.0,1037,False,15.0,6.88,0.0073167073694295785,0.6465661699373699,0.0661277380648228,SiC_15deg
trim_both_sides,1500.0,3500.0,1037,False,15.0,6.9,0.007322334808321191,0.6436426628970803,0.06666813058380174,SiC_15deg
trim_both_sides,1500.0,3500.0,1037,False,15.0,6.92,0.0073131895752659055,0.6427818161693342,0.06683727928532877,SiC_15deg
trim_both_sides,1500.0,3500.0,1037,False,15.0,6.9399999999999995,0.007288060576940274,0.644097489593491,0.06661455429991436,SiC_15deg
trim_both_sides,1500.0,3500.0,1037,False,15.0,6.96,0.007245747392293027,0.647667638473018,0.06598578144750263,SiC_15deg
trim_both_sides,1500.0,3500.0,1037,False,15.0,6.98,0.007185064541237012,0.6535293146734195,0.06494413509752525,SiC_15deg
trim_both_sides,1500.0,3500.0,1037,False,15.0,7.0,0.007104848581397575,0.6616759425900137,0.06349062496351798,SiC_15deg
trim_both_sides,1500.0,3500.0,1037,False,15.0,7.0200000000000005,0.007003969699690383,0.6720569804074186,0.06163415839549855,SiC_15deg
trim_both_sides,1500.0,3500.0,1037,False,15.0,7.04,0.006881348738018383,0.6845798338819075,0.059391202620768704,SiC_15deg
trim_both_sides,1500.0,3500.0,1037,False,15.0,7.0600000000000005,0.0067359799014872455,0.6991136473528846,0.05678511401067887,SiC_15deg
trim_both_sides,1500.0,3500.0,1037,False,15.0,7.08,0.006566958991188564,0.7154943817554748,0.05384523916572144,SiC_15deg
trim_both_sides,1500.0,3500.0,1037,False,15.0,7.1,0.006373517057133429,0.733530439577246,0.05060591885343971,SiC_15deg
trim_both_sides,1500.0,3500.0,1037,False,15.0,7.12,0.0061550599535141436,0.7530080499393856,0.04710553391179837,SiC_15deg
trim_both_sides,1500.0,3500.0,1037,False,15.0,7.14,0.005911215385451464,0.7736957073197218,0.04338571787253188,SiC_15deg
trim_both_sides,1500.0,3500.0,1037,False,15.0,7.16,0.005641890637620653,0.7953471633551603,0.03949082449056604,SiC_15deg
trim_both_sides,1500.0,3500.0,1037,False,15.0,7.18,0.005347346364692088,0.8177027724167177,0.03546768490360738,SiC_15deg
trim_both_sides,1500.0,3500.0,1037,False,15.0,7.2,0.005028295024332786,0.8404893358319793,0.031365628060176405,SiC_15deg
trim_both_sides,1500.0,3500.0,1037,False,15.0,7.22,0.004686037833826334,0.8634189150868331,0.02723668029285656,SiC_15deg
trim_both_sides,1500.0,3500.0,1037,False,15.0,7.24,0.004322663889551328,0.8861873338307666,0.023135815681945802,SiC_15deg
trim_both_sides,1500.0,3500.0,1037,False,15.0,7.26,0.003941354104888324,0.9084732191467755,0.019121105837361405,SiC_15deg
trim_both_sides,1500.0,3500.0,1037,False,15.0,7.28,0.003546870340603604,0.9299384208131773,0.015253620166218508,SiC_15deg
trim_both_sides,1500.0,3500.0,1037,False,15.0,7.3,0.0031463837501151276,0.9502304908235955,0.011596956040704381,SiC_15deg
trim_both_sides,1500.0,3500.0,1037,False,15.0,7.32,0.0027509289314152064,0.9689876239437604,0.008216329004190236,SiC_15deg
trim_both_sides,1500.0,3500.0,1037,False,15.0,7.34,0.0023779411249866002,0.9858460960224135,0.005177218599405385,SiC_15deg
trim_both_sides,1500.0,3500.0,1037,False,15.0,7.36,0.0020551763290272405,1.0004498538321196,0.002543634071699879,SiC_15deg
trim_both_sides,1500.0,3500.0,1037,False,15.0,7.38,0.0018240526431294716,1.0124615859600063,0.00037612209500117864,SiC_15deg
trim_both_sides,1500.0,3500.0,1037,False,15.0,7.4,0.0017329418027826917,1.0215744143504657,-0.001270327839808093,SiC_15deg
trim_both_sides,1500.0,3500.0,1037,False,15.0,7.42,0.0018092639996629234,1.027523341548458,-0.0023483247936739197,SiC_15deg
trim_both_sides,1500.0,3500.0,1037,False,15.0,7.44,0.002035246588495055,1.0300957731125242,-0.0028199430996789752,SiC_15deg
trim_both_sides,1500.0,3500.0,1037,False,15.0,7.46,0.0023653507736878586,1.0291407517269868,-0.002658351060872408,SiC_15deg
trim_both_sides,1500.0,3500.0,1037,False,15.0,7.48,0.002756543904371107,1.024576879881317,-0.0018492003325608056,SiC_15deg
trim_both_sides,1500.0,3500.0,1037,False,15.0,7.5,0.003178564579117052,1.0163991383217723,-0.0003918167358870337,SiC_15deg
trim_both_sides,1500.0,3500.0,1037,False,15.0,7.5200000000000005,0.003611681900507624,1.0046848155491173,0.0016997650281039335,SiC_15deg
trim_both_sides,1500.0,3500.0,1037,False,15.0,7.54,0.0040428251458751565,0.9895985048409752,0.0043959269636464965,SiC_15deg
trim_both_sides,1500.0,3500.0,1037,False,15.0,7.5600000000000005,0.004462954977309901,0.9713956539153207,0.007650843192428431,SiC_15deg
trim_both_sides,1500.0,3500.0,1037,False,15.0,7.58,0.004865571744089661,0.950423622611188,0.01140229099132478,SiC_15deg
trim_both_sides,1500.0,3500.0,1037,False,15.0,7.6000000000000005,0.0052459045388127505,0.9271188331672615,0.015572151354216968,SiC_15deg
trim_both_sides,1500.0,3500.0,1037,False,15.0,7.62,0.005600468839864645,0.9019985958552468,0.02006785501724472,SiC_15deg
trim_both_sides,1500.0,3500.0,1037,False,15.0,7.64,0.005926816474894122,0.8756466775484952,0.02478494446628358,SiC_15deg
trim_both_sides,1500.0,3500.0,1037,False,15.0,7.66,0.00622338092725758,0.8486926107500193,0.029610756682006634,SiC_15deg
trim_both_sides,1500.0,3500.0,1037,False,15.0,7.68,0.006489363948908927,0.8217859021220252,0.03442902329859866,SiC_15deg
trim_both_sides,1500.0,3500.0,1037,False,15.0,7.7,0.0067246338122036895,0.7955673672815948,0.03912499270190488,SiC_15deg
trim_both_sides,1500.0,3500.0,1037,False,15.0,7.72,0.006929620800009101,0.7706404726342131,0.04359055986981305,SiC_15deg
trim_both_sides,1500.0,3500.0,1037,False,15.0,7.74,0.00710520582949125,0.7475456146547068,0.04772887899201682,SiC_15deg
trim_both_sides,1500.0,3500.0,1037,False,15.0,7.76,0.007252604900875683,0.7267397212935527,0.051458029932123325,SiC_15deg
trim_both_sides,1500.0,3500.0,1037,False,15.0,7.78,0.007373255830114071,0.7085826112469463,0.05471347836110315,SiC_15deg
trim_both_sides,1500.0,3500.0,1037,False,15.0,7.8,0.00746871482130786,0.6933304801437665,0.057449259955446225,SiC_15deg
trim_both_sides,1500.0,3500.0,1037,False,15.0,7.82,0.0075405694403801495,0.6811359635482902,0.0596379838905967,SiC_15deg
trim_both_sides,1500.0,3500.0,1037,False,15.0,7.84,0.0075903722537633105,0.67205361666993,0.061269860864963714,SiC_15deg
trim_both_sides,1500.0,3500.0,1037,False,15.0,7.86,0.007619596620237092,0.6660493826080705,0.06235100996604764,SiC_15deg
trim_both_sides,1500.0,3500.0,1037,False,15.0,7.88,0.0076296135572416915,0.6630126269946701,0.06290129877507213,SiC_15deg
trim_both_sides,1500.0,3500.0,1037,False,15.0,7.9,0.0076216866917475845,0.6627694838588725,0.06295194229657843,SiC_15deg
trim_both_sides,1500.0,3500.0,1037,False,15.0,7.92,0.00759698124077549,0.6650964805432128,0.06254304725189914,SiC_15deg
trim_both_sides,1500.0,3500.0,1037,False,15.0,7.94,0.007556582722370914,0.6697336249639602,0.061721250287484,SiC_15deg
trim_both_sides,1500.0,3500.0,1037,False,15.0,7.96,0.007501521494051435,0.6763963309059576,0.060537564443096534,SiC_15deg
trim_both_sides,1500.0,3500.0,1037,False,15.0,7.98,0.007432799981843902,0.6847857442763081,0.059045514579107394,SiC_15deg
trim_both_sides,1500.0,3500.0,1037,False,15.0,8.0,0.007351420301163969,0.6945972412700604,0.057299604764866445,SiC_15deg
