dataset,angle_deg,thickness_um,wavenumber_cm,observed_reflectance,model_raw_reflectance,fitted_reflectance,residual
SiC_10deg,10.0,7.465,1500.347,0.1443565194,0.14300361718647908,0.13879454644666472,0.00556197295333527
SiC_10deg,10.0,7.465,1503.24,0.14496072299999999,0.1435717520683412,0.13935972345879688,0.0056009995412031055
SiC_10deg,10.0,7.465,1506.133,0.14626487700000002,0.1442151631162509,0.1399997847281183,0.0062650922718817115
SiC_10deg,10.0,7.465,1509.025,0.1478220472,0.14492938602841152,0.140710289195241,0.0071117580047589946
SiC_10deg,10.0,7.465,1511.918,0.14874472519999998,0.14571025609983354,0.14148709383779917,0.0072576313622008115
SiC_10deg,10.0,7.465,1514.811,0.1497519751,0.14655247196540427,0.14232492489107554,0.007427050208924452
SiC_10deg,10.0,7.465,1517.703,0.1507932595,0.1474502910847481,0.14321806971197218,0.00757518978802782
SiC_10deg,10.0,7.465,1520.596,0.1515868491,0.14839860750193615,0.14416144892760058,0.007425400172399427
SiC_10deg,10.0,7.465,1523.489,0.1524925269,0.1493911380506575,0.145148812083578,0.0073437148164220145
SiC_10deg,10.0,7.465,1526.381,0.1521778937,0.15042133701676674,0.1461736475445849,0.006004246155415116
SiC_10deg,10.0,7.465,1529.274,0.1525942497,0.15148358509498805,0.14723036526102667,0.005363884438973315
SiC_10deg,10.0,7.465,1532.167,0.1533039237,0.15257109949679998,0.14831221775748354,0.004991705942516467
SiC_10deg,10.0,7.465,1535.06,0.1546591588,0.1536773976451521,0.14941275620702155,0.005246402592978455
SiC_10deg,10.0,7.465,1537.952,0.1552090704,0.15479560683258142,0.15052514368342265,0.004683926716577358
SiC_10deg,10.0,7.465,1540.845,0.15680834629999998,0.15592006110656156,0.15164374373270034,0.005164602567299642
SiC_10deg,10.0,7.465,1543.738,0.156567751,0.1570440213045664,0.152761852278301,0.003805898721699008
SiC_10deg,10.0,7.465,1546.63,0.1558737664,0.15816087647507288,0.15387289278717156,0.002000873612828441
SiC_10deg,10.0,7.465,1549.523,0.1553173403,0.15926533973126622,0.15497160589751463,0.0003457344024853648
SiC_10deg,10.0,7.465,1552.416,0.1548782588,0.160351163131737,0.1560517761964582,-0.0011735173964581846
SiC_10deg,10.0,7.465,1555.308,0.1550556363,0.1614123573336982,0.15710744552341557,-0.0020518092234155794
SiC_10deg,10.0,7.465,1558.201,0.1559556426,0.16244429274329858,0.15813400838750122,-0.0021783657875012186
SiC_10deg,10.0,7.465,1561.094,0.1572054468,0.1634415213275221,0.15912604511968875,-0.0019205983196887433
SiC_10deg,10.0,7.465,1563.987,0.15742744679999998,0.16439927828760653,0.16007881572809626,-0.0026513689280962816
SiC_10deg,10.0,7.465,1566.879,0.158218104,0.16531282318685941,0.16098760445607588,-0.0027695004560758796
SiC_10deg,10.0,7.465,1569.772,0.1594626209,0.16617870605603144,0.16184897929588696,-0.002386358395886967
SiC_10deg,10.0,7.465,1572.665,0.1605825163,0.1669928848136476,0.1626589192102657,-0.002076402910265701
SiC_10deg,10.0,7.465,1575.557,0.1620856503,0.16775176542895442,0.16341384887999197,-0.0013281985799919738
SiC_10deg,10.0,7.465,1578.45,0.16336315240000002,0.16845291864298162,0.16411135169349977,-0.0007481992934997572
SiC_10deg,10.0,7.465,1581.343,0.1643363953,0.1690935113854812,0.16474860933030042,-0.0004122140303004229
SiC_10deg,10.0,7.465,1584.235,0.1652964659,0.16967119315987905,0.16532328353116496,-2.6817631164965938e-05
SiC_10deg,10.0,7.465,1587.128,0.1659574643,0.17018460429748528,0.1658340217062205,0.00012344259377949918
SiC_10deg,10.0,7.465,1590.021,0.1661166121,0.17063217754921875,0.16627926476592475,-0.00016265266592474514
SiC_10deg,10.0,7.465,1592.914,0.1664076808,0.1710129586924108,0.16665806345556017,-0.00025038265556015515
SiC_10deg,10.0,7.465,1595.806,0.1666798889,0.17132629647113412,0.16696976990982074,-0.00028988100982074716
SiC_10deg,10.0,7.465,1598.699,0.1664984254,0.1715722482426154,0.16721444118731527,-0.0007160157873152551
SiC_10deg,10.0,7.465,1601.592,0.16666057469999998,0.17175092382161478,0.1673921865310774,-0.0007316118310774222
SiC_10deg,10.0,7.465,1604.484,0.1664060967,0.17186290745769042,0.1675035871488981,-0.0010974904488980919
SiC_10deg,10.0,7.465,1607.377,0.1662788627,0.17190926051318423,0.16754969887736884,-0.0012708361773688392
SiC_10deg,10.0,7.465,1610.27,0.1657685929,0.17189127920321606,0.1675318111831496,-0.001763218283149598
SiC_10deg,10.0,7.465,1613.162,0.1654002169,0.17181069886109473,0.16745165036491672,-0.0020514334649167076
SiC_10deg,10.0,7.465,1616.055,0.16490292039999999,0.1716694972902491,0.167311183929099,-0.0024082635290990084
SiC_10deg,10.0,7.465,1618.948,0.164674138,0.17147004854761833,0.1671127735726285,-0.0024386355726284947
SiC_10deg,10.0,7.465,1621.841,0.1643948545,0.1712150166751606,0.16685906946771295,-0.0024642149677129577
SiC_10deg,10.0,7.465,1624.733,0.1641781964,0.17090747095579154,0.16655312491771923,-0.002374928517719227
SiC_10deg,10.0,7.465,1627.626,0.1639082356,0.17055042392506153,0.1661979367740917,-0.0022897011740916906
SiC_10deg,10.0,7.465,1630.519,0.1637648177,0.17014745175293106,0.16579706258824584,-0.0020322448882458266
SiC_10deg,10.0,7.465,1633.411,0.16340204719999998,0.1697024260485786,0.16535435381267558,-0.0019523066126755917
SiC_10deg,10.0,7.465,1636.304,0.1631585445,0.16921895928492395,0.16487340411275228,-0.0017148596127522786
SiC_10deg,10.0,7.465,1639.197,0.1627975825,0.16870130745621015,0.16435844732481786,-0.001560864824817848
SiC_10deg,10.0,7.465,1642.089,0.1624714465,0.16815393787027993,0.163813927498656,-0.0013424809986559982
SiC_10deg,10.0,7.465,1644.982,0.1620072155,0.16758088364223245,0.1632438567518361,-0.0012366412518360903
SiC_10deg,10.0,7.465,1647.875,0.1610744099,0.16698685614673886,0.16265292193028977,-0.0015785120302897748
SiC_10deg,10.0,7.465,1650.768,0.16076283109999998,0.1663764703021282,0.16204571392578543,-0.001282882825785453
SiC_10deg,10.0,7.465,1653.66,0.1602198571,0.1657546185439609,0.16142709970249006,-0.001207242602490055
SiC_10deg,10.0,7.465,1656.553,0.1599294512,0.1651255790020977,0.1608013351171191,-0.0008718839171191206
SiC_10deg,10.0,7.465,1659.446,0.1594580367,0.16449428029372076,0.16017332312708965,-0.0007152864270896508
SiC_10deg,10.0,7.465,1662.338,0.1588048518,0.16386563193900805,0.159547947692239,-0.0007430958922390041
SiC_10deg,10.0,7.465,1665.231,0.1580943897,0.16324384060222744,0.15892939357575966,-0.0008350038757596601
SiC_10deg,10.0,7.465,1668.124,0.1574940518,0.16263368873155964,0.15832241832706412,-0.0008283665270641116
SiC_10deg,10.0,7.465,1671.016,0.156819118,0.16203983665605132,0.15773165801221736,-0.0009125400122173555
SiC_10deg,10.0,7.465,1673.909,0.1563582943,0.16146619738148085,0.15716100526479096,-0.0008027109647909536
SiC_10deg,10.0,7.465,1676.802,0.15594351010000002,0.1609171443444059,0.15661481075200373,-0.0006713006520037146
SiC_10deg,10.0,7.465,1679.695,0.15549579189999999,0.1603966570480059,0.1560970332586241,-0.000601241358624105
SiC_10deg,10.0,7.465,1682.587,0.1548154098,0.15990866763720935,0.15561158445772988,-0.0007961746577298812
SiC_10deg,10.0,7.465,1685.48,0.1544189748,0.15945637376247113,0.15516164535190982,-0.0007426705519098242
SiC_10deg,10.0,7.465,1688.373,0.1538573248,0.15904323115466734,0.15475065368053467,-0.0008933288805346717
SiC_10deg,10.0,7.465,1691.265,0.1534929368,0.15867236667705767,0.15438172002753595,-0.0008887832275359386
SiC_10deg,10.0,7.465,1694.158,0.1533418334,0.15834623633027262,0.15405728760691523,-0.0007154542069152392
SiC_10deg,10.0,7.465,1697.051,0.1528446812,0.1580673800982908,0.15377988317878125,-0.0009352019787812471
SiC_10deg,10.0,7.465,1699.943,0.15257644839999998,0.15783795008134419,0.1535516476389279,-0.0009751992389279152
SiC_10deg,10.0,7.465,1702.836,0.1522460049,0.1576595344727405,0.15337416091208256,-0.0011281560120825485
SiC_10deg,10.0,7.465,1705.729,0.1519700329,0.15753362549988348,0.15324890745669406,-0.0012788745566940651
SiC_10deg,10.0,7.465,1708.622,0.1519625403,0.15746127782442282,0.15317693644354743,-0.0012143961435474304
SiC_10deg,10.0,7.465,1711.514,0.1517853919,0.1574431895048123,0.15315894229680807,-0.0013735503968080598
SiC_10deg,10.0,7.465,1714.407,0.151742002,0.15747969457357755,0.15319525730993455,-0.0014532553099345646
SiC_10deg,10.0,7.465,1717.3,0.1521018531,0.15757080213163427,0.15328589053646058,-0.0011840374364605888
SiC_10deg,10.0,7.465,1720.192,0.1521180149,0.15771609677117293,0.15343042873130638,-0.001312413831306397
SiC_10deg,10.0,7.465,1723.085,0.15222141990000002,0.1579149805488349,0.15362827706417434,-0.0014068571641743244
SiC_10deg,10.0,7.465,1725.978,0.1522113692,0.15816638008803652,0.15387836774678068,-0.0016669985467806792
SiC_10deg,10.0,7.465,1728.87,0.1526370429,0.1584688269746137,0.15417924000993782,-0.0015421971099378318
SiC_10deg,10.0,7.465,1731.763,0.152923628,0.15882086643269658,0.15452944665174756,-0.0016058186517475537
SiC_10deg,10.0,7.465,1734.656,0.153460987,0.15922044439367994,0.15492694429766266,-0.0014659572976626623
SiC_10deg,10.0,7.465,1737.549,0.1539897517,0.15966532599773192,0.15536950972315908,-0.0013797580231590667
SiC_10deg,10.0,7.465,1740.441,0.1544637428,0.16015284301878435,0.1558544885937028,-0.0013907457937027967
SiC_10deg,10.0,7.465,1743.334,0.1549716834,0.16068060353511412,0.1563795014405869,-0.0014078180405869
SiC_10deg,10.0,7.465,1746.227,0.1553163157,0.16124550066765614,0.15694145756003108,-0.0016251418600310708
SiC_10deg,10.0,7.465,1749.119,0.1563798527,0.16184418324274352,0.15753702322551966,-0.0011571705255196685
SiC_10deg,10.0,7.465,1752.012,0.15724155550000002,0.162473757931372,0.15816332017153156,-0.0009217646715315442
SiC_10deg,10.0,7.465,1754.905,0.1577656624,0.16313056947000026,0.15881671216485393,-0.0010510497648539285
SiC_10deg,10.0,7.465,1757.797,0.1587200825,0.16381080377601714,0.15949340498006065,-0.0007733224800606509
SiC_10deg,10.0,7.465,1760.69,0.1595731626,0.16451126045248599,0.16019021488238022,-0.0006170522823802094
SiC_10deg,10.0,7.465,1763.583,0.1603740982,0.1652279641472314,0.16090318721643698,-0.0005290890164369733
SiC_10deg,10.0,7.465,1766.476,0.1612821421,0.1659571230169409,0.16162854988031952,-0.00034640778031952424
SiC_10deg,10.0,7.465,1769.368,0.16183247560000003,0.1666946652646808,0.16236225227601228,-0.0005297766760122558
SiC_10deg,10.0,7.465,1772.261,0.1633093025,0.16743728586725187,0.16310100658719498,0.00020829591280502324
SiC_10deg,10.0,7.465,1775.154,0.16413379150000001,0.16818093714826013,0.1638407862108135,0.0002930052891865209
SiC_10deg,10.0,7.465,1778.046,0.1647903388,0.1689216141491826,0.16457760703928354,0.00021273176071645583
SiC_10deg,10.0,7.465,1780.939,0.1654839348,0.16965614557731348,0.16530831429053966,0.00017562050946035024
SiC_10deg,10.0,7.465,1783.832,0.16624239549999997,0.17038067520099368,0.1660290718095476,0.0002133236904523772
SiC_10deg,10.0,7.465,1786.724,0.16711336870000001,0.17109146458044255,0.16673616061989402,0.00037720808010599516
SiC_10deg,10.0,7.465,1789.617,0.16772013430000002,0.1717856326154059,0.16742671462114164,0.0002934196788583754
SiC_10deg,10.0,7.465,1792.51,0.1688184193,0.17245969565298364,0.16809726829726565,0.0007211510027343437
SiC_10deg,10.0,7.465,1795.403,0.16972235779999997,0.17311057193872997,0.16874475593829924,0.0009776018617007332
SiC_10deg,10.0,7.465,1798.295,0.1701149028,0.1737351361941527,0.16936606853682762,0.0007488342631723766
SiC_10deg,10.0,7.465,1801.188,0.1707464203,0.1743310872960054,0.16995891694989818,0.0007875033501018314
SiC_10deg,10.0,7.465,1804.081,0.1712773915,0.17489566253097075,0.17052055284765488,0.0007568386523451043
SiC_10deg,10.0,7.465,1806.973,0.1718298388,0.17542634436345883,0.17104847180150504,0.0007813669984949589
SiC_10deg,10.0,7.465,1809.866,0.1726168799,0.17592137111978898,0.17154092130953588,0.00107595859046411
SiC_10deg,10.0,7.465,1812.759,0.1731808976,0.17637864253336344,0.17199581203972727,0.0011850855602727195
SiC_10deg,10.0,7.465,1815.651,0.17358002169999998,0.17679633528802596,0.1724113301686189,0.0011686915313810775
SiC_10deg,10.0,7.465,1818.544,0.17393300790000002,0.17717328289664636,0.17278631528214014,0.001146692617859879
SiC_10deg,10.0,7.465,1821.437,0.174260803,0.17750811240142544,0.17311940157049563,0.0011414014295043629
SiC_10deg,10.0,7.465,1824.33,0.1746650821,0.1777998392593263,0.17340960961645596,0.0012554724835440456
SiC_10deg,10.0,7.465,1827.222,0.17484460540000002,0.17804763973430582,0.17365611997257918,0.0011884854274208378
SiC_10deg,10.0,7.465,1830.115,0.17509610009999999,0.17825117913533317,0.17385859969032996,0.0012375004096700226
SiC_10deg,10.0,7.465,1833.008,0.17512727300000003,0.17841009706625488,0.17401669024987837,0.001110582750121658
SiC_10deg,10.0,7.465,1835.9,0.1752255041,0.17852433236933174,0.1741303308118896,0.0010951732881104015
SiC_10deg,10.0,7.465,1838.793,0.1750438071,0.17859416991114974,0.1741998047598542,0.0008440023401458108
SiC_10deg,10.0,7.465,1841.686,0.174849221,0.17862000029060254,0.17422550065909825,0.0006237203409017456
SiC_10deg,10.0,7.465,1844.578,0.1751597701,0.17860250233830768,0.17420809380605656,0.0009516762939434376
SiC_10deg,10.0,7.465,1847.471,0.1750954952,0.17854255133361685,0.1741484549231307,0.0009470402768693154
SiC_10deg,10.0,7.465,1850.364,0.17474129189999998,0.17844124957290744,0.17404768056783354,0.0006936113321664439
SiC_10deg,10.0,7.465,1853.257,0.1745938751,0.17829990975663412,0.17390707660633264,0.0006867984936673455
SiC_10deg,10.0,7.465,1856.149,0.1742660036,0.17812011427702645,0.17372821719247922,0.0005377864075207794
SiC_10deg,10.0,7.465,1859.042,0.1737334775,0.17790344428052512,0.17351267524082165,0.00022080225917836538
SiC_10deg,10.0,7.465,1861.935,0.17334220479999998,0.17765184395030129,0.17326238481256753,7.981998743245011e-05
SiC_10deg,10.0,7.465,1864.827,0.1731581646,0.17736747783237583,0.17297949918450334,0.00017866541549665937
SiC_10deg,10.0,7.465,1867.72,0.17274866,0.17705237040270694,0.17266603229259697,8.262770740302683e-05
SiC_10deg,10.0,7.465,1870.613,0.1723128091,0.17670898525013168,0.1723244348995502,-1.1625799550218918e-05
SiC_10deg,10.0,7.465,1873.505,0.1717258574,0.17633996136418334,0.17195733225557577,-0.00023147485557578618
SiC_10deg,10.0,7.465,1876.398,0.1712411917,0.17594767308130824,0.17156708633565773,-0.0003258946356577419
SiC_10deg,10.0,7.465,1879.291,0.1707838356,0.17553498309386276,0.17115654492817223,-0.00037270932817223823
SiC_10deg,10.0,7.465,1882.184,0.1700757798,0.17510472536098218,0.17072852723786744,-0.0006527474378674458
SiC_10deg,10.0,7.465,1885.076,0.16966214170000002,0.17465996928906818,0.17028608669095344,-0.0006239449909534178
SiC_10deg,10.0,7.465,1887.969,0.1690937134,0.1742033837542494,0.16983187826864032,-0.0007381648686403119
SiC_10deg,10.0,7.465,1890.862,0.168583275,0.17373814539050403,0.16936906206645774,-0.0007857870664577382
SiC_10deg,10.0,7.465,1893.754,0.16786068620000003,0.17326747434214845,0.1689008414637466,-0.0010401552637465672
SiC_10deg,10.0,7.465,1896.647,0.1672598609,0.17279411597621352,0.168429947534386,-0.0011700866343860028
SiC_10deg,10.0,7.465,1899.54,0.1666940711,0.1723213021867367,0.16795959534626553,-0.0012655242462655258
SiC_10deg,10.0,7.465,1902.432,0.1659586505,0.17185224543167432,0.1674929806323834,-0.0015343301323834102
SiC_10deg,10.0,7.465,1905.325,0.1656341274,0.17138963612066616,0.16703277979535122,-0.0013986523953512242
SiC_10deg,10.0,7.465,1908.218,0.16487289910000003,0.17093660054117837,0.1665821028463048,-0.0017092037463047882
SiC_10deg,10.0,7.465,1911.111,0.16481422240000002,0.17049603303848818,0.16614382906174707,-0.001329606661747057
SiC_10deg,10.0,7.465,1914.003,0.1641263178,0.1700708867762282,0.1657208962303115,-0.001594578430311494
SiC_10deg,10.0,7.465,1916.896,0.1635491873,0.1696635749941055,0.16531570502770163,-0.0017665177277016164
SiC_10deg,10.0,7.465,1919.789,0.16330010260000002,0.1692768391274698,0.1649309826165849,-0.0016308800165848736
SiC_10deg,10.0,7.465,1922.681,0.16280373529999997,0.16891326114776198,0.16456929752593388,-0.0017655622259339088
SiC_10deg,10.0,7.465,1925.574,0.16224101529999999,0.1685749044080633,0.16423270236643425,-0.0019916870664342667
SiC_10deg,10.0,7.465,1928.467,0.1617728026,0.1682640560566353,0.16392347237881147,-0.0021506697788114815
SiC_10deg,10.0,7.465,1931.359,0.1615481176,0.167982795025985,0.1636436756720662,-0.0020955580720661837
SiC_10deg,10.0,7.465,1934.252,0.1613968908,0.16773273188340315,0.16339491442842352,-0.001998023628423523
SiC_10deg,10.0,7.465,1937.145,0.1612493985,0.16751558333197258,0.16317889641332806,-0.0019294979133280543
SiC_10deg,10.0,7.465,1940.038,0.1607245384,0.16733276347374537,0.16299702836661947,-0.0022724899666194676
SiC_10deg,10.0,7.465,1942.93,0.1607259743,0.16718552345689433,0.16285055492264186,-0.0021245806226418695
SiC_10deg,10.0,7.465,1945.823,0.1605762317,0.16707475398059543,0.16274036214334114,-0.0021641304433411557
SiC_10deg,10.0,7.465,1948.716,0.1604365698,0.1670012865622139,0.16266727721696975,-0.002230707416969735
SiC_10deg,10.0,7.465,1951.608,0.1605906986,0.16696567958145186,0.16263185561614815,-0.002041157016148154
SiC_10deg,10.0,7.465,1954.501,0.1607155062,0.16696823742249034,0.1626344001403479,-0.0019188939403479155
SiC_10deg,10.0,7.465,1957.394,0.1607011921,0.16700908413527663,0.1626750341936775,-0.001973842093677486
SiC_10deg,10.0,7.465,1960.286,0.1609184041,0.1670880681162723,0.16275360696188904,-0.0018352028618890404
SiC_10deg,10.0,7.465,1963.179,0.1611472315,0.16720490601211033,0.16286983656683268,-0.0017226050668326942
SiC_10deg,10.0,7.465,1966.072,0.16145030940000002,0.16735902260002788,0.16302315078051685,-0.0015728413805168318
SiC_10deg,10.0,7.465,1968.965,0.1615363742,0.1675496522137923,0.16321278792298233,-0.0016764137229823284
SiC_10deg,10.0,7.465,1971.857,0.1621369887,0.16777574042558746,0.16343769905606023,-0.0013007103560602196
SiC_10deg,10.0,7.465,1974.75,0.16244699399999998,0.16803627699541315,0.1636968791993435,-0.00124988519934352
SiC_10deg,10.0,7.465,1977.643,0.1627610617,0.1683298352115697,0.1639889090689942,-0.0012278473689942004
SiC_10deg,10.0,7.465,1980.535,0.1631285218,0.16865476522434303,0.16431214740487912,-0.0011836256048791127
SiC_10deg,10.0,7.465,1983.428,0.1634658446,0.1690095934667618,0.16466512831183042,-0.0011992837118304234
SiC_10deg,10.0,7.465,1986.321,0.1642545869,0.16939235960703547,0.16504590166409527,-0.0007913147640952745
SiC_10deg,10.0,7.465,1989.213,0.164834018,0.1698009229605856,0.1654523379221003,-0.0006183199221002911
SiC_10deg,10.0,7.465,1992.106,0.1657273336,0.170233443115142,0.16588260625527831,-0.00015527265527831569
SiC_10deg,10.0,7.465,1994.999,0.16641229089999998,0.1706875451642418,0.1663343441215965,7.794677840347597e-05
SiC_10deg,10.0,7.465,1997.892,0.16678246219999998,0.17116089109098276,0.16680522567652506,-2.2763476525078374e-05
SiC_10deg,10.0,7.465,2000.784,0.1671743202,0.17165088557312502,0.1672926691098005,-0.00011834890980050305
SiC_10deg,10.0,7.465,2003.677,0.16796315409999998,0.17215537467260456,0.16779453169736522,0.00016862240263476602
SiC_10deg,10.0,7.465,2006.57,0.16859134709999998,0.17267164306638944,0.16830811225292142,0.0002832348470785673
SiC_10deg,10.0,7.465,2009.462,0.16933161989999998,0.1731969191584145,0.1688306536101114,0.0005009662898885769
SiC_10deg,10.0,7.465,2012.355,0.17000761109999998,0.17372895331626625,0.16935991784873963,0.0006476932512603506
SiC_10deg,10.0,7.465,2015.248,0.1705369709,0.1742649416010573,0.169893115628012,0.0006438552719880142
SiC_10deg,10.0,7.465,2018.14,0.1712954063,0.17480207911130563,0.17042745664955122,0.0008679496504487849
SiC_10deg,10.0,7.465,2021.033,0.17197313579999998,0.1753381375928839,0.17096072426014663,0.0010124115398533473
SiC_10deg,10.0,7.465,2023.926,0.1726111995,0.1758703635465414,0.1714901792960378,0.0011210202039622086
SiC_10deg,10.0,7.465,2026.819,0.1733187031,0.17639623511937041,0.17201331303379142,0.0013053900662085838
SiC_10deg,10.0,7.465,2029.711,0.17397606710000002,0.17691311235682763,0.17252749926320884,0.0014485678367911758
SiC_10deg,10.0,7.465,2032.604,0.1744685681,0.17741896141610247,0.17303071473023626,0.0014378533697637363
SiC_10deg,10.0,7.465,2035.497,0.1749413821,0.1779112925605031,0.17352048266045023,0.001420899439549761
SiC_10deg,10.0,7.465,2038.389,0.1758294675,0.17838772823896282,0.17399443788098248,0.0018350296190175197
SiC_10deg,10.0,7.465,2041.282,0.17619422780000002,0.1788464865364034,0.17445080775390506,0.0017434200460949567
SiC_10deg,10.0,7.465,2044.175,0.1767657806,0.1792854010992994,0.17488743720433736,0.001878343395662646
SiC_10deg,10.0,7.465,2047.067,0.1769876032,0.17970245489572279,0.17530231970158586,0.001685283498414153
SiC_10deg,10.0,7.465,2049.96,0.17760657829999998,0.1800961899849272,0.1756940048953532,0.001912573404646789
SiC_10deg,10.0,7.465,2052.853,0.17781987019999998,0.18046484853095435,0.17606074410146863,0.0017591260985313495
SiC_10deg,10.0,7.465,2055.746,0.17830358799999999,0.18080696427659526,0.17640107869647,0.0019025093035299756
SiC_10deg,10.0,7.465,2058.638,0.17872294100000002,0.18112111640715187,0.17671359526281952,0.002009345737180507
SiC_10deg,10.0,7.465,2061.531,0.1787610744,0.1814063592825344,0.17699735308369527,0.0017637213163047283
SiC_10deg,10.0,7.465,2064.424,0.1791135173,0.18166157410135952,0.17725123918250804,0.0018622781174919556
SiC_10deg,10.0,7.465,2067.316,0.17946335309999997,0.1818858446763787,0.1774743421419374,0.0019890109580625592
SiC_10deg,10.0,7.465,2070.209,0.1796420628,0.18207864593209183,0.1776661396201738,0.0019759231798262
SiC_10deg,10.0,7.465,2073.102,0.1797708441,0.18223937998593506,0.17782603684739784,0.0019448072526021543
SiC_10deg,10.0,7.465,2075.994,0.1797689794,0.18236765957178847,0.17795364857370577,0.0018153308262942314
SiC_10deg,10.0,7.465,2078.887,0.17985134479999998,0.18246339153856744,0.1780488821329837,0.0018024626670162802
SiC_10deg,10.0,7.465,2081.78,0.1798403247,0.18252651011865612,0.17811167210002044,0.0017286525999795632
SiC_10deg,10.0,7.465,2084.673,0.1795543563,0.18255716445622144,0.17814216684249654,0.00141218945750346
SiC_10deg,10.0,7.465,2087.565,0.1794663708,0.18255567273479179,0.17814068288738752,0.0013256879126124776
SiC_10deg,10.0,7.465,2090.458,0.17954853629999998,0.18252250632287464,0.1781076891491241,0.0014408471508758902
SiC_10deg,10.0,7.465,2093.351,0.179270378,0.18245828982153944,0.17804380697692715,0.0012265710230728588
SiC_10deg,10.0,7.465,2096.243,0.1793715719,0.18236384378812165,0.1779498526560802,0.001421719243919789
SiC_10deg,10.0,7.465,2099.136,0.178931153,0.18224003392771063,0.1778266873845689,0.0011044656154311217
SiC_10deg,10.0,7.465,2102.029,0.1786641885,0.18208796227786858,0.17767540746243837,0.0009887810375616146
SiC_10deg,10.0,7.465,2104.921,0.1782203638,0.18190890727153453,0.17749728466674677,0.0007230791332532294
SiC_10deg,10.0,7.465,2107.814,0.1777760154,0.18170408763431062,0.1772935313780686,0.0004824840219313786
SiC_10deg,10.0,7.465,2110.707,0.1775003,0.1814750275173594,0.17706566381240738,0.0004346361875926241
SiC_10deg,10.0,7.465,2113.6,0.1771937258,0.18122331007043108,0.17681525687719124,0.00037846892280876676
SiC_10deg,10.0,7.465,2116.492,0.176564654,0.18095072428189807,0.17654409024681672,2.0563753183266975e-05
SiC_10deg,10.0,7.465,2119.385,0.17625417389999998,0.180658871926671,0.1762537573569045,4.165430954883309e-07
SiC_10deg,10.0,7.465,2122.278,0.1758441983,0.18034972488421788,0.17594621982076436,-0.000102021520764356
SiC_10deg,10.0,7.465,2125.17,0.175354806,0.18002535964655694,0.17562354331961397,-0.0002687373196139653
SiC_10deg,10.0,7.465,2128.063,0.174994431,0.1796875839659455,0.1752875261940448,-0.0002930951940448012
SiC_10deg,10.0,7.465,2130.956,0.17435645319999998,0.17933860047340733,0.17494035960756502,-0.0005839064075650324
SiC_10deg,10.0,7.465,2133.848,0.173958149,0.17898067688200997,0.17458429946689114,-0.0006261504668911289
SiC_10deg,10.0,7.465,2136.741,0.17326887800000002,0.17861574626238774,0.1742212687785489,-0.0009523907785488894
SiC_10deg,10.0,7.465,2139.634,0.1727288961,0.17824613948065968,0.17385358627351385,-0.0011246901735138537
SiC_10deg,10.0,7.465,2142.527,0.1723362654,0.17787408093623214,0.17348346477034443,-0.0011471993703444372
SiC_10deg,10.0,7.465,2145.419,0.1718819657,0.17750192773812803,0.17311324910629203,-0.0012312834062920275
SiC_10deg,10.0,7.465,2148.312,0.1713050817,0.17713164307638898,0.1727448922504797,-0.0014398105504797032
SiC_10deg,10.0,7.465,2151.205,0.1708661895,0.17676555776640523,0.17238071288341822,-0.0015145233834182315
SiC_10deg,10.0,7.465,2154.097,0.17053728140000002,0.17640596601699843,0.17202299326963388,-0.0014857118696338656
SiC_10deg,10.0,7.465,2156.99,0.1700755247,0.1760547473753222,0.1716736031708301,-0.0015980784708301
SiC_10deg,10.0,7.465,2159.883,0.1695227885,0.17571410249371971,0.17133473178213593,-0.001811943282135936
SiC_10deg,10.0,7.465,2162.775,0.16906773269999997,0.1753861525630966,0.17100848925094153,-0.001940756550941558
SiC_10deg,10.0,7.465,2165.668,0.1688336044,0.17507260472221592,0.17069657382816622,-0.0018629694281662168
SiC_10deg,10.0,7.465,2168.561,0.16816476689999998,0.17477542302660465,0.17040093934391234,-0.00223617244391236
SiC_10deg,10.0,7.465,2171.454,0.1681175899,0.17449635972885402,0.1701233289280521,-0.002005739028052095
SiC_10deg,10.0,7.465,2174.346,0.1681037429,0.17423714754791556,0.16986546627851562,-0.0017617233785156283
SiC_10deg,10.0,7.465,2177.239,0.1677074917,0.17399913905212921,0.16962869692179225,-0.0019212052217922604
SiC_10deg,10.0,7.465,2180.132,0.16712066279999999,0.17378383702491215,0.16941451581738673,-0.0022938530173867433
SiC_10deg,10.0,7.465,2183.024,0.16697303940000002,0.17359258280846113,0.16922425732409163,-0.0022512179240916086
SiC_10deg,10.0,7.465,2185.917,0.1669384797,0.17342638642596236,0.1690589262066289,-0.0021204465066289035
SiC_10deg,10.0,7.465,2188.81,0.16668513999999998,0.17328631803410036,0.16891958705014679,-0.002234447050146804
SiC_10deg,10.0,7.465,2191.702,0.1666343072,0.17317326387394208,0.16880712148169244,-0.0021728142816924423
SiC_10deg,10.0,7.465,2194.595,0.16669847399999999,0.17308784538113398,0.1687221477015438,-0.0020236737015438266
SiC_10deg,10.0,7.465,2197.488,0.1666651372,0.1730306508314508,0.1686652509227468,-0.0020001137227468047
SiC_10deg,10.0,7.465,2200.381,0.1667290551,0.17300206700133797,0.16863681590808,-0.0019077608080800001
SiC_10deg,10.0,7.465,2203.273,0.1665822236,0.1730023165142393,0.16863706412194712,-0.0020548405219471266
SiC_10deg,10.0,7.465,2206.166,0.166712058,0.17303146778086131,0.16866606361888928,-0.001954005618889282
SiC_10deg,10.0,7.465,2209.059,0.16697152280000002,0.17308943507433336,0.168723729118354,-0.0017522063183539882
SiC_10deg,10.0,7.465,2211.951,0.16714274150000002,0.17317593554944088,0.16880977924769838,-0.0016670377476983578
SiC_10deg,10.0,7.465,2214.844,0.16717260629999997,0.1732906261743185,0.16892387276097723,-0.0017512664609772577
SiC_10deg,10.0,7.465,2217.737,0.16762155239999998,0.17343292742430397,0.1690654331506964,-0.0014438807506964024
SiC_10deg,10.0,7.465,2220.629,0.1678149401,0.1736020743780964,0.1692336994779501,-0.0014187593779501073
SiC_10deg,10.0,7.465,2223.522,0.1680733712,0.17379734015299209,0.16942794864439012,-0.0013545774443901315
SiC_10deg,10.0,7.465,2226.415,0.1684512394,0.17401769043244952,0.1696471517184173,-0.001195912318417286
SiC_10deg,10.0,7.465,2229.308,0.1687564091,0.1742620150688175,0.16989020433212082,-0.0011337952321208156
SiC_10deg,10.0,7.465,2232.2,0.1690514814,0.17452898544970463,0.17015578479023852,-0.001104303390238509
SiC_10deg,10.0,7.465,2235.093,0.16960535629999998,0.17481743969118996,0.17044273725794334,-0.0008373809579433622
SiC_10deg,10.0,7.465,2237.986,0.1700542682,0.1751258366052291,0.17074952857104866,-0.0006952603710486671
SiC_10deg,10.0,7.465,2240.878,0.1705632516,0.17545251071393253,0.17107450192261053,-0.0005112503226105403
SiC_10deg,10.0,7.465,2243.771,0.17096556889999998,0.17579605158757247,0.1714162542259944,-0.0004506853259944321
SiC_10deg,10.0,7.465,2246.664,0.1716627982,0.17615463510788024,0.17177297085980348,-0.00011017265980348134
SiC_10deg,10.0,7.465,2249.556,0.17225693620000002,0.17652634912870305,0.17214274963305484,0.0001141865669451736
SiC_10deg,10.0,7.465,2252.449,0.1726401052,0.17690961282189877,0.1725240179478415,0.00011608725215850324
SiC_10deg,10.0,7.465,2255.342,0.17317822549999998,0.17730241507729227,0.1729147751643927,0.00026345033560729036
SiC_10deg,10.0,7.465,2258.235,0.173666813,0.17770283541249732,0.17331311079889272,0.000353702201107281
SiC_10deg,10.0,7.465,2261.127,0.17417983039999999,0.17810878716546302,0.1737169490530393,0.00046288134696068073
SiC_10deg,10.0,7.465,2264.02,0.17482747629999998,0.17851859167549705,0.17412462000571904,0.0007028562942809347
SiC_10deg,10.0,7.465,2266.913,0.1752206176,0.17893014556436176,0.17453403122947203,0.0006865863705279585
SiC_10deg,10.0,7.465,2269.805,0.17581186720000003,0.1793413494856131,0.1749430943076413,0.0008687728923587323
SiC_10deg,10.0,7.465,2272.698,0.17629733309999998,0.17975054755888603,0.17535016198084002,0.0009471711191599563
SiC_10deg,10.0,7.465,2275.591,0.1769299695,0.1801556831356694,0.17575318830804665,0.0011767811919533577
SiC_10deg,10.0,7.465,2278.483,0.17744635150000002,0.18055474124535503,0.17615016880915585,0.0012961826908441665
SiC_10deg,10.0,7.465,2281.376,0.1779306128,0.18094616548695924,0.17653955518624448,0.0013910576137555197
SiC_10deg,10.0,7.465,2284.269,0.1785492013,0.18132803800695582,0.17691943957067033,0.0016297617293296596
SiC_10deg,10.0,7.465,2287.162,0.17870875730000002,0.18169864268145886,0.17728811477317036,0.001420642526829663
SiC_10deg,10.0,7.465,2290.054,0.1789699181,0.18205621274947775,0.17764382323100777,0.0013260948689922114
SiC_10deg,10.0,7.465,2292.947,0.17945973510000002,0.18239942848807195,0.17798525209209023,0.0014744830079097826
SiC_10deg,10.0,7.465,2295.84,0.17988773949999998,0.18272668155509267,0.17831080138774982,0.0015769381122501536
SiC_10deg,10.0,7.465,2298.732,0.1801792602,0.18303647718289914,0.17861898413252583,0.0015602760674741645
SiC_10deg,10.0,7.465,2301.625,0.1804101655,0.1833277367035764,0.1789087272743514,0.0015014382256486047
SiC_10deg,10.0,7.465,2304.518,0.18047284149999998,0.1835991595525252,0.17917873701973175,0.0012941044802682322
SiC_10deg,10.0,7.465,2307.41,0.18082232390000003,0.18384958028593706,0.17942785399248612,0.0013944699075139066
SiC_10deg,10.0,7.465,2310.303,0.181087118,0.18407820182937498,0.1796552852679709,0.001431832732029098
SiC_10deg,10.0,7.465,2313.196,0.1810949141,0.18428407914455316,0.17986009072803494,0.0012348233719650659
SiC_10deg,10.0,7.465,2316.089,0.1813252908,0.18446647638544433,0.180041538357672,0.0012837524423280067
SiC_10deg,10.0,7.465,2318.981,0.1814812189,0.18462472870780272,0.18019896677400218,0.001282252125997807
SiC_10deg,10.0,7.465,2321.874,0.18155837349999998,0.18475845482197922,0.18033199667247735,0.001226376827522635
SiC_10deg,10.0,7.465,2324.767,0.1816142292,0.18486722984216225,0.18044020537936076,0.0011740238206392473
SiC_10deg,10.0,7.465,2327.659,0.18129546359999998,0.1849507890628705,0.1805233295673022,0.0007721340326977966
SiC_10deg,10.0,7.465,2330.552,0.1812088225,0.18500907618321077,0.18058131322852666,0.0006275092714733421
SiC_10deg,10.0,7.465,2333.445,0.1812604229,0.18504206962925718,0.18061413490142825,0.0006462879985717485
SiC_10deg,10.0,7.465,2336.337,0.1814257661,0.18504990771069635,0.18062193217561445,0.0008038339243855441
SiC_10deg,10.0,7.465,2339.23,0.1809870749,0.18503285611158404,0.1806049693519153,0.00038210554808468244
SiC_10deg,10.0,7.465,2342.123,0.1803970064,0.18499128987474728,0.1805636195205795,-0.00016661312057950073
SiC_10deg,10.0,7.465,2345.016,0.1803262857,0.1849257104462078,0.18049838151696004,-0.0001720958169600384
SiC_10deg,10.0,7.465,2347.908,0.1805677001,0.18483677041251678,0.18040990453005917,0.00015779556994083288
SiC_10deg,10.0,7.465,2350.801,0.1802645841,0.18472513889366468,0.1802988541962409,-3.427009624087929e-05
SiC_10deg,10.0,7.465,2353.694,0.18000170199999999,0.18459168251564123,0.18016609262959662,-0.00016439062959663908
SiC_10deg,10.0,7.465,2356.586,0.1793450754,0.18443740264178804,0.18001261598008922,-0.0006675405800892209
SiC_10deg,10.0,7.465,2359.479,0.17880376259999997,0.18426323655916554,0.17983935665499953,-0.0010355940549995613
SiC_10deg,10.0,7.465,2362.372,0.1788396042,0.18407037278115285,0.17964749697997223,-0.0008078927799722302
SiC_10deg,10.0,7.465,2365.264,0.1787437975,0.18386011429872473,0.17943833316224522,-0.000694535662245227
SiC_10deg,10.0,7.465,2368.157,0.17849552849999997,0.1836336252650472,0.1792130232940762,-0.0007174947940762344
SiC_10deg,10.0,7.465,2371.05,0.1779400133,0.1833923613427435,0.1789730154595001,-0.001033002159500085
SiC_10deg,10.0,7.465,2373.943,0.17820729740000002,0.1831377774982599,0.17871975704999923,-0.000512459649999214
SiC_10deg,10.0,7.465,2376.835,0.17813119319999998,0.18287148443677614,0.17845485038496992,-0.00032365718496993323
SiC_10deg,10.0,7.465,2379.728,0.1778296457,0.18259486852845044,0.178179674616738,-0.0003500289167379933
SiC_10deg,10.0,7.465,2382.621,0.1775246014,0.1823096372416289,0.17789592832408999,-0.00037132692408997636
SiC_10deg,10.0,7.465,2385.513,0.17690695879999999,0.1820175481830656,0.17760535996318555,-0.0006984011631855636
SiC_10deg,10.0,7.465,2388.406,0.1769952971,0.1817200843952324,0.17730944485536107,-0.0003141477553610661
SiC_10deg,10.0,7.465,2391.299,0.1763189043,0.18141905271989106,0.17700998043545266,-0.0006910761354526618
SiC_10deg,10.0,7.465,2394.191,0.1758361131,0.18111627770200164,0.17670878174932705,-0.0008726686493270575
SiC_10deg,10.0,7.465,2397.084,0.1755000797,0.1808132732211813,0.17640735479491895,-0.0009072750949189468
SiC_10deg,10.0,7.465,2399.977,0.1752452774,0.1805118627477093,0.17610751354900936,-0.0008622361490093489
SiC_10deg,10.0,7.465,2402.869,0.17482872230000002,0.18021385397584294,0.1758110562944916,-0.0009823339944915743
SiC_10deg,10.0,7.465,2405.762,0.17449634209999998,0.17992072338266601,0.17551945182149523,-0.0010231097214952467
SiC_10deg,10.0,7.465,2408.655,0.1738261217,0.17963422667937884,0.17523444670049498,-0.001408325000494981
SiC_10deg,10.0,7.465,2411.548,0.17355434349999999,0.17935597623459398,0.17495764490565974,-0.0014033014056597515
SiC_10deg,10.0,7.465,2414.44,0.1733323805,0.17908762731907452,0.1746906930899481,-0.0013583125899481185
SiC_10deg,10.0,7.465,2417.333,0.1728934793,0.1788305021054009,0.1744349065423389,-0.001541427242338883
SiC_10deg,10.0,7.465,2420.226,0.1728118308,0.1785861393129196,0.17419181597117347,-0.0013799851711734645
SiC_10deg,10.0,7.465,2423.118,0.1722033793,0.17835598847008044,0.17396286335824956,-0.0017594840582495774
SiC_10deg,10.0,7.465,2426.011,0.17209238859999998,0.17814118381462385,0.17374917703614745,-0.0016567884361474716
SiC_10deg,10.0,7.465,2428.904,0.1718156926,0.1779430157014903,0.17355204064185742,-0.0017363480418574329
SiC_10deg,10.0,7.465,2431.796,0.1717044315,0.17776265973310673,0.1733726236572901,-0.0016681921572900826
SiC_10deg,10.0,7.465,2434.689,0.1716638017,0.17760100972247422,0.17321181524200502,-0.0015480135420050112
SiC_10deg,10.0,7.465,2437.582,0.17123391989999998,0.1774590471653282,0.17307059178179526,-0.0018366718817952876
SiC_10deg,10.0,7.465,2440.475,0.1714419997,0.1773375805548137,0.1729497575605635,-0.0015077578605635078
SiC_10deg,10.0,7.465,2443.367,0.171084134,0.1772373377550336,0.17285003665294774,-0.0017659026529477373
SiC_10deg,10.0,7.465,2446.26,0.1712457597,0.17715883126105042,0.1727719388858172,-0.0015261791858172113
SiC_10deg,10.0,7.465,2449.153,0.1709502449,0.17710256372425465,0.17271596429361818,-0.0017657193936181925
SiC_10deg,10.0,7.465,2452.045,0.1709208079,0.1770688873583357,0.1726824632563167,-0.0017616553563166992
SiC_10deg,10.0,7.465,2454.938,0.17093041039999998,0.17705800216453133,0.17267163473388789,-0.001741224333887903
SiC_10deg,10.0,7.465,2457.831,0.1710790874,0.1770700252356888,0.17268359520956078,-0.0016045078095607845
SiC_10deg,10.0,7.465,2460.724,0.1712081518,0.17710493627530238,0.17271832449249894,-0.0015101726924989234
SiC_10deg,10.0,7.465,2463.616,0.1714424557,0.1771625700495464,0.1727756582091304,-0.00133320250913041
SiC_10deg,10.0,7.465,2466.509,0.1716293554,0.17724270541947468,0.17285537637182044,-0.0012260209718204518
SiC_10deg,10.0,7.465,2469.402,0.17129972840000002,0.17734494772346326,0.17295708637366433,-0.001657357973664314
SiC_10deg,10.0,7.465,2472.294,0.1717918303,0.17746875697770037,0.17308025104215766,-0.0012884207421576532
SiC_10deg,10.0,7.465,2475.187,0.17212889650000002,0.17761361402943715,0.17322435392740657,-0.0010954574274065487
SiC_10deg,10.0,7.465,2478.08,0.1726261419,0.17777876737386822,0.17338864743715066,-0.0007625055371506539
SiC_10deg,10.0,7.465,2480.972,0.17284926209999998,0.1779633346365147,0.17357225379080046,-0.0007229916908004785
SiC_10deg,10.0,7.465,2483.865,0.17301319329999998,0.17816653067240618,0.17377439193107067,-0.0007611986310706864
SiC_10deg,10.0,7.465,2486.758,0.17329868810000001,0.1783872897942046,0.1739940017188908,-0.0006953136188907749
SiC_10deg,10.0,7.465,2489.651,0.1738700139,0.1786245207493119,0.1742299975830302,-0.0003599836830301961
SiC_10deg,10.0,7.465,2492.543,0.1740414813,0.1788769629277377,0.17448112547658817,-0.00043964417658817756
SiC_10deg,10.0,7.465,2495.436,0.1744782568,0.17914354777379266,0.17474632240707627,-0.00026806560707626215
SiC_10deg,10.0,7.465,2498.329,0.174776119,0.1794228816012563,0.17502420194419588,-0.00024808294419587096
SiC_10deg,10.0,7.465,2501.221,0.17527809290000002,0.17971349513149867,0.17531330245879415,-3.520955879413035e-05
SiC_10deg,10.0,7.465,2504.114,0.1757866801,0.18001417246330198,0.17561241437997646,0.00017426572002354757
SiC_10deg,10.0,7.465,2507.007,0.1761135305,0.18032335528372168,0.17591998750781304,0.00019354299218696247
SiC_10deg,10.0,7.465,2509.899,0.17656609880000002,0.1806394391244466,0.1762344257273053,0.0003316730726947159
SiC_10deg,10.0,7.465,2512.792,0.1769064109,0.18096112254755797,0.1765544343761857,0.00035197652381430133
SiC_10deg,10.0,7.465,2515.685,0.17727741930000002,0.18128675869946725,0.17687837517484797,0.0003990441251520427
SiC_10deg,10.0,7.465,2518.578,0.1779329362,0.18161479878478204,0.1772047073913634,0.0007282288086365996
SiC_10deg,10.0,7.465,2521.47,0.178108539,0.18194357828827662,0.17753177517643992,0.0005767638235600892
SiC_10deg,10.0,7.465,2524.363,0.17876758250000002,0.18227178004721245,0.17785826822485812,0.0009093142751419037
SiC_10deg,10.0,7.465,2527.256,0.1790050093,0.18259775914009369,0.17818255017904536,0.0008224591209546328
SiC_10deg,10.0,7.465,2530.148,0.17936598029999998,0.18291989501681943,0.17850300892593957,0.0008629713740604117
SiC_10deg,10.0,7.465,2533.041,0.179897643,0.18323692962792348,0.17881839296583338,0.0010792500341666178
SiC_10deg,10.0,7.465,2535.934,0.1803656908,0.18354730549170012,0.1791271529257082,0.0012385378742918174
SiC_10deg,10.0,7.465,2538.826,0.1804181452,0.18384951708706937,0.17942779112264948,0.0009903540773505137
SiC_10deg,10.0,7.465,2541.719,0.1808600299,0.18414242059789343,0.1797191696955475,0.001140860204452504
SiC_10deg,10.0,7.465,2544.612,0.18130990100000002,0.1844246124745493,0.1799998924020527,0.001310008597947332
SiC_10deg,10.0,7.465,2547.505,0.1817228018,0.18469485668354704,0.18026872964381252,0.0014540721561874803
SiC_10deg,10.0,7.465,2550.397,0.1818544147,0.18495189778961174,0.18052443252170067,0.001329982178299327
SiC_10deg,10.0,7.465,2553.29,0.1820141009,0.18519481713847535,0.18076608716422118,0.001248013735778819
SiC_10deg,10.0,7.465,2556.183,0.18231959150000002,0.1854225037547903,0.18099258838007612,0.0013270031199238974
SiC_10deg,10.0,7.465,2559.075,0.1827884091,0.18563394897006025,0.18120293275218055,0.0015854763478194422
SiC_10deg,10.0,7.465,2561.968,0.1830166621,0.1858284460117065,0.1813964171876123,0.0016202449123877138
SiC_10deg,10.0,7.465,2564.861,0.18329024759999998,0.18600515434897585,0.1815722055316573,0.0017180420683426956
SiC_10deg,10.0,7.465,2567.753,0.1832326633,0.1861633496919023,0.18172957726520644,0.0015030860347935437
SiC_10deg,10.0,7.465,2570.646,0.1833647884,0.18630256304905415,0.18186806583852919,0.0014967225614708202
SiC_10deg,10.0,7.465,2573.539,0.1833542875,0.18642225435499804,0.18198713399792446,0.0013671535020755299
SiC_10deg,10.0,7.465,2576.432,0.1835167151,0.18652203959284508,0.1820863997258031,0.001430315374196911
SiC_10deg,10.0,7.465,2579.324,0.18356130780000002,0.18660161009493853,0.18216555596151887,0.0013957518384811463
SiC_10deg,10.0,7.465,2582.217,0.1837443146,0.18666083638332667,0.18222447390121863,0.0015198406987813884
SiC_10deg,10.0,7.465,2585.11,0.1836610832,0.1866996033151742,0.18226303900153304,0.0013980441984669523
SiC_10deg,10.0,7.465,2588.002,0.1837996307,0.18671792428018336,0.18228126458245372,0.0015183661175462715
SiC_10deg,10.0,7.465,2590.895,0.18349698679999998,0.18671592786036323,0.1822792785565558,0.0012177082434441933
SiC_10deg,10.0,7.465,2593.788,0.18335467009999998,0.1866938188732289,0.18225728467501678,0.0010973854249831938
SiC_10deg,10.0,7.465,2596.68,0.1831949058,0.18665192717738036,0.18221561107910023,0.000979294720899776
SiC_10deg,10.0,7.465,2599.573,0.18321058050000003,0.1865906311097705,0.18215463413603059,0.00105594636396944
SiC_10deg,10.0,7.465,2602.466,0.1830506953,0.18651044232358815,0.18207486283518648,0.0009758324648135308
SiC_10deg,10.0,7.465,2605.359,0.18294959649999998,0.18641195185261455,0.18197688513326138,0.0009727113667385989
SiC_10deg,10.0,7.465,2608.251,0.1827656706,0.18629588119480245,0.18186141877188702,0.0009042518281129897
SiC_10deg,10.0,7.465,2611.144,0.1824165554,0.1861629121332061,0.1817291419845637,0.0006874134154363221
SiC_10deg,10.0,7.465,2614.037,0.18226891309999999,0.1860139240823715,0.18158092960735828,0.0006879834926417083
SiC_10deg,10.0,7.465,2616.929,0.1818893178,0.18584989434527077,0.18141775385512923,0.00047156394487077313
SiC_10deg,10.0,7.465,2619.822,0.1816538272,0.18567169850820542,0.1812404857556299,0.0004133414443701078
SiC_10deg,10.0,7.465,2622.715,0.1816771381,0.1854804463656669,0.18105022932544995,0.0006269087745500446
SiC_10deg,10.0,7.465,2625.607,0.1810954567,0.18527732683614573,0.18084816729323638,0.00024728940676360667
SiC_10deg,10.0,7.465,2628.5,0.1808859103,0.18506337147409063,0.18063532584287584,0.00025058445712417
SiC_10deg,10.0,7.465,2631.393,0.18049202560000002,0.1848398707124813,0.18041298868899153,7.903691100849541e-05
SiC_10deg,10.0,7.465,2634.286,0.1801397593,0.1846080905645457,0.18018241525359102,-4.265595359101426e-05
SiC_10deg,10.0,7.465,2637.178,0.17993685410000002,0.1843694181930327,0.1799449854774645,-8.131377464470901e-06
SiC_10deg,10.0,7.465,2640.071,0.1796031002,0.18412502285480004,0.17970186252999001,-9.876232999000978e-05
SiC_10deg,10.0,7.465,2642.964,0.1791267834,0.1838763451483197,0.1794544795094795,-0.00032769610947949723
SiC_10deg,10.0,7.465,2645.856,0.17887980120000002,0.18362484932697404,0.179204293046001,-0.0003244918460009738
SiC_10deg,10.0,7.465,2648.749,0.178463277,0.18337174889461746,0.17895251032556705,-0.0004892333255670511
SiC_10deg,10.0,7.465,2651.642,0.1782160941,0.1831185221581863,0.17870060195863305,-0.0004845078586330487
SiC_10deg,10.0,7.465,2654.534,0.1780444323,0.18286664455359214,0.17845003569957682,-0.00040560339957682046
SiC_10deg,10.0,7.465,2657.427,0.17752692199999998,0.18261732017164956,0.1782020093703781,-0.0006750873703781357
SiC_10deg,10.0,7.465,2660.32,0.1774074899,0.1823719980738347,0.17795796448829207,-0.000550474588292077
SiC_10deg,10.0,7.465,2663.213,0.1769519251,0.1821320160145689,0.17771923184301494,-0.0007673067430149505
SiC_10deg,10.0,7.465,2666.105,0.1766677328,0.18189876039033215,0.17748719061305723,-0.0008194578130572283
SiC_10deg,10.0,7.465,2668.998,0.1761011858,0.18167333918853457,0.17726294301733556,-0.0011617572173355517
SiC_10deg,10.0,7.465,2671.891,0.1759201732,0.18145706009392665,0.17704778993242637,-0.0011276167324263675
SiC_10deg,10.0,7.465,2674.783,0.17583572409999998,0.18125116805576902,0.17684296982603487,-0.0010072457260348888
SiC_10deg,10.0,7.465,2677.676,0.17583472149999999,0.18105663988683188,0.17664945442536964,-0.0008147329253696545
SiC_10deg,10.0,7.465,2680.569,0.175339057,0.1808746062738239,0.17646836853046688,-0.0011293115304668866
SiC_10deg,10.0,7.465,2683.461,0.175117376,0.18070611338348425,0.17630075286142793,-0.0011833768614279427
SiC_10deg,10.0,7.465,2686.354,0.17506404979999998,0.18055196242868987,0.17614740445979055,-0.0010833546597905641
SiC_10deg,10.0,7.465,2689.247,0.17508893690000002,0.18041305504714678,0.1760092202690816,-0.0009202833690815926
SiC_10deg,10.0,7.465,2692.14,0.1747188692,0.18029015095365006,0.1758869560488077,-0.0011680868488077034
SiC_10deg,10.0,7.465,2695.032,0.17452415389999998,0.1801839585449607,0.1757813165076173,-0.0012571626076173237
SiC_10deg,10.0,7.465,2697.925,0.1744024791,0.18009499043256927,0.17569281158820166,-0.001290332488201651
SiC_10deg,10.0,7.465,2700.818,0.17444884800000002,0.1800237812104226,0.17562197310126137,-0.0011731251012613575
SiC_10deg,10.0,7.465,2703.71,0.1745485974,0.17997074737044239,0.17556921537034426,-0.0010206179703442508
SiC_10deg,10.0,7.465,2706.603,0.1744887984,0.17993615804472984,0.17553480612637423,-0.0010460077263742262
SiC_10deg,10.0,7.465,2709.496,0.1746000138,0.17992024390000255,0.17551897483515314,-0.0009189610351531263
SiC_10deg,10.0,7.465,2712.388,0.1746794464,0.17992311236539754,0.1755218283665118,-0.0008423819665118182
SiC_10deg,10.0,7.465,2715.281,0.1747736985,0.17994477940198406,0.17554338259842164,-0.0007696840984216524
SiC_10deg,10.0,7.465,2718.174,0.1746051153,0.1799851638908167,0.17558355683426527,-0.0009784415342652675
SiC_10deg,10.0,7.465,2721.067,0.1747561433,0.1800440859490393,0.1756421721277072,-0.0008860288277071915
SiC_10deg,10.0,7.465,2723.959,0.1750941116,0.180121240794878,0.175718925283753,-0.0006248136837530005
SiC_10deg,10.0,7.465,2726.852,0.1753001063,0.18021631373842645,0.1758135032508604,-0.0005133969508603897
SiC_10deg,10.0,7.465,2729.745,0.1753467872,0.1803288223429108,0.17592542610395687,-0.000578638903956874
SiC_10deg,10.0,7.465,2732.637,0.1756582266,0.1804581722893812,0.17605410261828386,-0.0003958760182838639
SiC_10deg,10.0,7.465,2735.53,0.1757542784,0.18060382201110017,0.1761989940466524,-0.0004447156466524105
SiC_10deg,10.0,7.465,2738.423,0.1758827974,0.18076501781879442,0.17635935062370725,-0.00047655322370723785
SiC_10deg,10.0,7.465,2741.315,0.1760905456,0.18094090815883274,0.17653432522924448,-0.00044377962924446734
SiC_10deg,10.0,7.465,2744.208,0.1762613394,0.18113075482567437,0.1767231835010287,-0.0004618441010287022
SiC_10deg,10.0,7.465,2747.101,0.17658094800000002,0.18133357255693916,0.17692494530623232,-0.00034399730623230207
SiC_10deg,10.0,7.465,2749.994,0.176858686,0.1815483728185553,0.17713862725736956,-0.00027994125736957587
SiC_10deg,10.0,7.465,2752.886,0.1773458957,0.1817740312537562,0.17736311085139086,-1.7215151390859162e-05
SiC_10deg,10.0,7.465,2755.779,0.1777193377,0.18200960945759342,0.1775974625689474,0.00012187513105260672
SiC_10deg,10.0,7.465,2758.672,0.1777954669,0.18225389225198174,0.17784047355851237,-4.5006658512369846e-05
SiC_10deg,10.0,7.465,2761.564,0.178179997,0.1825056144329959,0.17809088520316738,8.911179683263049e-05
SiC_10deg,10.0,7.465,2764.457,0.17832573150000003,0.1827637417344134,0.17834766862137033,-2.1937121370302348e-05
SiC_10deg,10.0,7.465,2767.35,0.1788444351,0.18302695437322497,0.1786095109012729,0.00023492419872711556
SiC_10deg,10.0,7.465,2770.242,0.1792392368,0.18329390674688767,0.1788750734459168,0.0003641633540832079
SiC_10deg,10.0,7.465,2773.135,0.1796396368,0.1835635187564528,0.1791432817796518,0.0004963550203481992
SiC_10deg,10.0,7.465,2776.028,0.18022916349999998,0.18383442779820416,0.17941278039285927,0.0008163831071407168
SiC_10deg,10.0,7.465,2778.921,0.18039533209999997,0.18410536362239732,0.1796823056490716,0.0007130264509283835
SiC_10deg,10.0,7.465,2781.813,0.18063348220000003,0.18437497011815673,0.1799505084977073,0.0006829737022927274
SiC_10deg,10.0,7.465,2784.706,0.1806554138,0.18464218411341451,0.1802163313018708,0.0004390824981291841
SiC_10deg,10.0,7.465,2787.599,0.18114102899999998,0.18490568149617828,0.18047845684326858,0.0006625721567314058
SiC_10deg,10.0,7.465,2790.491,0.18144652399999997,0.18516416860949828,0.18073559820009222,0.0007109257999077523
SiC_10deg,10.0,7.465,2793.384,0.1816995745,0.18541665037927949,0.18098676547888187,0.000712809021118116
SiC_10deg,10.0,7.465,2796.277,0.1819853507,0.1856618989665894,0.18123073723317928,0.0007546134668207083
SiC_10deg,10.0,7.465,2799.169,0.1823034299,0.18589873844017002,0.18146634365395478,0.0008370862460452266
SiC_10deg,10.0,7.465,2802.062,0.1825745418,0.1861262842684824,0.18169270481478902,0.0008818369852109653
SiC_10deg,10.0,7.465,2804.955,0.1827543113,0.18634345617019324,0.18190874605859664,0.0008455652414033621
SiC_10deg,10.0,7.465,2807.848,0.182654726,0.18654931347378334,0.18211353161125854,0.0005411943887414505
SiC_10deg,10.0,7.465,2810.74,0.1832769996,0.1867429111398673,0.18230612135352972,0.0009708782464702692
SiC_10deg,10.0,7.465,2813.633,0.18343439279999998,0.1869235671807838,0.18248583684836814,0.0009485559516318465
SiC_10deg,10.0,7.465,2816.526,0.18354847710000002,0.18709046407961433,0.18265186483507792,0.0008966122649221031
SiC_10deg,10.0,7.465,2819.418,0.1836505162,0.1872428741386329,0.18280348140453176,0.0008470347954682433
SiC_10deg,10.0,7.465,2822.311,0.1837811163,0.1873802990091355,0.18294019080256896,0.0008409254974310332
SiC_10deg,10.0,7.465,2825.204,0.18411723160000001,0.18750215561333905,0.18306141298707312,0.0010558186129268898
SiC_10deg,10.0,7.465,2828.096,0.18400768779999999,0.18760796049897063,0.1831666670227596,0.000841020777240381
SiC_10deg,10.0,7.465,2830.989,0.18418708469999998,0.18769741711773563,0.18325565790524745,0.0009314267947525268
SiC_10deg,10.0,7.465,2833.882,0.1840288401,0.18777019745222107,0.1833280593248745,0.0007007807751255035
SiC_10deg,10.0,7.465,2836.775,0.183900506,0.18782609501889674,0.18338366587312177,0.0005168401268782208
SiC_10deg,10.0,7.465,2839.667,0.18401334479999998,0.18786497557540496,0.18342234400653495,0.0005910007934650241
SiC_10deg,10.0,7.465,2842.56,0.1841106397,0.18788682521054612,0.18344407988634007,0.0006665598136599282
SiC_10deg,10.0,7.465,2845.453,0.1840079641,0.18789166949446073,0.18344889894955232,0.0005590651504476796
SiC_10deg,10.0,7.465,2848.345,0.1843611107,0.18787963969222748,0.18343693177784753,0.0009241789221524632
SiC_10deg,10.0,7.465,2851.238,0.18413074829999998,0.18785093297256283,0.18340837451342645,0.0007223737865735269
SiC_10deg,10.0,7.465,2854.131,0.18374751830000002,0.18780583621309338,0.1833635125403502,0.00038400575964983585
SiC_10deg,10.0,7.465,2857.023,0.1837581672,0.18774473736577307,0.18330273179078588,0.0004554354092141111
SiC_10deg,10.0,7.465,2859.916,0.1837174628,0.18766803465563403,0.1832264284164943,0.0004910343835057007
SiC_10deg,10.0,7.465,2862.809,0.183520481,0.18757626126722837,0.18313513282611907,0.000385348173880945
SiC_10deg,10.0,7.465,2865.702,0.1836768623,0.18747000358134636,0.18302942834758743,0.0006474339524125683
SiC_10deg,10.0,7.465,2868.594,0.1832264297,0.18734996041603158,0.18291001016069997,0.0003164195393000335
SiC_10deg,10.0,7.465,2871.487,0.1828875957,0.18721676888805291,0.18277751206521678,0.00011008363478320904
SiC_10deg,10.0,7.465,2874.38,0.1829622483,0.18707125027390611,0.18263275106183754,0.00032949723816244614
SiC_10deg,10.0,7.465,2877.272,0.1826413375,0.18691430078334534,0.1824766186943968,0.0001647188056032034
SiC_10deg,10.0,7.465,2880.165,0.18254866239999998,0.1867467054823908,0.1823098959416406,0.0002387664583593796
SiC_10deg,10.0,7.465,2883.058,0.1821041722,0.18656946000477598,0.1821335732537536,-2.940105375359714e-05
SiC_10deg,10.0,7.465,2885.95,0.1818362169,0.18638361812241028,0.18194869891641277,-0.00011248201641278488
SiC_10deg,10.0,7.465,2888.843,0.1815893295,0.18619007914600322,0.18175616755826357,-0.00016683805826356313
SiC_10deg,10.0,7.465,2891.736,0.1812358396,0.18598996899531445,0.18155709923721117,-0.00032125963721116313
SiC_10deg,10.0,7.465,2894.629,0.1811582165,0.18578438053934077,0.1813525811324695,-0.00019436463246949587
SiC_10deg,10.0,7.465,2897.521,0.1807770339,0.18557450425203234,0.18114379752004706,-0.0003667636200470614
SiC_10deg,10.0,7.465,2900.414,0.18058534550000002,0.18536133085857925,0.18093173396714038,-0.0003463884671403572
SiC_10deg,10.0,7.465,2903.307,0.1804373692,0.18514608175541217,0.18071760551124735,-0.0002802363112473505
SiC_10deg,10.0,7.465,2906.199,0.18025320220000002,0.1849299888451187,0.1805026376413248,-0.0002494354413247746
SiC_10deg,10.0,7.465,2909.092,0.1798347166,0.18471406141856803,0.1802878343935902,-0.00045311779359019644
SiC_10deg,10.0,7.465,2911.985,0.1794487568,0.1844995293242121,0.18007441921355913,-0.0006256624135591304
SiC_10deg,10.0,7.465,2914.877,0.17953350319999997,0.18428761088629692,0.17986360408253943,-0.000330100882539458
SiC_10deg,10.0,7.465,2917.77,0.1790762764,0.18407928951774083,0.1796563672935257,-0.0005800908935256754
SiC_10deg,10.0,7.465,2920.663,0.1788276745,0.18387574831061568,0.17945388577908017,-0.0006262112790801633
SiC_10deg,10.0,7.465,2923.556,0.1787796397,0.1836780700184401,0.17925723665560267,-0.0004775969556026771
SiC_10deg,10.0,7.465,2926.448,0.178542141,0.1834873700184187,0.17906752949333082,-0.0005253884933308361
SiC_10deg,10.0,7.465,2929.341,0.17822101440000002,0.18330452959471238,0.1788856409882128,-0.0006646265882127855
SiC_10deg,10.0,7.465,2932.234,0.1780241871,0.18313058699497242,0.17871260398249098,-0.0006884168824909664
SiC_10deg,10.0,7.465,2935.126,0.17800196499999998,0.18296652089018517,0.1785493920519158,-0.000547427051915822
SiC_10deg,10.0,7.465,2938.019,0.1778785505,0.182813089340278,0.17839675930974178,-0.0005182088097417659
SiC_10deg,10.0,7.465,2940.912,0.1776879846,0.1826711662377467,0.17825557509873494,-0.0005675904987349489
SiC_10deg,10.0,7.465,2943.804,0.17775552430000002,0.1825415491405032,0.17812663282449676,-0.0003711085244967327
SiC_10deg,10.0,7.465,2946.697,0.1773636536,0.18242483890502995,0.17801053021528218,-0.000646876615282177
SiC_10deg,10.0,7.465,2949.59,0.17734298599999998,0.18232170551620747,0.17790793376784225,-0.0005649477678422721
SiC_10deg,10.0,7.465,2952.483,0.17732107500000002,0.18223270119514315,0.17781939282826623,-0.0004983178282662037
SiC_10deg,10.0,7.465,2955.375,0.17722514350000002,0.1821583278205216,0.17774540666231736,-0.000520263162317347
SiC_10deg,10.0,7.465,2958.268,0.177249952,0.18209893679888828,0.17768632484701993,-0.0004363728470199446
SiC_10deg,10.0,7.465,2961.161,0.17692374319999998,0.18205488168035894,0.17764249909180854,-0.000718755891808559
SiC_10deg,10.0,7.465,2964.053,0.1768394274,0.18202641571649325,0.17761418132974413,-0.0007747539297441319
SiC_10deg,10.0,7.465,2966.946,0.17697515889999998,0.18201368510746957,0.17760151699984583,-0.0006263580998458473
SiC_10deg,10.0,7.465,2969.839,0.17713798050000001,0.1820167875394072,0.17760460327965163,-0.0004666227796516209
SiC_10deg,10.0,7.465,2972.731,0.1772240155,0.18203571789636985,0.1776234350798602,-0.0003994195798601996
SiC_10deg,10.0,7.465,2975.624,0.1772465503,0.1820704127594021,0.17765794931169301,-0.0004113990116930144
SiC_10deg,10.0,7.465,2978.517,0.17759995180000002,0.18212071179853243,0.1777079864799014,-0.00010803467990139204
SiC_10deg,10.0,7.465,2981.41,0.17770256539999998,0.1821863796299822,0.1777733124261808,-7.074702618081741e-05
SiC_10deg,10.0,7.465,2984.302,0.1778436434,0.18226707310070062,0.17785358578403157,-9.942384031569329e-06
SiC_10deg,10.0,7.465,2987.195,0.1777546542,0.18236246010782742,0.17794847617961415,-0.00019382197961415049
SiC_10deg,10.0,7.465,2990.088,0.1777763092,0.1824720543447725,0.1780574998381871,-0.000281190638187101
SiC_10deg,10.0,7.465,2992.98,0.17786892529999998,0.1825952796799965,0.17818008362771368,-0.00031115832771369534
SiC_10deg,10.0,7.465,2995.873,0.1781098919,0.18273162314941857,0.17831571725474804,-0.00020582535474802932
SiC_10deg,10.0,7.465,2998.766,0.1784516098,0.18288038242945392,0.17846370205219922,-1.2092252199225051e-05
SiC_10deg,10.0,7.465,3001.658,0.1788565573,0.18304077813097994,0.17862326268866321,0.00023329461133678175
SiC_10deg,10.0,7.465,3004.551,0.1790597245,0.1832121435127894,0.17879373589417474,0.00026598860582524586
SiC_10deg,10.0,7.465,3007.444,0.1791602559,0.18339359561547286,0.17897424330625902,0.00018601259374098622
SiC_10deg,10.0,7.465,3010.337,0.17933353629999998,0.18358425791464397,0.17916391296396178,0.0001696233360382049
SiC_10deg,10.0,7.465,3013.229,0.17980699430000002,0.18378314149866878,0.17936176110420068,0.0004452331957993383
SiC_10deg,10.0,7.465,3016.122,0.1797175562,0.18398942801444146,0.17956697363444601,0.00015058256555397498
SiC_10deg,10.0,7.465,3019.015,0.1800976402,0.1842020616348995,0.17977850022456743,0.0003191399754325641
SiC_10deg,10.0,7.465,3021.907,0.1801404861,0.184419950713458,0.17999525491139864,0.00014523118860135242
SiC_10deg,10.0,7.465,3024.8,0.1806321611,0.18464220896497574,0.1802163560240478,0.0004158050759521803
SiC_10deg,10.0,7.465,3027.693,0.1809641259,0.18486770823283027,0.18044068127939264,0.0005234446206073551
SiC_10deg,10.0,7.465,3030.585,0.1811590838,0.18509530486598819,0.1806670929805681,0.0004919908194319089
SiC_10deg,10.0,7.465,3033.478,0.1814810591,0.18532408624149654,0.18089468325599267,0.0005863758440073363
SiC_10deg,10.0,7.465,3036.371,0.18153714829999998,0.1855529033839322,0.18112230911213187,0.00041483918786811014
SiC_10deg,10.0,7.465,3039.264,0.1818731193,0.1857806907544717,0.18134891055765656,0.000524208742343435
SiC_10deg,10.0,7.465,3042.156,0.1821281114,0.186006315568398,0.18157336070544505,0.0005547506945549341
SiC_10deg,10.0,7.465,3045.049,0.18261118029999998,0.18622889433225953,0.18179478066176075,0.0008163996382392347
SiC_10deg,10.0,7.465,3047.942,0.18267898070000002,0.1864473292102681,0.18201207830645685,0.0006669023935431673
SiC_10deg,10.0,7.465,3050.834,0.18262626820000002,0.18666055336586052,0.18222419235722087,0.00040207584277915376
SiC_10deg,10.0,7.465,3053.727,0.1829876123,0.18686775040101922,0.18243031066643264,0.0005573016335673475
SiC_10deg,10.0,7.465,3056.62,0.1832692182,0.18706791598111008,0.1826294341283061,0.0006397840716939052
SiC_10deg,10.0,7.465,3059.512,0.18357301639999998,0.18726009423134382,0.18282061184460455,0.0007524045553954362
SiC_10deg,10.0,7.465,3062.405,0.1834707573,0.1874435702379118,0.1830031326235614,0.0004676246764385994
SiC_10deg,10.0,7.465,3065.298,0.18359483229999998,0.1876174747257387,0.18317613171579147,0.000418700584208509
SiC_10deg,10.0,7.465,3068.191,0.1839634758,0.18778105653116356,0.18333886186840273,0.0006246139315972676
SiC_10deg,10.0,7.465,3071.083,0.1840968224,0.18793356728573085,0.18349057860915602,0.00060624379084398
SiC_10deg,10.0,7.465,3073.976,0.1842426301,0.1880744716056133,0.18363074934158255,0.000611880758417449
SiC_10deg,10.0,7.465,3076.869,0.1843747815,0.18820313309402592,0.18375874098215772,0.0006160405178422812
SiC_10deg,10.0,7.465,3079.761,0.18456381789999998,0.1883189940152182,0.18387399869885998,0.0006898192011400017
SiC_10deg,10.0,7.465,3082.654,0.1844366257,0.1884216786184309,0.18397614869719403,0.0004604770028059646
SiC_10deg,10.0,7.465,3085.547,0.1845252001,0.18851075437153098,0.18406476069691058,0.0004604394030894299
SiC_10deg,10.0,7.465,3088.439,0.1843939286,0.1885858748200207,0.18413949004725128,0.0002544385527487314
SiC_10deg,10.0,7.465,3091.332,0.1844275606,0.18864683759436468,0.1842001354322734,0.0002274251677266137
SiC_10deg,10.0,7.465,3094.225,0.18464563900000003,0.1886934293289549,0.18424648459721013,0.00039915440278989744
SiC_10deg,10.0,7.465,3097.118,0.184670286,0.18872553508155698,0.18427842319824875,0.00039186280175124155
SiC_10deg,10.0,7.465,3100.01,0.18462467440000002,0.18874310663372978,0.18429590326798675,0.0003287711320132669
SiC_10deg,10.0,7.465,3102.903,0.18445640959999998,0.188746181701975,0.18429896232656318,0.00015744727343680598
SiC_10deg,10.0,7.465,3105.796,0.18452609509999998,0.18873484712731653,0.1842876867628832,0.00023840833711677445
SiC_10deg,10.0,7.465,3108.688,0.184426295,0.1887092788040609,0.18426225155549816,0.00016404344450182684
SiC_10deg,10.0,7.465,3111.581,0.1845499061,0.1886696917835659,0.18422287063614806,0.0003270354638519324
SiC_10deg,10.0,7.465,3114.474,0.1840842867,0.18861639214528259,0.18416984849074844,-8.556179074845072e-05
SiC_10deg,10.0,7.465,3117.366,0.1839051,0.18854977017853072,0.18410357337666325,-0.0001984733766632607
SiC_10deg,10.0,7.465,3120.259,0.1839051146,0.18847020808513124,0.18402442550586343,-0.00011931090586342341
SiC_10deg,10.0,7.465,3123.152,0.18373121409999998,0.188378216248083,0.18393291260415062,-0.00020169850415063806
SiC_10deg,10.0,7.465,3126.045,0.1835260151,0.18827434308992463,0.18382958023882168,-0.000303565138821682
SiC_10deg,10.0,7.465,3128.937,0.1833783956,0.1881592347845819,0.18371507121963954,-0.0003366756196395426
SiC_10deg,10.0,7.465,3131.83,0.1832161619,0.18803346912606045,0.18358996033245192,-0.00037379843245191613
SiC_10deg,10.0,7.465,3134.723,0.183080872,0.18789779146476004,0.18345498904715518,-0.0003741170471551758
SiC_10deg,10.0,7.465,3137.615,0.18304452349999997,0.18775300724728883,0.18331095861697622,-0.00026643511697624356
SiC_10deg,10.0,7.465,3140.508,0.1826260499,0.1875998127603624,0.18315856170356648,-0.0005325118035664766
SiC_10deg,10.0,7.465,3143.401,0.1825061642,0.18743909205312953,0.1829986777534666,-0.0004925135534666059
SiC_10deg,10.0,7.465,3146.293,0.1823778505,0.18727177437735648,0.18283223118049724,-0.0004543806804972461
SiC_10deg,10.0,7.465,3149.186,0.182304848,0.18709864470002738,0.18266000286488393,-0.00035515486488393866
SiC_10deg,10.0,7.465,3152.079,0.1819354805,0.186920686918307,0.18248297158134658,-0.0005474910813465794
SiC_10deg,10.0,7.465,3154.972,0.181755447,0.1867388498631269,0.18230208122093647,-0.0005466342209364816
SiC_10deg,10.0,7.465,3157.864,0.1815836844,0.18655416367443942,0.18211835656040806,-0.0005346721604080618
SiC_10deg,10.0,7.465,3160.757,0.181293766,0.1863674785656927,0.18193264338675952,-0.0006388773867595232
SiC_10deg,10.0,7.465,3163.65,0.1811788798,0.1861798437019166,0.181745985402773,-0.0005671056027730104
SiC_10deg,10.0,7.465,3166.542,0.18095753080000002,0.18599231225001844,0.18155943029227317,-0.0006018994922731558
SiC_10deg,10.0,7.465,3169.435,0.18093477409999997,0.18580574050048151,0.18137382988765458,-0.00043905578765460196
SiC_10deg,10.0,7.465,3172.328,0.18046257010000002,0.1856211725782836,0.18119022287788716,-0.0007276527778871389
SiC_10deg,10.0,7.465,3175.22,0.1802393542,0.1854396379513881,0.18100963337123507,-0.0007702791712350665
SiC_10deg,10.0,7.465,3178.113,0.1802202895,0.18526196143117174,0.18083288188487537,-0.0006125923848753767
SiC_10deg,10.0,7.465,3181.006,0.18007372440000002,0.18508913556786194,0.1806609558015403,-0.0005872314015402669
SiC_10deg,10.0,7.465,3183.899,0.17989268960000002,0.18492206352240556,0.18049475358006717,-0.0006020639800671523
SiC_10deg,10.0,7.465,3186.791,0.17997908599999998,0.18476167211875025,0.18033519721909796,-0.00035611121909798205
SiC_10deg,10.0,7.465,3189.684,0.1798711114,0.18460868789565033,0.1801830094748222,-0.0003118980748221811
SiC_10deg,10.0,7.465,3192.577,0.1795660621,0.18446396611858468,0.18003904115996652,-0.00047297905996651624
SiC_10deg,10.0,7.465,3195.469,0.1798663429,0.18432830757787316,0.1799040888957115,-3.7745995711491176e-05
SiC_10deg,10.0,7.465,3198.362,0.1793665,0.18420232692622548,0.17977876413471228,-0.00041226413471226464
SiC_10deg,10.0,7.465,3201.255,0.17933535160000003,0.18408673096394557,0.17966376999747188,-0.00032841839747185797
SiC_10deg,10.0,7.465,3204.147,0.1793753113,0.18398215851513885,0.1795597419821981,-0.000184430682198089
SiC_10deg,10.0,7.465,3207.04,0.1791986177,0.18388908508768917,0.17946715312114717,-0.0002685354211471591
SiC_10deg,10.0,7.465,3209.933,0.17912484750000002,0.18380803741772872,0.17938652740811512,-0.0002616799081150978
SiC_10deg,10.0,7.465,3212.826,0.17917479050000001,0.183739442417234,0.17931828953245477,-0.00014349903245475248
SiC_10deg,10.0,7.465,3215.718,0.1791070354,0.1836836802403305,0.17926281766910251,-0.00015578226910251125
SiC_10deg,10.0,7.465,3218.611,0.1792411295,0.1836410098685463,0.17922036945125588,2.07600487441284e-05
SiC_10deg,10.0,7.465,3221.504,0.17943845369999997,0.18361168358686358,0.17919119585043056,0.00024725784956941554
SiC_10deg,10.0,7.465,3224.396,0.1795134133,0.18359586740309358,0.17917546201015452,0.00033795128984548395
SiC_10deg,10.0,7.465,3227.289,0.1792553446,0.18359364471817274,0.17917325089715552,8.209370284448236e-05
SiC_10deg,10.0,7.465,3230.182,0.1795071211,0.18360504890557422,0.17918459571115503,0.00032252538884497417
SiC_10deg,10.0,7.465,3233.074,0.1798675008,0.18363002582255394,0.17920944259129132,0.0006580582087086784
SiC_10deg,10.0,7.465,3235.967,0.1796582152,0.1836684813325788,0.17924769789113248,0.00041051730886751403
SiC_10deg,10.0,7.465,3238.86,0.1798559953,0.1837202302370551,0.17929917737628076,0.0005568179237192272
SiC_10deg,10.0,7.465,3241.753,0.1794887169,0.18378502731939828,0.1793636371068179,0.0001250797931821035
SiC_10deg,10.0,7.465,3244.645,0.1798342543,0.1838625336017073,0.1794407398696571,0.0003935144303428839
SiC_10deg,10.0,7.465,3247.538,0.1797592921,0.18395242983119045,0.17953016807412628,0.00022912402587371705
SiC_10deg,10.0,7.465,3250.431,0.1799490754,0.18405425765500572,0.17963146575369704,0.0003176096463029521
SiC_10deg,10.0,7.465,3253.323,0.1800311799,0.18416748396617094,0.17974410257689183,0.0002870773231081758
SiC_10deg,10.0,7.465,3256.216,0.18069449259999998,0.18429163966147818,0.1798676118827858,0.000826880717214179
SiC_10deg,10.0,7.465,3259.109,0.1806755143,0.1844260874941299,0.18000135974226714,0.00067415455773287
SiC_10deg,10.0,7.465,3262.001,0.1807078284,0.1845701268420511,0.18014464918089612,0.0005631792191038709
SiC_10deg,10.0,7.465,3264.894,0.1810347213,0.1847231626478969,0.18029688823936352,0.0007378330606364891
SiC_10deg,10.0,7.465,3267.787,0.18127691370000001,0.18488440997043548,0.18045729606306193,0.0008196176369380803
SiC_10deg,10.0,7.465,3270.68,0.181480812,0.18505309408525533,0.18062510196101275,0.0008557100389872396
SiC_10deg,10.0,7.465,3273.572,0.1815666431,0.18522834476418626,0.18079944023569794,0.000767202864302069
SiC_10deg,10.0,7.465,3276.465,0.18184240070000002,0.18540944526289255,0.18097959787435408,0.0008628028256459364
SiC_10deg,10.0,7.465,3279.358,0.181932061,0.1855954726606685,0.18116465676125984,0.0007674042387401658
SiC_10deg,10.0,7.465,3282.25,0.182192148,0.18578547645868237,0.18135367134614727,0.0008384766538527266
SiC_10deg,10.0,7.465,3285.143,0.1825821411,0.18597868785900945,0.18154587683366957,0.0010362642663304389
SiC_10deg,10.0,7.465,3288.036,0.1828929955,0.18617412966964986,0.1817403011193628,0.001152694380637198
SiC_10deg,10.0,7.465,3290.928,0.1828273738,0.18637081452709967,0.18193596198021467,0.0008914118197853316
SiC_10deg,10.0,7.465,3293.821,0.18308810860000002,0.18656795697749606,0.18213207805165577,0.0009560305483442555
SiC_10deg,10.0,7.465,3296.714,0.18310301110000002,0.18676456949794767,0.18232766695211616,0.0007753441478838552
SiC_10deg,10.0,7.465,3299.607,0.1831952563,0.18695973896517204,0.18252182031228964,0.000673435987710358
SiC_10deg,10.0,7.465,3302.499,0.18370025429999998,0.18715249711401194,0.1827135749080793,0.0009866793919206807
SiC_10deg,10.0,7.465,3305.392,0.1837787781,0.18734209072940022,0.18290218144586706,0.0008765966541329495
SiC_10deg,10.0,7.465,3308.285,0.1839016481,0.1875275855072135,0.1830867104857792,0.0008149376142208009
SiC_10deg,10.0,7.465,3311.177,0.18387570530000003,0.18770807647782872,0.18326626176971872,0.0006094435302813062
SiC_10deg,10.0,7.465,3314.07,0.1843195957,0.18788287282616012,0.18344014807917705,0.000879447620822954
SiC_10deg,10.0,7.465,3316.963,0.18448088370000001,0.1880511267958056,0.18360752607141004,0.0008733576285899769
SiC_10deg,10.0,7.465,3319.855,0.1844307091,0.1882120346895224,0.18376759623344846,0.0006631128665515462
SiC_10deg,10.0,7.465,3322.748,0.1845329562,0.18836499703966278,0.18391976221864142,0.0006131939813585618
SiC_10deg,10.0,7.465,3325.641,0.18451428069999998,0.18850928761330427,0.18406330157503906,0.00045097912496092074
SiC_10deg,10.0,7.465,3328.534,0.1845321127,0.18864428177341436,0.18419759291764462,0.00033451978235538027
SiC_10deg,10.0,7.465,3331.426,0.1847751984,0.1887693608152926,0.18432202076290807,0.0004531776370919338
SiC_10deg,10.0,7.465,3334.319,0.1849579668,0.18888408409176277,0.18443614675778608,0.000521820042213933
SiC_10deg,10.0,7.465,3337.212,0.18521044239999998,0.18898793151085008,0.18453945351804876,0.0006709888819512178
SiC_10deg,10.0,7.465,3340.104,0.185018304,0.18908045219393815,0.18463149251248043,0.0003868114875195672
SiC_10deg,10.0,7.465,3342.997,0.1849279526,0.18916134531373618,0.18471196447998162,0.0002159881200183844
SiC_10deg,10.0,7.465,3345.89,0.1849940212,0.18923026944229288,0.18478052977017084,0.0002134914298291546
SiC_10deg,10.0,7.465,3348.782,0.18486117100000002,0.18928695833581835,0.1848369235253981,2.424747460191834e-05
SiC_10deg,10.0,7.465,3351.675,0.18484243490000002,0.18933126209490952,0.18488099662667873,-3.856172667870972e-05
SiC_10deg,10.0,7.465,3354.568,0.18489299509999998,0.18936303012461148,0.18491259926309744,-1.9604163097458605e-05
SiC_10deg,10.0,7.465,3357.461,0.1850091306,0.1893821942492012,0.18493166361387317,7.746698612681735e-05
SiC_10deg,10.0,7.465,3360.353,0.1851333839,0.18938874701232855,0.18493818226147565,0.00019520163852435046
SiC_10deg,10.0,7.465,3363.246,0.1850367517,0.18938274620511103,0.18493221269614554,0.00010453900385445913
SiC_10deg,10.0,7.465,3366.139,0.1849467145,0.189364300865771,0.18491386338842167,3.2851111578330316e-05
SiC_10deg,10.0,7.465,3369.031,0.1844597319,0.18933359670272915,0.1848833190798745,-0.00042358717987447947
SiC_10deg,10.0,7.465,3371.924,0.1847731004,0.18929084394143697,0.18484078890146277,-6.768850146277039e-05
SiC_10deg,10.0,7.465,3374.817,0.18466136460000002,0.18923633990974545,0.18478656863306522,-0.0001252040330652071
SiC_10deg,10.0,7.465,3377.709,0.1844837889,0.18917045394621285,0.18472102569035986,-0.00023723679035986267
SiC_10deg,10.0,7.465,3380.602,0.184367186,0.18909353905396598,0.1846445112386401,-0.0002773252386401026
SiC_10deg,10.0,7.465,3383.495,0.1839659539,0.18900606680839233,0.18455749439813954,-0.0005915404981395311
SiC_10deg,10.0,7.465,3386.387,0.1840500543,0.18890857318124155,0.18446050835018837,-0.00041045405018838577
SiC_10deg,10.0,7.465,3389.28,0.1838390388,0.1888015385506834,0.18435403097197275,-0.0005149921719727613
SiC_10deg,10.0,7.465,3392.173,0.1837781087,0.1886855875788861,0.1842386836734942,-0.0004605749734941933
SiC_10deg,10.0,7.465,3395.066,0.1836353815,0.18856135474835253,0.18411509763396158,-0.00047971613396158297
SiC_10deg,10.0,7.465,3397.958,0.18331290490000002,0.18842956009230327,0.18398398913790026,-0.0006710842379002435
SiC_10deg,10.0,7.465,3400.851,0.1833299904,0.18829082096461813,0.18384597232507247,-0.0005159819250724618
SiC_10deg,10.0,7.465,3403.744,0.182857195,0.1881459224084272,0.18370182815145328,-0.0008446331514532779
SiC_10deg,10.0,7.465,3406.636,0.1826759397,0.18799568642144526,0.18355237433520655,-0.0008764346352065355
SiC_10deg,10.0,7.465,3409.529,0.1825773976,0.18784080281582544,0.18339829709712963,-0.0008208994971296291
SiC_10deg,10.0,7.465,3412.422,0.1823789269,0.18768213747229925,0.1832404578099358,-0.0008615309099358204
SiC_10deg,10.0,7.465,3415.314,0.1820307442,0.18752057841236588,0.183079739871835,-0.0010489956718350013
SiC_10deg,10.0,7.465,3418.207,0.182197739,0.18735685828652884,0.18291687211894647,-0.0007191331189464745
SiC_10deg,10.0,7.465,3421.1,0.181981535,0.18719188588105695,0.1827527586061425,-0.0007712236061425126
SiC_10deg,10.0,7.465,3423.993,0.1815913873,0.18702651917533664,0.18258825284592792,-0.0009968655459279274
SiC_10deg,10.0,7.465,3426.885,0.1815841627,0.18686167336712844,0.18242426527128675,-0.0008401025712867494
SiC_10deg,10.0,7.465,3429.778,0.1815826678,0.18669808877284788,0.18226153234433934,-0.0006788645443393249
SiC_10deg,10.0,7.465,3432.671,0.1812922438,0.18653666907551725,0.18210095304328044,-0.0008087092432804421
SiC_10deg,10.0,7.465,3435.563,0.1811166487,0.18637830279412676,0.18194341126122088,-0.000826762561220884
SiC_10deg,10.0,7.465,3438.456,0.1811614817,0.18622369825058327,0.18178961163234475,-0.000628129932344762
SiC_10deg,10.0,7.465,3441.349,0.180968179,0.1860737085125233,0.18164040278297897,-0.000672223782978959
SiC_10deg,10.0,7.465,3444.241,0.1807570496,0.18592915599944695,0.18149660285087674,-0.00073955325087674
SiC_10deg,10.0,7.465,3447.134,0.1808934591,0.18579068586868958,0.18135885363450316,-0.0004653945345031718
SiC_10deg,10.0,7.465,3450.027,0.1808691583,0.18565906260846626,0.181227915641933,-0.000358757341932997
SiC_10deg,10.0,7.465,3452.92,0.1805731917,0.18553496439474115,0.1811044635183559,-0.0005312718183559106
SiC_10deg,10.0,7.465,3455.812,0.1808050613,0.18541906928043217,0.1809891717865559,-0.00018411048655592177
SiC_10deg,10.0,7.465,3458.705,0.1807197308,0.18531189452835742,0.18088255501633566,-0.0001628242163356497
SiC_10deg,10.0,7.465,3461.598,0.18054404510000002,0.18521403441384643,0.18078520438906037,-0.00024115928906034978
SiC_10deg,10.0,7.465,3464.49,0.180455408,0.18512602281150403,0.18069765099983387,-0.00024224299983385822
SiC_10deg,10.0,7.465,3467.383,0.1804525938,0.18504825388622892,0.1806202869614216,-0.00016769316142159485
SiC_10deg,10.0,7.465,3470.276,0.1806688629,0.18498116270716522,0.18055354507787563,0.00011531782212437225
SiC_10deg,10.0,7.465,3473.168,0.1804577784,0.18492511541915063,0.18049778958778082,-4.001118778082513e-05
SiC_10deg,10.0,7.465,3476.061,0.180579557,0.18488036602425478,0.18045327317080062,0.00012628382919938064
SiC_10deg,10.0,7.465,3478.954,0.18042519380000002,0.18484717144443863,0.1804202514112882,4.942388711820511e-06
SiC_10deg,10.0,7.465,3481.847,0.18074400770000001,0.18482570898919282,0.18039890069561115,0.00034510700438886155
SiC_10deg,10.0,7.465,3484.739,0.1806628468,0.18481609816379965,0.18038933990687375,0.0002735068931262463
SiC_10deg,10.0,7.465,3487.632,0.18065514929999998,0.18481839103095843,0.18039162083672225,0.0002635284632777346
SiC_10deg,10.0,7.465,3490.525,0.1808254513,0.1848325920415061,0.1804057479128213,0.00041970338717869926
SiC_10deg,10.0,7.465,3493.417,0.18082031229999998,0.1848586297424984,0.1804316500542307,0.0003886622457692779
SiC_10deg,10.0,7.465,3496.31,0.1811357144,0.1848964027675023,0.1804692264222596,0.0006664879777404098
SiC_10deg,10.0,7.465,3499.203,0.1811540351,0.18494572654640906,0.18051829340772302,0.000635741692276981
SiC_10deg,10.0,7.465,3502.095,0.18119829710000002,0.1850063434677933,0.180578594740393,0.0006197023596070106
SiC_10deg,10.0,7.465,3504.988,0.1817012402,0.18507800508771452,0.180649883269798,0.001051356930202002
SiC_10deg,10.0,7.465,3507.881,0.1815674689,0.18516034789041394,0.1807317973727443,0.0008356715272556936
SiC_10deg,10.0,7.465,3510.774,0.1817627361,0.185252975269026,0.18082394250721312,0.0009387935927868685
SiC_10deg,10.0,7.465,3513.666,0.18189101900000001,0.1853554036520313,0.1809258376192941,0.0009651813807059206
SiC_10deg,10.0,7.465,3516.559,0.18209668059999998,0.1854672100704563,0.18103706194210903,0.0010596186578909483
SiC_10deg,10.0,7.465,3519.452,0.181989391,0.18558782208250182,0.1811570460141514,0.0008323449858486098
SiC_10deg,10.0,7.465,3522.344,0.1821648189,0.18571661325193267,0.18128516666058903,0.0008796522394109718
SiC_10deg,10.0,7.465,3525.237,0.1821884901,0.18585305352730427,0.18142089658957397,0.0007675935104260179
SiC_10deg,10.0,7.465,3528.13,0.18272714480000002,0.18599644500017318,0.1815635415261701,0.0011636032738299162
SiC_10deg,10.0,7.465,3531.022,0.1830111213,0.18614604814830696,0.1817123657983054,0.0012987555016945873
SiC_10deg,10.0,7.465,3533.915,0.1831291321,0.1863012514037946,0.1818667610220632,0.001262371077936808
SiC_10deg,10.0,7.465,3536.808,0.1833249084,0.18646126410324024,0.18202594065046318,0.0012989677495368057
SiC_10deg,10.0,7.465,3539.701,0.18342867859999998,0.18662532532545395,0.18218914772388486,0.0012395308761151136
SiC_10deg,10.0,7.465,3542.593,0.1836675143,0.1867925987683401,0.18235555029425618,0.0013119640057438209
SiC_10deg,10.0,7.465,3545.486,0.1837112623,0.18696240922380014,0.1825244766688015,0.0011867856311985059
SiC_10deg,10.0,7.465,3548.379,0.18356162529999998,0.1871338990985573,0.1826950737191155,0.0008665515808844726
SiC_10deg,10.0,7.465,3551.271,0.183641585,0.18730620331033188,0.18286648086677976,0.0007751041332202391
SiC_10deg,10.0,7.465,3554.164,0.18405163989999998,0.1874786346176174,0.18303801444826,0.001013625451739969
SiC_10deg,10.0,7.465,3557.057,0.1842080263,0.1876503296813018,0.18320881561923008,0.000999210680769913
SiC_10deg,10.0,7.465,3559.949,0.1844655282,0.187820432858252,0.1833780331912753,0.0010874950087247093
SiC_10deg,10.0,7.465,3562.842,0.18448067370000001,0.18798827536460788,0.1835450018624121,0.0009356718375879147
SiC_10deg,10.0,7.465,3565.735,0.1846655862,0.18815302572714482,0.183708894488299,0.0009566917117010132
SiC_10deg,10.0,7.465,3568.628,0.1849516352,0.18831392958095233,0.18386896063146102,0.0010826745685389716
SiC_10deg,10.0,7.465,3571.52,0.18500236569999998,0.18847020093790984,0.18402441839585246,0.0009779473041475195
SiC_10deg,10.0,7.465,3574.413,0.184856613,0.18862124021145804,0.18417467131653004,0.0006819416834699665
SiC_10deg,10.0,7.465,3577.306,0.1849812119,0.1887663129206005,0.1843189887364116,0.0006622231635884102
SiC_10deg,10.0,7.465,3580.198,0.1851706219,0.1889047241910141,0.18445667939888485,0.0007139425011151446
SiC_10deg,10.0,7.465,3583.091,0.1850710984,0.18903595602606557,0.18458722800415253,0.0004838703958474633
SiC_10deg,10.0,7.465,3585.984,0.185244723,0.18915938260500198,0.18471001198966022,0.0005347110103397779
SiC_10deg,10.0,7.465,3588.876,0.18561072159999997,0.18927442857014287,0.18482445899320116,0.0007862626067988154
SiC_10deg,10.0,7.465,3591.769,0.1854941146,0.18938067862913704,0.18493015588455267,0.0005639587154473436
SiC_10deg,10.0,7.465,3594.662,0.18548426589999997,0.18947764078716206,0.18502661323035557,0.0004576526696443983
SiC_10deg,10.0,7.465,3597.555,0.18525690250000001,0.18956491051944757,0.18511342861190905,0.00014347388809096695
SiC_10deg,10.0,7.465,3600.447,0.18550204999999997,0.1896421063319266,0.18519022252131137,0.0003118274786886033
SiC_10deg,10.0,7.465,3603.34,0.185407835,0.18970897456775354,0.18525674262232567,0.00015109237767432782
SiC_10deg,10.0,7.465,3606.233,0.1856112598,0.18976523035848825,0.18531270552961693,0.00029855427038308346
SiC_10deg,10.0,7.465,3609.125,0.1856771854,0.18981065521591056,0.18535789389247598,0.00031929150752402213
SiC_10deg,10.0,7.465,3612.018,0.18574488720000001,0.18984512845793006,0.18539218765711726,0.00035269954288275063
SiC_10deg,10.0,7.465,3614.911,0.1853690856,0.18986853343311638,0.18541547077943055,-4.638517943053588e-05
SiC_10deg,10.0,7.465,3617.803,0.1852076615,0.18988082213588475,0.18542769550376156,-0.00022003400376155446
SiC_10deg,10.0,7.465,3620.696,0.18494413569999998,0.18988201081991823,0.18542887799917218,-0.00048474229917219724
SiC_10deg,10.0,7.465,3623.589,0.1849848766,0.1898721543214668,0.18541907281641945,-0.0004341962164194635
SiC_10deg,10.0,7.465,3626.482,0.1852019368,0.18985136647956663,0.18539839320186152,-0.0001964564018615278
SiC_10deg,10.0,7.465,3629.374,0.1854904682,0.1898198260409889,0.18536701697166375,0.0001234512283362632
SiC_10deg,10.0,7.465,3632.267,0.18515252790000003,0.18977772838710327,0.18532513848998547,-0.0001726105899854391
SiC_10deg,10.0,7.465,3635.16,0.1847656328,0.1897253499477118,0.1852730327474576,-0.0005073999474576041
SiC_10deg,10.0,7.465,3638.052,0.1843996301,0.18966303008957014,0.18521103734399713,-0.000811407243997142
SiC_10deg,10.0,7.465,3640.945,0.1842098579,0.18959108891593107,0.18513947071630943,-0.000929612816309433
SiC_10deg,10.0,7.465,3643.838,0.1840962018,0.1895099549496438,0.18505875915623346,-0.0009625573562334622
SiC_10deg,10.0,7.465,3646.73,0.18380742890000001,0.18942011275853005,0.18496938470879476,-0.0011619558087947457
SiC_10deg,10.0,7.465,3649.623,0.1838697118,0.18932199327238775,0.18487177606024974,-0.0010020642602497354
SiC_10deg,10.0,7.465,3652.516,0.18348702500000003,0.18921615803588532,0.18476649183170757,-0.001279466831707543
SiC_10deg,10.0,7.465,3655.409,0.1835167951,0.18910317519858805,0.1846540972147874,-0.0011373021147874085
SiC_10deg,10.0,7.465,3658.301,0.1835692183,0.18898368872411286,0.1845352328204507,-0.0009660145204506976
SiC_10deg,10.0,7.465,3661.194,0.1833871841,0.18885824791233724,0.18441044508876556,-0.0010232609887655675
SiC_10deg,10.0,7.465,3664.087,0.1830964128,0.18872755257176296,0.1842804301848342,-0.0011840173848342017
SiC_10deg,10.0,7.465,3666.979,0.1829577402,0.18859233404820508,0.18414591564687996,-0.0011881754468799632
SiC_10deg,10.0,7.465,3669.872,0.182927992,0.1884532034903866,0.18400750944181402,-0.001079517441814004
SiC_10deg,10.0,7.465,3672.765,0.1823627101,0.18831092934226457,0.18386597601285834,-0.001503265912858348
SiC_10deg,10.0,7.465,3675.657,0.1826325391,0.18816629846023147,0.18372209811981016,-0.0010895590198101712
SiC_10deg,10.0,7.465,3678.55,0.1827536175,0.188019957626386,0.18357651917743886,-0.0008229016774388698
SiC_10deg,10.0,7.465,3681.443,0.1824148458,0.1878727103707394,0.18343003853235293,-0.0010151927323529264
SiC_10deg,10.0,7.465,3684.336,0.1822076027,0.18772531379149915,0.18328340934109386,-0.0010758066410938572
SiC_10deg,10.0,7.465,3687.228,0.1818580377,0.18757857504780528,0.18313743456050458,-0.0012793968605045725
SiC_10deg,10.0,7.465,3690.121,0.18186018340000001,0.18743314487280535,0.1829927615358332,-0.0011325781358331732
SiC_10deg,10.0,7.465,3693.014,0.18192039340000002,0.18728981871881983,0.182850181578052,-0.0009297881780519768
SiC_10deg,10.0,7.465,3695.906,0.1814522397,0.1871493776220456,0.18271047165706408,-0.0012582319570640932
SiC_10deg,10.0,7.465,3698.799,0.1816368756,0.18701244218577273,0.18257424914512457,-0.0009373735451245757
SiC_10deg,10.0,7.465,3701.692,0.181784146,0.18687976079388335,0.18244225852981893,-0.0006581125298189272
SiC_10deg,10.0,7.465,3704.584,0.18183941059999997,0.18675205387613386,0.18231521649014396,-0.0004758058901439821
SiC_10deg,10.0,7.465,3707.477,0.18112430710000002,0.18662988470289704,0.1821936833639287,-0.0010693762639286675
SiC_10deg,10.0,7.465,3710.37,0.1811132058,0.18651392146166532,0.18207832385989386,-0.0009651180598938547
SiC_10deg,10.0,7.465,3713.263,0.1812814128,0.1864047555754108,0.18196972632189748,-0.0006883135218974656
SiC_10deg,10.0,7.465,3716.155,0.181718936,0.18630297769698081,0.18186847832768233,-0.00014954232768232822
SiC_10deg,10.0,7.465,3719.048,0.18140160819999998,0.18620903671658265,0.1817750264304072,-0.00037341823040720756
SiC_10deg,10.0,7.465,3721.941,0.18147567080000002,0.18612344863607821,0.18168988394548338,-0.00021421314548336623
SiC_10deg,10.0,7.465,3724.833,0.1815245922,0.18604667566804878,0.18161351067908374,-8.891847908373829e-05
SiC_10deg,10.0,7.465,3727.726,0.18131222309999998,0.1859790574368173,0.18154624448735157,-0.00023402138735159617
SiC_10deg,10.0,7.465,3730.619,0.18121398200000002,0.185920968557435,0.18148845803498698,-0.0002744760349869535
SiC_10deg,10.0,7.465,3733.511,0.1813618484,0.18587272252957343,0.18144046318949417,-7.861478949416911e-05
SiC_10deg,10.0,7.465,3736.404,0.18171676439999998,0.18583453507369105,0.1814024745482303,0.00031428985176967794
SiC_10deg,10.0,7.465,3739.297,0.1813842768,0.18580662319472585,0.1813747079863448,9.568813655186359e-06
SiC_10deg,10.0,7.465,3742.19,0.1810194239,0.18578913404417943,0.18135730988922716,-0.0003378859892271546
SiC_10deg,10.0,7.465,3745.082,0.1815140002,0.18578216327230626,0.18135037540914978,0.00016362479085021975
SiC_10deg,10.0,7.465,3747.975,0.18171393040000003,0.185785748671911,0.1813539421421574,0.00035998825784264166
SiC_10deg,10.0,7.465,3750.868,0.18154077019999998,0.1857998845750758,0.18136800444984089,0.0001727657501590929
SiC_10deg,10.0,7.465,3753.76,0.1816524851,0.18582449841956658,0.18139249014774556,0.00025999495225445535
SiC_10deg,10.0,7.465,3756.653,0.1818378439,0.18585949312433217,0.18142730266025145,0.00041054123974854084
SiC_10deg,10.0,7.465,3759.546,0.1823968175,0.18590469668689671,0.18147227088037593,0.0009245466196240726
SiC_10deg,10.0,7.465,3762.438,0.1826463236,0.1859598728443558,0.18152715977526554,0.0011191638247344537
SiC_10deg,10.0,7.465,3765.331,0.18281466049999998,0.1860247954073227,0.18159174433313907,0.0012229161668609045
SiC_10deg,10.0,7.465,3768.224,0.1830500444,0.1860991351381369,0.1816656970304397,0.001384347369560307
SiC_10deg,10.0,7.465,3771.117,0.183262228,0.1861825344350631,0.1817486621272072,0.0015135658727928047
SiC_10deg,10.0,7.465,3774.009,0.1831218406,0.18627455865519615,0.18184020724340938,0.0012816333565906224
SiC_10deg,10.0,7.465,3776.902,0.183227891,0.18637482859407156,0.18193995514882674,0.0012879358511732608
SiC_10deg,10.0,7.465,3779.795,0.1831348624,0.1864828317072102,0.18204739596743058,0.0010874664325694061
SiC_10deg,10.0,7.465,3782.688,0.18345989119999997,0.18659804912928465,0.18216201353525213,0.001297877664747843
SiC_10deg,10.0,7.465,3785.58,0.1837417174,0.18671988484733726,0.1822832149423445,0.0014585024576554972
SiC_10deg,10.0,7.465,3788.473,0.18414699410000002,0.18684783944988026,0.1824105033772964,0.0017364907227036264
SiC_10deg,10.0,7.465,3791.365,0.1840558108,0.18698121309453236,0.18254318264130248,0.0015126281586975154
SiC_10deg,10.0,7.465,3794.258,0.1840013224,0.1871194615075782,0.18268071129428917,0.0013206111057108283
SiC_10deg,10.0,7.465,3797.151,0.1843715924,0.187261881195591,0.18282238950541407,0.0015492028945859326
SiC_10deg,10.0,7.465,3800.044,0.18447169089999998,0.18740779562880877,0.18296754426711903,0.0015041466328809538
SiC_10deg,10.0,7.465,3802.936,0.1845134136,0.1875564616405017,0.18311543628180896,0.0013979773181910515
SiC_10deg,10.0,7.465,3805.829,0.1846970638,0.18770727953223815,0.18326546897325066,0.001431594826749344
SiC_10deg,10.0,7.465,3808.722,0.1850885098,0.18785948777591946,0.18341688477807458,0.0016716250219254158
SiC_10deg,10.0,7.465,3811.615,0.1851491493,0.18801237146764077,0.18356897251436632,0.0015801767856336857
SiC_10deg,10.0,7.465,3814.507,0.18559181970000002,0.1881651621386325,0.1837209677142205,0.0018708519857795203
SiC_10deg,10.0,7.465,3817.4,0.1859052737,0.18831725260544435,0.18387226635535442,0.002033007344645593
SiC_10deg,10.0,7.465,3820.292,0.1861324106,0.18846783133035366,0.18402206112513864,0.002110349474861356
SiC_10deg,10.0,7.465,3823.185,0.1861729172,0.18861630525948095,0.18416976205729868,0.0020031551427013294
SiC_10deg,10.0,7.465,3826.078,0.1859878013,0.18876193751168008,0.18431463610709864,0.0016731651929013658
SiC_10deg,10.0,7.465,3828.971,0.1856101357,0.18890405968726853,0.1844560183547324,0.0011541173452676023
SiC_10deg,10.0,7.465,3831.863,0.1858207464,0.18904197576286255,0.18459321640050938,0.0012275299994906064
SiC_10deg,10.0,7.465,3834.756,0.1860931635,0.18917515447872518,0.18472570175058,0.0013674617494199848
SiC_10deg,10.0,7.465,3837.649,0.1858853467,0.18930294579349494,0.18485282774788067,0.0010325189521193379
SiC_10deg,10.0,7.465,3840.542,0.1860085192,0.1894247761106965,0.18497402378224034,0.0010344954177596566
SiC_10deg,10.0,7.465,3843.434,0.18631826619999997,0.18954006377995108,0.18508871123151546,0.0012295549684845086
SiC_10deg,10.0,7.465,3846.327,0.18617869420000002,0.18964837879393365,0.18519646232711987,0.0009822318728801571
SiC_10deg,10.0,7.465,3849.219,0.1859632684,0.18974917212758402,0.185296730902372,0.0006665374976279892
SiC_10deg,10.0,7.465,3852.112,0.1859690893,0.18984207661368657,0.1853891517016319,0.0005799375983681077
SiC_10deg,10.0,7.465,3855.005,0.1868479073,0.18992665851525586,0.18547329324607062,0.001374614053929385
SiC_10deg,10.0,7.465,3857.898,0.1864322302,0.19000256144887107,0.1855488010076995,0.0008834291923005
SiC_10deg,10.0,7.465,3860.79,0.1862115639,0.19006945021047553,0.18561534152762837,0.0005962223723716131
SiC_10deg,10.0,7.465,3863.683,0.18602323340000002,0.1901271015244912,0.1856726926927145,0.00035054070728551823
SiC_10deg,10.0,7.465,3866.576,0.1858587639,0.19017526625844916,0.18572060666754261,0.00013815723245738654
SiC_10deg,10.0,7.465,3869.469,0.1857687942,0.19021376608176407,0.1857589060499664,9.888150033610099e-06
SiC_10deg,10.0,7.465,3872.361,0.1858377116,0.19024246124863536,0.18578745182174122,5.025977825878769e-05
SiC_10deg,10.0,7.465,3875.254,0.18629521019999998,0.19026128737869713,0.18580617993768342,0.0004890302623165588
SiC_10deg,10.0,7.465,3878.146,0.1859711007,0.1902701947798887,0.18581504096444315,0.0001560597355568516
SiC_10deg,10.0,7.465,3881.039,0.18579572249999998,0.19026920049686635,0.18581405185793742,-1.832935793744106e-05
SiC_10deg,10.0,7.465,3883.932,0.1853979305,0.19025835804511568,0.18580326585503518,-0.0004053353550351746
SiC_10deg,10.0,7.465,3886.825,0.1857660187,0.190237772779345,0.18578278776193854,-1.6769061938537444e-05
SiC_10deg,10.0,7.465,3889.717,0.1853424849,0.1902076085644624,0.18575278059042885,-0.00041029569042885794
SiC_10deg,10.0,7.465,3892.61,0.1855903528,0.19016804190555345,0.1857134199266567,-0.00012306712665668962
SiC_10deg,10.0,7.465,3895.503,0.1851275705,0.19011932361194125,0.18566495527416138,-0.0005373847741613758
SiC_10deg,10.0,7.465,3898.396,0.1849911338,0.19006173909906526,0.18560767056242944,-0.000616536762429426
SiC_10deg,10.0,7.465,3901.288,0.1852478094,0.18999564003997313,0.18554191563359987,-0.00029410623359987786
SiC_10deg,10.0,7.465,3904.181,0.1851195876,0.18992134834640922,0.18546801072345412,-0.0003484231234541224
SiC_10deg,10.0,7.465,3907.073,0.1848598159,0.18983932135101095,0.18538641078362744,-0.0005265948836274403
SiC_10deg,10.0,7.465,3909.966,0.18460378,0.18974994504772547,0.18529749979847415,-0.0006937197984741572
SiC_10deg,10.0,7.465,3912.859,0.1845672902,0.18965372375534278,0.185201779461159,-0.0006344892611589992
SiC_10deg,10.0,7.465,3915.752,0.1840296653,0.18955116686958312,0.18509975651534508,-0.0010700912153450703
SiC_10deg,10.0,7.465,3918.644,0.18392721420000002,0.18944285184045595,0.18499200540467492,-0.0010647912046748975
SiC_10deg,10.0,7.465,3921.537,0.1839107541,0.18932926971702135,0.18487901462166934,-0.0009682605216693452
SiC_10deg,10.0,7.465,3924.43,0.1839948145,0.18921104743226919,0.18476140783532896,-0.0007665933353289689
SiC_10deg,10.0,7.465,3927.323,0.18372512619999998,0.18908879692425426,0.18463979379778728,-0.0009146675977872998
SiC_10deg,10.0,7.465,3930.215,0.1835237744,0.18896319261216696,0.184514843417019,-0.0009910690170189806
SiC_10deg,10.0,7.465,3933.108,0.18335862039999998,0.18883479341081646,0.18438711269796584,-0.0010284922979658662
SiC_10deg,10.0,7.465,3936.0,0.1836056184,0.18870434592528085,0.1842573443586702,-0.0006517259586701907
SiC_10deg,10.0,7.465,3938.893,0.1833031203,0.1885724272662107,0.18412611250518257,-0.00082299220518256
SiC_10deg,10.0,7.465,3941.786,0.18282818309999999,0.1884397556802499,0.1839941316447531,-0.0011659485447531037
SiC_10deg,10.0,7.465,3944.679,0.1825970141,0.18830700731156808,0.183862074401355,-0.001265060301354981
SiC_10deg,10.0,7.465,3947.571,0.18241727489999998,0.18817490319463115,0.1837306580555463,-0.0013133831555463271
SiC_10deg,10.0,7.465,3950.464,0.18261143919999998,0.18804402341673576,0.1836004596745263,-0.0009890204745263143
SiC_10deg,10.0,7.465,3953.357,0.1827450526,0.18791507826517628,0.18347218584763425,-0.0007271332476342374
SiC_10deg,10.0,7.465,3956.25,0.18256310339999998,0.1877887217848334,0.18334648721460955,-0.0007833838146095728
SiC_10deg,10.0,7.465,3959.142,0.182559841,0.18766563632926292,0.18322404257648373,-0.000664201576483725
SiC_10deg,10.0,7.465,3962.035,0.1822464819,0.18754636026469063,0.18310538749659688,-0.0008589055965968762
SiC_10deg,10.0,7.465,3964.927,0.1820809055,0.18743157945037175,0.18299120426342835,-0.0009102987634283521
SiC_10deg,10.0,7.465,3967.82,0.18227320630000002,0.18732179541630378,0.18288199179586961,-0.000608785495869596
SiC_10deg,10.0,7.465,3970.713,0.1819883665,0.18721760410118804,0.18277834292999778,-0.0007899764299977852
SiC_10deg,10.0,7.465,3973.606,0.18217510350000002,0.18711953258796854,0.18268078200461507,-0.0005056785046150536
SiC_10deg,10.0,7.465,3976.498,0.18214573430000003,0.18702810742505216,0.18258983282676944,-0.00044409852676940975
SiC_10deg,10.0,7.465,3979.391,0.1819736271,0.18694372800893433,0.18250589271358605,-0.0005322656135860471
SiC_10deg,10.0,7.465,3982.284,0.1818579028,0.18686685423808055,0.18242941916916988,-0.0005715163691698832
SiC_10deg,10.0,7.465,3985.177,0.1819721213,0.18679787549387364,0.18236079954767487,-0.00038867824767485626
SiC_10deg,10.0,7.465,3988.069,0.182172311,0.1867371610635138,0.18230040121368837,-0.00012809021368836992
SiC_10deg,10.0,7.465,3990.962,0.18221884540000002,0.1866849773148892,0.18224848914831257,-2.964374831254668e-05
SiC_10deg,10.0,7.465,3993.854,0.18242894540000001,0.1866416257798218,0.18220536331351003,0.0002235820864899818
SiC_10deg,10.0,7.465,3996.747,0.1826208417,0.18660729801961362,0.1821712142732609,0.0004496274267390965
SiC_10deg,10.0,7.465,3999.64,0.1830216673,0.18658218708554464,0.18214623407376596,0.0008754332262340403
SiC_15deg,15.0,7.465,1500.347,0.1504108176,0.14280695626321846,0.1435830229878165,0.0068277946121834965
SiC_15deg,15.0,7.465,1503.24,0.150937209,0.1432612392367894,0.14407093148184022,0.006866277518159769
SiC_15deg,15.0,7.465,1506.133,0.1521975853,0.1437945834175076,0.14464375320563277,0.007553832094367219
SiC_15deg,15.0,7.465,1509.025,0.1537162031,0.14440332077728785,0.1452975486277497,0.008418654472250292
SiC_15deg,15.0,7.465,1511.918,0.1539992113,0.14508392375652893,0.14602852908255146,0.007970682217448538
SiC_15deg,15.0,7.465,1514.811,0.1541984482,0.14583178338693248,0.14683174445103223,0.007366703748967779
SiC_15deg,15.0,7.465,1517.703,0.1549130323,0.1466417821203182,0.14770169838978714,0.007211333910212864
SiC_15deg,15.0,7.465,1520.596,0.1562960354,0.14750928638281996,0.14863341435296595,0.007662621047034052
SiC_15deg,15.0,7.465,1523.489,0.157327106,0.1484285127728598,0.14962068085803815,0.007706425141961848
SiC_15deg,15.0,7.465,1526.381,0.1569860328,0.14939333826827023,0.1506569216635454,0.006329111136454596
SiC_15deg,15.0,7.465,1529.274,0.1571635267,0.15039843205961095,0.15173641137946156,0.005427115320538439
SiC_15deg,15.0,7.465,1532.167,0.1582105999,0.15143730121389132,0.15285217647311736,0.005358423426882641
SiC_15deg,15.0,7.465,1535.06,0.15923166249999998,0.15250366148112682,0.15399746754133378,0.0052341949586661995
SiC_15deg,15.0,7.465,1537.952,0.1598812982,0.15359078118124347,0.1551650546325647,0.004716243567435302
SiC_15deg,15.0,7.465,1540.845,0.16031482,0.1546930397230395,0.15634890112569874,0.003965918874301255
SiC_15deg,15.0,7.465,1543.738,0.16009910659999999,0.15580371422259165,0.15754178651642187,0.0025573200835781185
SiC_15deg,15.0,7.465,1546.63,0.1603821122,0.15691613730165532,0.15873654991456718,0.0016455622854328333
SiC_15deg,15.0,7.465,1549.523,0.1602941608,0.15802490498202493,0.1599273873454726,0.0003667734545274026
SiC_15deg,15.0,7.465,1552.416,0.1599767897,0.15912360378956922,0.16110741061678474,-0.0011306209167847303
SiC_15deg,15.0,7.465,1555.308,0.1602569725,0.16020601580533195,0.1622699415661017,-0.002012969066101683
SiC_15deg,15.0,7.465,1558.201,0.1602614393,0.1612672585982731,0.16340973637026812,-0.003148297070268119
SiC_15deg,15.0,7.465,1561.094,0.1605070576,0.1623015664475985,0.16452060253624926,-0.004013544936249253
SiC_15deg,15.0,7.465,1563.987,0.16127429769999999,0.16330382220093626,0.16559704414574591,-0.004322746445745929
SiC_15deg,15.0,7.465,1566.879,0.1623485442,0.16426887715804905,0.16663353139745554,-0.004284987197455542
SiC_15deg,15.0,7.465,1569.772,0.1634515862,0.16519289450266705,0.1676259434782353,-0.004174357278235313
SiC_15deg,15.0,7.465,1572.665,0.1651139417,0.16607136320355828,0.1685694354553386,-0.003455493755338601
SiC_15deg,15.0,7.465,1575.557,0.1661906437,0.16690018553904612,0.1694596062982877,-0.0032689625982877113
SiC_15deg,15.0,7.465,1578.45,0.1678670514,0.16767647933104368,0.17029336049337937,-0.002426309093379375
SiC_15deg,15.0,7.465,1581.343,0.1688193334,0.16839686728583078,0.1710670707633684,-0.0022477373633684183
SiC_15deg,15.0,7.465,1584.235,0.16995113350000002,0.16905843187650949,0.17177760362926076,-0.0018264701292607377
SiC_15deg,15.0,7.465,1587.128,0.17132497430000002,0.1696593209046492,0.172422969794958,-0.0010979954949579818
SiC_15deg,15.0,7.465,1590.021,0.1722084259,0.17019737772005145,0.17300085297741258,-0.0007924270774125886
SiC_15deg,15.0,7.465,1592.914,0.1728567112,0.1706710794774245,0.17350961761201797,-0.0006529064120179562
SiC_15deg,15.0,7.465,1595.806,0.17326268979999998,0.1710791684614609,0.1739479128887785,-0.0006852230887785249
SiC_15deg,15.0,7.465,1598.699,0.1735082057,0.1714211920965436,0.17431525273293327,-0.0008070470329332724
SiC_15deg,15.0,7.465,1601.592,0.1739148879,0.1716966524606406,0.17461110236681526,-0.0006962144668152537
SiC_15deg,15.0,7.465,1604.484,0.17410440189999998,0.17190552791502403,0.17483543855002207,-0.0007310366500220822
SiC_15deg,15.0,7.465,1607.377,0.17455052240000002,0.1720483798133673,0.17498886418700163,-0.0004383417870016115
SiC_15deg,15.0,7.465,1610.27,0.1740585458,0.17212591128806815,0.17507213445522976,-0.001013588655229769
SiC_15deg,15.0,7.465,1613.162,0.1740007287,0.17213927587529038,0.17508648827433418,-0.001085759574334183
SiC_15deg,15.0,7.465,1616.055,0.1739951063,0.17208997908001059,0.17503354258509538,-0.0010384362850953677
SiC_15deg,15.0,7.465,1618.948,0.1735436369,0.17197983924091306,0.17491525031760477,-0.0013716134176047778
SiC_15deg,15.0,7.465,1621.841,0.17335526340000001,0.17181101419964276,0.17473392903454588,-0.0013786656345458614
SiC_15deg,15.0,7.465,1624.733,0.1731445633,0.17158605812742506,0.1744923219640575,-0.0013477586640575079
SiC_15deg,15.0,7.465,1627.626,0.17298001840000002,0.17130757477075548,0.17419322557905484,-0.0012132071790548205
SiC_15deg,15.0,7.465,1630.519,0.17302555300000003,0.17097866844809456,0.17383997397619833,-0.000814420976198299
SiC_15deg,15.0,7.465,1633.411,0.173446203,0.17060277069556135,0.17343625269009394,9.950309906053834e-06
SiC_15deg,15.0,7.465,1636.304,0.1736388256,0.17018315256871275,0.17298557489619293,0.0006532507038070623
SiC_15deg,15.0,7.465,1639.197,0.1733177899,0.16972368579105335,0.17249209889866754,0.0008256910013324514
SiC_15deg,15.0,7.465,1642.089,0.1733927926,0.1692284931066915,0.1719602526025597,0.0014325399974403075
SiC_15deg,15.0,7.465,1644.982,0.1730474439,0.16870135008745835,0.1713940910433284,0.0016533528566715916
SiC_15deg,15.0,7.465,1647.875,0.17215396340000003,0.1681466910735574,0.17079837678610713,0.0013555866138929007
SiC_15deg,15.0,7.465,1650.768,0.1719917195,0.16756891060001494,0.17017782964451722,0.001813889855482781
SiC_15deg,15.0,7.465,1653.66,0.17081026659999998,0.1669727122622131,0.16953750136883972,0.0012727652311602666
SiC_15deg,15.0,7.465,1656.553,0.1707855511,0.1663622514501627,0.1688818549264324,0.0019036961735675872
SiC_15deg,15.0,7.465,1659.446,0.1707599755,0.16574234813386507,0.1682160670561154,0.002543908443884607
SiC_15deg,15.0,7.465,1662.338,0.17035125359999997,0.16511785611743196,0.16754535083518238,0.002805902764817597
SiC_15deg,15.0,7.465,1665.231,0.17007799299999998,0.1644929732699909,0.1668742148543649,0.003203778145635078
SiC_15deg,15.0,7.465,1668.124,0.1699869615,0.16387251210349274,0.16620782784239593,0.0037791336576040724
SiC_15deg,15.0,7.465,1671.016,0.169284619,0.16326121766680174,0.16555128607137928,0.003733332928620714
SiC_15deg,15.0,7.465,1673.909,0.1682641965,0.16266311301051375,0.16490891037364147,0.00335528612635852
SiC_15deg,15.0,7.465,1676.802,0.1673479633,0.1620827428347139,0.16428558184291334,0.003062381457086677
SiC_15deg,15.0,7.465,1679.695,0.1672257526,0.16152429673109603,0.16368580017980625,0.0035399524201937538
SiC_15deg,15.0,7.465,1682.587,0.16659255559999997,0.16099197591307368,0.1631140775668781,0.0034784780331218734
SiC_15deg,15.0,7.465,1685.48,0.1655083476,0.16048924112503338,0.16257413090896583,0.002934216691034164
SiC_15deg,15.0,7.465,1688.373,0.1650643008,0.1600198955844542,0.16207004493347643,0.0029942558665235763
SiC_15deg,15.0,7.465,1691.265,0.1644472985,0.15958745888441236,0.16160559974985117,0.0028416987501488356
SiC_15deg,15.0,7.465,1694.158,0.1639799697,0.15919474973373932,0.16118382270461418,0.0027961469953858287
SiC_15deg,15.0,7.465,1697.051,0.16378985149999997,0.1588447659859536,0.1608079335490673,0.0029819179509326665
SiC_15deg,15.0,7.465,1699.943,0.16296616419999999,0.15854015289267054,0.1604807733334084,0.0024853908665915803
SiC_15deg,15.0,7.465,1702.836,0.1625142235,0.15828293868368928,0.16020452041475053,0.0023097030852494704
SiC_15deg,15.0,7.465,1705.729,0.1621908375,0.15807515515864368,0.1599813569842767,0.0022094805157232833
SiC_15deg,15.0,7.465,1708.622,0.16171877850000002,0.15791838952535558,0.1598129877331665,0.0019057907668335317
SiC_15deg,15.0,7.465,1711.514,0.1615831516,0.157813916874533,0.1597007821329239,0.0018823694670760949
SiC_15deg,15.0,7.465,1714.407,0.1615444582,0.15776256847169634,0.1596456329784187,0.0018988252215813017
SiC_15deg,15.0,7.465,1717.3,0.1608206677,0.1577649462030228,0.15964818670677344,0.00117248099322656
SiC_15deg,15.0,7.465,1720.192,0.1601437003,0.15782123056129638,0.15970863717064726,0.0004350631293527363
SiC_15deg,15.0,7.465,1723.085,0.1600148789,0.15793132474816415,0.15982688040678086,0.00018799849321912698
SiC_15deg,15.0,7.465,1725.978,0.1598336964,0.15809474262189593,0.16000239428977384,-0.00016869788977383338
SiC_15deg,15.0,7.465,1728.87,0.159961834,0.1583105914974365,0.16023422005901602,-0.00027238605901602764
SiC_15deg,15.0,7.465,1731.763,0.1598612302,0.15857788838040995,0.1605213019599811,-0.0006600717599810901
SiC_15deg,15.0,7.465,1734.656,0.1592829664,0.15889512329920635,0.16086201825463992,-0.0015790518546399124
SiC_15deg,15.0,7.465,1737.549,0.16016772240000002,0.15926055388914884,0.1612544976104201,-0.0010867752104200823
SiC_15deg,15.0,7.465,1740.441,0.1602695624,0.15967200549454386,0.1616964044060323,-0.0014268420060322973
SiC_15deg,15.0,7.465,1743.334,0.16055248349999998,0.1601274738526768,0.16218558602546496,-0.0016331025254649745
SiC_15deg,15.0,7.465,1746.227,0.1610098059,0.1606242892541045,0.16271917515035103,-0.0017093692503510338
SiC_15deg,15.0,7.465,1749.119,0.1611848629,0.16115949946562416,0.16329400102646963,-0.002109138126469623
SiC_15deg,15.0,7.465,1752.012,0.1610932741,0.16173051059273613,0.16390727776213507,-0.0028140036621350784
SiC_15deg,15.0,7.465,1754.905,0.1618462785,0.16233399753118802,0.16455543413257642,-0.0027091556325764266
SiC_15deg,15.0,7.465,1757.797,0.1623743336,0.1629664318129347,0.16523468049646814,-0.0028603468964681356
SiC_15deg,15.0,7.465,1760.69,0.1630487312,0.16362481169816678,0.16594179292855873,-0.0028930617285587434
SiC_15deg,15.0,7.465,1763.583,0.16365219,0.16430537219141864,0.16667272775260555,-0.003020537752605551
SiC_15deg,15.0,7.465,1766.476,0.16448509730000002,0.1650044750675269,0.16742357744606512,-0.0029384801460650978
SiC_15deg,15.0,7.465,1769.368,0.16528376690000002,0.1657181700508018,0.1681900993382345,-0.002906332438234488
SiC_15deg,15.0,7.465,1772.261,0.165883192,0.16644321097188225,0.16896880698190692,-0.0030856149819069034
SiC_15deg,15.0,7.465,1775.154,0.1665888806,0.1671755963829626,0.1697554027465605,-0.0031665221465605187
SiC_15deg,15.0,7.465,1778.046,0.1673481455,0.1679113211549513,0.1705455850479029,-0.003197439547902914
SiC_15deg,15.0,7.465,1780.939,0.16808566460000002,0.16864717307767202,0.17133590391153306,-0.0032502393115330375
SiC_15deg,15.0,7.465,1783.832,0.1689499103,0.16937922568967093,0.17212214224368735,-0.003172231943687348
SiC_15deg,15.0,7.465,1786.724,0.16992972609999998,0.17010362758909117,0.172900163566027,-0.002970437466027015
SiC_15deg,15.0,7.465,1789.617,0.17114950499999998,0.17081736723076452,0.17366673342215982,-0.002517228422159845
SiC_15deg,15.0,7.465,1792.51,0.1720900844,0.1715167863403052,0.17441792275629872,-0.0023278383562987115
SiC_15deg,15.0,7.465,1795.403,0.17292572,0.17219860285836214,0.17515020657470975,-0.0022244865747097498
SiC_15deg,15.0,7.465,1798.295,0.17361095240000002,0.17285945021939253,0.17585996912241292,-0.0022490167224129
SiC_15deg,15.0,7.465,1801.188,0.1745765852,0.17349679895509695,0.17654449370267855,-0.001967908502678556
SiC_15deg,15.0,7.465,1804.081,0.17530158799999998,0.1741075974555073,0.17720050282876262,-0.0018989148287626434
SiC_15deg,15.0,7.465,1806.973,0.1760213702,0.17468901082324478,0.17782495176733537,-0.0018035815673353717
SiC_15deg,15.0,7.465,1809.866,0.1769149822,0.17523899364236878,0.17841564370304316,-0.001500661503043177
SiC_15deg,15.0,7.465,1812.759,0.1774521779,0.1757550920756142,0.17896994316831566,-0.0015177652683156517
SiC_15deg,15.0,7.465,1815.651,0.17828186410000002,0.17623510798639813,0.17948548932294484,-0.0012036252229448152
SiC_15deg,15.0,7.465,1818.544,0.1790544654,0.17667755143816832,0.17996068194693196,-0.0009062165469319594
SiC_15deg,15.0,7.465,1821.437,0.1793614023,0.17708064984444458,0.180393617248917,-0.001032214948917004
SiC_15deg,15.0,7.465,1824.33,0.18000935599999998,0.1774430299051809,0.18078282027871198,-0.0007734642787119994
SiC_15deg,15.0,7.465,1827.222,0.1806417792,0.17776344552883577,0.18112695271046533,-0.00048517351046534207
SiC_15deg,15.0,7.465,1830.115,0.1810420629,0.1780412090922981,0.18142527602396807,-0.00038321312396807916
SiC_15deg,15.0,7.465,1833.008,0.1816615877,0.17827552767738022,0.1816769386101102,-1.5350910110206728e-05
SiC_15deg,15.0,7.465,1835.9,0.1819763278,0.17846590333736762,0.1818814056647151,9.492213528489168e-05
SiC_15deg,15.0,7.465,1838.793,0.1823031469,0.17861226249694956,0.1820385981665095,0.0002645487334904939
SiC_15deg,15.0,7.465,1841.686,0.18255058340000002,0.17871455925945381,0.18214846682160044,0.00040211657839958614
SiC_15deg,15.0,7.465,1844.578,0.1827793471,0.17877303873385364,0.18221127488165478,0.0005680722183452058
SiC_15deg,15.0,7.465,1847.471,0.182928714,0.178788225721826,0.182227585993586,0.0007011280064140035
SiC_15deg,15.0,7.465,1850.364,0.18315546779999997,0.178760799170102,0.18219812935900703,0.0009573384409929386
SiC_15deg,15.0,7.465,1853.257,0.1830536176,0.17869168267340904,0.18212389693609982,0.0009297206639001798
SiC_15deg,15.0,7.465,1856.149,0.18316993750000002,0.1785820552071235,0.18200615496668687,0.0011637825333131457
SiC_15deg,15.0,7.465,1859.042,0.18320856,0.17843317822812615,0.18184625827928427,0.0013623017207157195
SiC_15deg,15.0,7.465,1861.935,0.1831771415,0.17824661584076962,0.18164588675150925,0.0015312547484907513
SiC_15deg,15.0,7.465,1864.827,0.1832349177,0.17802417081899388,0.18140697659662378,0.0018279411033762238
SiC_15deg,15.0,7.465,1867.72,0.18339447020000002,0.17776758573094098,0.18113139936572567,0.00226307083427435
SiC_15deg,15.0,7.465,1870.613,0.1828256241,0.1774789950589295,0.1808214475331408,0.002004176566859195
SiC_15deg,15.0,7.465,1873.505,0.1825656283,0.17716073304565672,0.1804796281196148,0.0020860001803852113
SiC_15deg,15.0,7.465,1876.398,0.18237172910000002,0.17681494199865466,0.1801082420039005,0.0022634870960995257
SiC_15deg,15.0,7.465,1879.291,0.1818899455,0.17644422128349796,0.17971008095372137,0.002179864546278637
SiC_15deg,15.0,7.465,1882.184,0.18167510450000002,0.17605118332082625,0.1792879507581873,0.0023871537418127253
SiC_15deg,15.0,7.465,1885.076,0.18096827399999998,0.17563869052527908,0.17884492570468588,0.0021233482953141036
SiC_15deg,15.0,7.465,1887.969,0.1808295733,0.1752092634625544,0.17838371292838465,0.0024458603716153438
SiC_15deg,15.0,7.465,1890.862,0.18013977539999998,0.17476592323133786,0.17790755714633397,0.002232218253666013
SiC_15deg,15.0,7.465,1893.754,0.1796949429,0.1743117698612443,0.1774197878488929,0.0022751550511070917
SiC_15deg,15.0,7.465,1896.647,0.17902458719999997,0.17384947387421698,0.17692327322706877,0.0021013139729312014
SiC_15deg,15.0,7.465,1899.54,0.1785991963,0.17338220402227833,0.17642141658038452,0.002177779719615497
SiC_15deg,15.0,7.465,1902.432,0.17802097220000002,0.17291314762597415,0.17591764115130779,0.0021033310486922308
SiC_15deg,15.0,7.465,1905.325,0.1774665625,0.1724449998267958,0.17541484157270557,0.0020517209272944426
SiC_15deg,15.0,7.465,1908.218,0.1768550135,0.1719809217749277,0.17491641297958316,0.0019386005204168333
SiC_15deg,15.0,7.465,1911.111,0.1762443393,0.17152387480613634,0.17442553590248694,0.001818803397513058
SiC_15deg,15.0,7.465,1914.003,0.1756618603,0.17107691857347235,0.17394549646658333,0.0017163638334166675
SiC_15deg,15.0,7.465,1916.896,0.17515761489999998,0.1706425799565599,0.173479008588316,0.0016786063116839833
SiC_15deg,15.0,7.465,1919.789,0.1743316355,0.1702237659660385,0.17302919445201875,0.0013024410479812454
SiC_15deg,15.0,7.465,1922.681,0.1740489881,0.16982326056080405,0.17259904408212867,0.001449944017871324
SiC_15deg,15.0,7.465,1925.574,0.1732777473,0.16944331838728902,0.1721909790114996,0.001086768288500406
SiC_15deg,15.0,7.465,1928.467,0.17257006270000003,0.16908648274986998,0.17180773079706937,0.0007623319029306519
SiC_15deg,15.0,7.465,1931.359,0.1718475647,0.16875512075197416,0.17145184175262826,0.0003957229473717516
SiC_15deg,15.0,7.465,1934.252,0.1713619992,0.1684511027604937,0.1711253206875455,0.00023667851245451343
SiC_15deg,15.0,7.465,1937.145,0.1709457571,0.16817647923097884,0.17083036982981067,0.0001153872701893377
SiC_15deg,15.0,7.465,1940.038,0.17040146709999998,0.16793300203542677,0.1705688707230378,-0.0001674036230378262
SiC_15deg,15.0,7.465,1942.93,0.1700825849,0.1677223010036331,0.1703425738352113,-0.0002599889352112861
SiC_15deg,15.0,7.465,1945.823,0.1696211653,0.1675455953796911,0.17015278865751607,-0.0005316233575160811
SiC_15deg,15.0,7.465,1948.716,0.16919910430000001,0.16740412454104436,0.17000084630473578,-0.0008017420047357615
SiC_15deg,15.0,7.465,1951.608,0.169016159,0.16729886890876056,0.16988779976761503,-0.000871640767615034
SiC_15deg,15.0,7.465,1954.501,0.16865290179999998,0.16723049102769125,0.16981436063183847,-0.001161458831838491
SiC_15deg,15.0,7.465,1957.394,0.1684480132,0.1671995512703961,0.16978113074811935,-0.0013331175481193502
SiC_15deg,15.0,7.465,1960.286,0.1682858308,0.16720633888305708,0.16978842077232037,-0.0015025899723203617
SiC_15deg,15.0,7.465,1963.179,0.16803356390000002,0.16725093695274545,0.16983631994152534,-0.0018027560415253274
SiC_15deg,15.0,7.465,1966.072,0.16807504080000002,0.16733320957605913,0.16992468229291355,-0.0018496414929135285
SiC_15deg,15.0,7.465,1968.965,0.1678998776,0.16745280073232022,0.17005312545355247,-0.0021532478535524757
SiC_15deg,15.0,7.465,1971.857,0.1681988818,0.16760908214301617,0.17022097464045285,-0.0020220928404528493
SiC_15deg,15.0,7.465,1974.75,0.168300827,0.16780138753069057,0.17042751425904193,-0.0021266872590419428
SiC_15deg,15.0,7.465,1977.643,0.1683861224,0.16802869455891312,0.17067164630068393,-0.002285523900683928
SiC_15deg,15.0,7.465,1980.535,0.1685187694,0.16828974037289884,0.17095201443548722,-0.002433245035487225
SiC_15deg,15.0,7.465,1983.428,0.16873608180000002,0.1685833556603668,0.17126736279997629,-0.0025312809999762653
SiC_15deg,15.0,7.465,1986.321,0.16895010089999998,0.1689079323196435,0.1716159642625803,-0.0026658633625803174
SiC_15deg,15.0,7.465,1989.213,0.1694409088,0.1692616570763056,0.1719958713323199,-0.0025549625323198766
SiC_15deg,15.0,7.465,1992.106,0.16999786530000002,0.16964293826739196,0.17240537453311167,-0.0024075092331116432
SiC_15deg,15.0,7.465,1994.999,0.1699290484,0.17004968354062733,0.17284222663909213,-0.0029131782390921235
SiC_15deg,15.0,7.465,1997.892,0.1702992247,0.1704797928589557,0.17330417217079802,-0.0030049474707980195
SiC_15deg,15.0,7.465,2000.784,0.1708388117,0.170930895482706,0.17378866490904454,-0.002949853209044534
SiC_15deg,15.0,7.465,2003.677,0.17130138460000002,0.17140099550770915,0.17429356121505582,-0.002992176615055797
SiC_15deg,15.0,7.465,2006.57,0.17194348099999998,0.1718875492307339,0.17481612910351657,-0.0028726481035165896
SiC_15deg,15.0,7.465,2009.462,0.1722189492,0.17238792220794608,0.17535353913199,-0.003134589931990006
SiC_15deg,15.0,7.465,2012.355,0.1729220425,0.17289994865922617,0.17590346521172093,-0.0029814227117209158
SiC_15deg,15.0,7.465,2015.248,0.17365829479999997,0.1734209068455012,0.17646298414353728,-0.002804689343537309
SiC_15deg,15.0,7.465,2018.14,0.1741929403,0.17394803895643196,0.17702913398704578,-0.002836193687045796
SiC_15deg,15.0,7.465,2021.033,0.1748494717,0.17447912634579965,0.17759953187430208,-0.0027500601743020714
SiC_15deg,15.0,7.465,2023.926,0.1756191591,0.1750114088377358,0.17817121332428978,-0.0025520542242897792
SiC_15deg,15.0,7.465,2026.819,0.1762407271,0.175542326608333,0.17874142903778284,-0.0025007019377828454
SiC_15deg,15.0,7.465,2029.711,0.17674438850000002,0.1760691711905023,0.17930727006997077,-0.002562881569970754
SiC_15deg,15.0,7.465,2032.604,0.17744327389999998,0.17658982601982115,0.17986646319068644,-0.002423189290686467
SiC_15deg,15.0,7.465,2035.497,0.1784513503,0.17710168464498766,0.1804162090220015,-0.0019648587220015
SiC_15deg,15.0,7.465,2038.389,0.1791042935,0.17760222285120636,0.18095379650954876,-0.001849503009548753
SiC_15deg,15.0,7.465,2041.282,0.1797107082,0.17808951556994396,0.1814771580933631,-0.0017664498933630812
SiC_15deg,15.0,7.465,2044.175,0.18049824399999997,0.17856120791299251,0.18198376457903057,-0.0014855205790305914
SiC_15deg,15.0,7.465,2047.067,0.1810401634,0.1790150686026956,0.18247121953220416,-0.0014310561322041504
SiC_15deg,15.0,7.465,2049.96,0.1817089214,0.1794494458257884,0.18293774887423842,-0.0012288274742384142
SiC_15deg,15.0,7.465,2052.853,0.1824215388,0.17986233312545397,0.18338119763261432,-0.000959658832614313
SiC_15deg,15.0,7.465,2055.746,0.1831556327,0.18025201186103568,0.1837997199548053,-0.0006440872548053034
SiC_15deg,15.0,7.465,2058.638,0.1835149469,0.18061677644962856,0.18419148401255672,-0.0006765371125567188
SiC_15deg,15.0,7.465,2061.531,0.1840073971,0.1809554366189219,0.18455521143092524,-0.0005478143309252392
SiC_15deg,15.0,7.465,2064.424,0.18445188869999998,0.1812665653737578,0.18488936959015845,-0.0004374808901584648
SiC_15deg,15.0,7.465,2067.316,0.185189518,0.18154892485731583,0.18519262900865083,-3.1110086508301382e-06
SiC_15deg,15.0,7.465,2070.209,0.18534784099999999,0.18180172045344295,0.18546413625364544,-0.00011629525364545423
SiC_15deg,15.0,7.465,2073.102,0.1855869019,0.18202401766097326,0.18570288765323945,-0.00011598575323945592
SiC_15deg,15.0,7.465,2075.994,0.1861068302,0.1822150848068469,0.18590809737674685,0.00019873282325313935
SiC_15deg,15.0,7.465,2078.887,0.1864255973,0.18237454558062055,0.18607936125964386,0.00034623604035613487
SiC_15deg,15.0,7.465,2081.78,0.18679515940000002,0.18250198333020012,0.18621623180971178,0.0005789275902882418
SiC_15deg,15.0,7.465,2084.673,0.1868903982,0.18259721658842512,0.18631851412779268,0.0005718840722073182
SiC_15deg,15.0,7.465,2087.565,0.18689879390000003,0.18266021088579903,0.18638617119299633,0.0005126227070036959
SiC_15deg,15.0,7.465,2090.458,0.18713481529999998,0.1826911535202277,0.18641940416681116,0.0007154111331888202
SiC_15deg,15.0,7.465,2093.351,0.1874762077,0.182690321072773,0.18641851010252172,0.0010576975974782854
SiC_15deg,15.0,7.465,2096.243,0.18718372590000001,0.1826581915660741,0.18638400240547123,0.0007997234945287812
SiC_15deg,15.0,7.465,2099.136,0.1873587011,0.18259535857521206,0.18631651858650808,0.0010421825134919183
SiC_15deg,15.0,7.465,2102.029,0.1874690169,0.18250259434791344,0.18621688805427666,0.0012521288457233437
SiC_15deg,15.0,7.465,2104.921,0.187309638,0.18238085847240523,0.1860861414246573,0.0012234965753427085
SiC_15deg,15.0,7.465,2107.814,0.1871997052,0.1822311199895582,0.18592531946584823,0.001274385734151784
SiC_15deg,15.0,7.465,2110.707,0.1869304571,0.18205460478111843,0.18573573879799893,0.0011947183020010743
SiC_15deg,15.0,7.465,2113.6,0.1870303154,0.181852630519573,0.18551881462624856,0.0015115007737514508
SiC_15deg,15.0,7.465,2116.492,0.1865782385,0.18162671901307972,0.18527618140130214,0.0013020570986978508
SiC_15deg,15.0,7.465,2119.385,0.1864726526,0.1813782678931049,0.18500934020575271,0.0014633123942472959
SiC_15deg,15.0,7.465,2122.278,0.1861965265,0.1811090121610677,0.1847201544638948,0.001476372036105178
SiC_15deg,15.0,7.465,2125.17,0.185780158,0.1808208137020016,0.18441062387542131,0.0013695341245786863
SiC_15deg,15.0,7.465,2128.063,0.185522644,0.18051532107902105,0.18408251902825493,0.0014401249717450604
SiC_15deg,15.0,7.465,2130.956,0.18530763239999998,0.18019455903981177,0.1837380145396531,0.0015696178603468725
SiC_15deg,15.0,7.465,2133.848,0.18500764690000002,0.17986064349304806,0.18337938293549694,0.0016282639645030794
SiC_15deg,15.0,7.465,2136.741,0.1846954357,0.1795154012486363,0.18300858624413027,0.0016868494558697211
SiC_15deg,15.0,7.465,2139.634,0.1840779305,0.17916105336429058,0.182628009923489,0.001449920576510999
SiC_15deg,15.0,7.465,2142.527,0.18375878969999998,0.17879974628405348,0.18223995929501643,0.0015188304049835455
SiC_15deg,15.0,7.465,2145.419,0.1829661737,0.17843378121369952,0.18184690589717914,0.0011192678028208725
SiC_15deg,15.0,7.465,2148.312,0.18276485999999997,0.17806509494049907,0.18145092987608719,0.0013139301239127876
SiC_15deg,15.0,7.465,2151.205,0.1820744454,0.17769600887318326,0.1810545244685641,0.0010199209314359081
SiC_15deg,15.0,7.465,2154.097,0.1816608073,0.1773288385945887,0.18066017665431267,0.0010006306456873393
SiC_15deg,15.0,7.465,2156.99,0.1811498487,0.17696550089079283,0.18026994509778396,0.0008799036022160422
SiC_15deg,15.0,7.465,2159.883,0.1804351468,0.17660826521171907,0.1798862672310607,0.0005488795689393144
SiC_15deg,15.0,7.465,2162.775,0.18012886129999997,0.17625935199147325,0.17951152784231156,0.0006173334576884126
SiC_15deg,15.0,7.465,2165.668,0.17943857770000002,0.175920569022095,0.17914766853433242,0.0002909091656675966
SiC_15deg,15.0,7.465,2168.561,0.1786577904,0.17559402547857417,0.17879695460090006,-0.00013916420090007153
SiC_15deg,15.0,7.465,2171.454,0.1783610846,0.17528163502920863,0.1784614413579114,-0.0001003567579113962
SiC_15deg,15.0,7.465,2174.346,0.1780966065,0.1749853272599323,0.17814320121710503,-4.659471710502516e-05
SiC_15deg,15.0,7.465,2177.239,0.177503855,0.17470663347562285,0.17784387882884264,-0.00034002382884265603
SiC_15deg,15.0,7.465,2180.132,0.1770433878,0.17444729303738923,0.17756534229980797,-0.0005219544998079639
SiC_15deg,15.0,7.465,2183.024,0.1765383606,0.17420890719557203,0.17730931140311082,-0.0007709508031108203
SiC_15deg,15.0,7.465,2185.917,0.17619380280000002,0.17399271374170347,0.17707711555023606,-0.0008833127502360372
SiC_15deg,15.0,7.465,2188.81,0.17587869090000002,0.17380007488200827,0.17687021777639805,-0.00099152687639803
SiC_15deg,15.0,7.465,2191.702,0.1752962729,0.17363218667999164,0.17668990267639248,-0.0013936297763924854
SiC_15deg,15.0,7.465,2194.595,0.174837515,0.17348993557101325,0.17653712229853838,-0.0016996072985383803
SiC_15deg,15.0,7.465,2197.488,0.1750358924,0.17337424211890326,0.1764128653457768,-0.0013769729457767943
SiC_15deg,15.0,7.465,2200.381,0.1743176772,0.17328581561586587,0.17631789361133204,-0.002000216411332051
SiC_15deg,15.0,7.465,2203.273,0.1742906358,0.17322522923383843,0.17625282269269077,-0.0019621868926907593
SiC_15deg,15.0,7.465,2206.166,0.17406588930000003,0.17319284345207964,0.17621803975138547,-0.0021521504513854484
SiC_15deg,15.0,7.465,2209.059,0.1737502522,0.1731889304923926,0.17621383715877437,-0.0024635849587743563
SiC_15deg,15.0,7.465,2211.951,0.1737671402,0.17321356672136967,0.17624029693402005,-0.0024731567340200433
SiC_15deg,15.0,7.465,2214.844,0.17347535870000003,0.173266702833763,0.17629736612235505,-0.0028220074223550273
SiC_15deg,15.0,7.465,2217.737,0.1735974092,0.17334811404810568,0.17638480330423828,-0.0027873941042382833
SiC_15deg,15.0,7.465,2220.629,0.1736239825,0.17345738401115585,0.176502161308424,-0.0028781788084240034
SiC_15deg,15.0,7.465,2223.522,0.17384895369999998,0.17359406521649842,0.17664895950456996,-0.0028000058045699883
SiC_15deg,15.0,7.465,2226.415,0.17379431180000002,0.17375745605553577,0.17682444435179048,-0.0030301325517904654
SiC_15deg,15.0,7.465,2229.308,0.17398669160000002,0.1739467473393384,0.1770277467658915,-0.003041055165891482
SiC_15deg,15.0,7.465,2232.2,0.1741140991,0.17416091670662914,0.17725776871155113,-0.003143669611551131
SiC_15deg,15.0,7.465,2235.093,0.1742722246,0.17439903994899325,0.1775135175714757,-0.003241292971475712
SiC_15deg,15.0,7.465,2237.986,0.1743604657,0.17465985319132096,0.1777936359199255,-0.0034331702199255076
SiC_15deg,15.0,7.465,2240.878,0.1748186789,0.1749419475173584,0.1780966105542325,-0.003277931654232513
SiC_15deg,15.0,7.465,2243.771,0.1751154717,0.17524410511043767,0.17842113351629357,-0.003305661816293576
SiC_15deg,15.0,7.465,2246.664,0.1752068428,0.17556472204061546,0.17876548215505478,-0.0035586393550547657
SiC_15deg,15.0,7.465,2249.556,0.1754215868,0.17590208143606245,0.17912781251774354,-0.0037062257177435387
SiC_15deg,15.0,7.465,2252.449,0.1757482271,0.17625474170199357,0.17950657630433214,-0.0037583492043321565
SiC_15deg,15.0,7.465,2255.342,0.1764535918,0.17662084563086272,0.17989977883883745,-0.0034461870388374505
SiC_15deg,15.0,7.465,2258.235,0.17665200779999998,0.17699859197586865,0.18030548554817338,-0.0036534777481734004
SiC_15deg,15.0,7.465,2261.127,0.1768824735,0.17738599648633066,0.18072156530963068,-0.0038390918096306847
SiC_15deg,15.0,7.465,2264.02,0.1771509528,0.17778144164134513,0.18114628087520745,-0.003995328075207444
SiC_15deg,15.0,7.465,2266.913,0.1778766602,0.17818288236618918,0.18157743579602437,-0.0037007755960243582
SiC_15deg,15.0,7.465,2269.805,0.1782931944,0.17858824899629525,0.18201280721324442,-0.0037196128132444273
SiC_15deg,15.0,7.465,2272.698,0.17867057790000002,0.17899588742580422,0.1824506185859325,-0.0037800406859324898
SiC_15deg,15.0,7.465,2275.591,0.1789444721,0.17940372728149484,0.18288864629414417,-0.003944174194144168
SiC_15deg,15.0,7.465,2278.483,0.17961486019999998,0.17980971209798582,0.18332468165521779,-0.00370982145521781
SiC_15deg,15.0,7.465,2281.376,0.1803172919,0.18021223052913687,0.18375699405296392,-0.0034397021529639082
SiC_15deg,15.0,7.465,2284.269,0.1806270049,0.18060928253326047,0.18418343540483376,-0.0035564305048337574
SiC_15deg,15.0,7.465,2287.162,0.1809693521,0.18099905139297418,0.18460205452204476,-0.003632702422044748
SiC_15deg,15.0,7.465,2290.054,0.1811766266,0.1813796418481664,0.18501081585943976,-0.003834189259439763
SiC_15deg,15.0,7.465,2292.947,0.1812796214,0.18174961181268576,0.18540817058925432,-0.004128549189254316
SiC_15deg,15.0,7.465,2295.84,0.18131305730000002,0.18210718980426727,0.1857922161060765,-0.0044791588060764664
SiC_15deg,15.0,7.465,2298.732,0.1814975754,0.18245069644897483,0.18616114873057915,-0.004663573330579152
SiC_15deg,15.0,7.465,2301.625,0.1819784894,0.18277888855153304,0.18651363324755532,-0.004535143847555323
SiC_15deg,15.0,7.465,2304.518,0.1820638683,0.1830902521352114,0.18684804361740076,-0.004784175317400774
SiC_15deg,15.0,7.465,2307.41,0.18171534260000002,0.18338339086803374,0.18716288015319935,-0.005447537553199322
SiC_15deg,15.0,7.465,2310.303,0.182126667,0.18365730944215508,0.18745707387552646,-0.005330406875526467
SiC_15deg,15.0,7.465,2313.196,0.1831221523,0.18391080966818912,0.18772933790635005,-0.004607185606350039
SiC_15deg,15.0,7.465,2316.089,0.18387137769999998,0.18414290703470212,0.18797861486179496,-0.00410723716179498
SiC_15deg,15.0,7.465,2318.981,0.18419013629999997,0.18435266133718217,0.18820389494445702,-0.0040137586444570494
SiC_15deg,15.0,7.465,2321.874,0.18403756959999998,0.18453946233805962,0.18840452274766042,-0.004366953147660446
SiC_15deg,15.0,7.465,2324.767,0.1836668264,0.18470259686620316,0.18857973231213984,-0.004912905912139831
SiC_15deg,15.0,7.465,2327.659,0.1835082607,0.18484150526802787,0.18872892255937446,-0.005220661859374448
SiC_15deg,15.0,7.465,2330.552,0.1837903399,0.18495589029374238,0.18885177423747398,-0.005061434337473997
SiC_15deg,15.0,7.465,2333.445,0.183317741,0.185045429694787,0.1889479412453987,-0.005630200245398703
SiC_15deg,15.0,7.465,2336.337,0.1837982676,0.18510995935166677,0.1890172473157112,-0.005218979715711197
SiC_15deg,15.0,7.465,2339.23,0.18489825589999997,0.18514950151839565,0.1890597163496428,-0.004161460449642829
SiC_15deg,15.0,7.465,2342.123,0.1849079867,0.1851641302867944,0.1890754279232084,-0.00416744122320839
SiC_15deg,15.0,7.465,2345.016,0.18459396120000002,0.18515406833631942,0.1890646211983501,-0.004470659998350085
SiC_15deg,15.0,7.465,2347.908,0.1847479368,0.18511967464266504,0.1890276817217439,-0.004279744921743878
SiC_15deg,15.0,7.465,2350.801,0.18453008359999998,0.185061386215087,0.18896507884958458,-0.0044349952495846
SiC_15deg,15.0,7.465,2353.694,0.18447809629999998,0.18497978696222112,0.18887743971077578,-0.004399343410775802
SiC_15deg,15.0,7.465,2356.586,0.18472204139999998,0.18487560499671338,0.18876554631205175,-0.004043504912051771
SiC_15deg,15.0,7.465,2359.479,0.1846640322,0.1847495646435097,0.1886301765920853,-0.0039661443920853134
SiC_15deg,15.0,7.465,2362.372,0.1850687701,0.1846025988136802,0.1884723325149864,-0.003403562414986405
SiC_15deg,15.0,7.465,2365.264,0.18556959809999998,0.18443576879374463,0.1882931539225226,-0.002723555822522622
SiC_15deg,15.0,7.465,2368.157,0.1848943325,0.1842500535970561,0.18809369229352657,-0.0031993597935265627
SiC_15deg,15.0,7.465,2371.05,0.184963322,0.18404669113948197,0.18787527717302138,-0.002911955173021369
SiC_15deg,15.0,7.465,2373.943,0.1854332935,0.18382694803842126,0.18763926893201718,-0.002205975432017171
SiC_15deg,15.0,7.465,2376.835,0.1855585741,0.18359225119908307,0.18738720009365967,-0.001828625993659655
SiC_15deg,15.0,7.465,2379.728,0.18570070619999998,0.18334385123067992,0.18712041383586436,-0.0014197076358643812
SiC_15deg,15.0,7.465,2382.621,0.1859870898,0.18308330308876075,0.1868405802102605,-0.0008534904102605045
SiC_15deg,15.0,7.465,2385.513,0.186611036,0.18281223415836284,0.18654944705911589,6.158894088412192e-05
SiC_15deg,15.0,7.465,2388.406,0.1869463914,0.182532036579243,0.18624850956682373,0.0006978818331762615
SiC_15deg,15.0,7.465,2391.299,0.1868033689,0.18224442257918697,0.18593960669836623,0.0008637622016337554
SiC_15deg,15.0,7.465,2394.191,0.1865881645,0.18195114671338347,0.1856246228791557,0.0009635416208442771
SiC_15deg,15.0,7.465,2397.084,0.1862741325,0.18165368183750885,0.1853051399840076,0.0009689925159923896
SiC_15deg,15.0,7.465,2399.977,0.1859094473,0.18135382000322028,0.18498308271024963,0.0009263645897503725
SiC_15deg,15.0,7.465,2402.869,0.18536171329999998,0.18105336341694866,0.18466038666162832,0.0007013266383716632
SiC_15deg,15.0,7.465,2405.762,0.18511437730000002,0.18075380043008854,0.18433865035565306,0.0007757269443469661
SiC_15deg,15.0,7.465,2408.655,0.1847110266,0.1804569211364766,0.18401979638691543,0.0006912302130845649
SiC_15deg,15.0,7.465,2411.548,0.1841710015,0.180164392739594,0.183705615363444,0.00046538613655597305
SiC_15deg,15.0,7.465,2414.44,0.18368065890000002,0.17987795269097384,0.18339797334100197,0.00028268555899804704
SiC_15deg,15.0,7.465,2417.333,0.18333128080000002,0.17959900605163515,0.18309837938166232,0.0002329014183377054
SiC_15deg,15.0,7.465,2420.226,0.18276575080000002,0.1793292123152087,0.18280861581292865,-4.286501292863343e-05
SiC_15deg,15.0,7.465,2423.118,0.18263961720000002,0.17907016598470313,0.1825303951611489,0.00010922203885110893
SiC_15deg,15.0,7.465,2426.011,0.1820284066,0.17882313424827112,0.18226507841033351,-0.00023667181033351636
SiC_15deg,15.0,7.465,2428.904,0.1815196817,0.17858958765353355,0.18201424495640267,-0.0004945632564026803
SiC_15deg,15.0,7.465,2431.796,0.18123468169999998,0.17837090328064042,0.1817793738094475,-0.0005446921094475199
SiC_15deg,15.0,7.465,2434.689,0.1807724332,0.17816815206332093,0.18156161517252078,-0.000789181972520786
SiC_15deg,15.0,7.465,2437.582,0.18059510629999997,0.1779825467917478,0.18136227160517493,-0.000767165305174955
SiC_15deg,15.0,7.465,2440.475,0.18015071670000002,0.17781512816543185,0.18118246083834114,-0.0010317441383411174
SiC_15deg,15.0,7.465,2443.367,0.1799853733,0.17766688555680712,0.1810232454767006,-0.0010378721767005938
SiC_15deg,15.0,7.465,2446.26,0.1795025412,0.1775385537788382,0.18088541472325628,-0.0013828735232562783
SiC_15deg,15.0,7.465,2449.153,0.1791747695,0.17743091688084517,0.18076981066178696,-0.0015950411617869642
SiC_15deg,15.0,7.465,2452.045,0.1790499016,0.177344618648787,0.18067712473057226,-0.0016272231305722584
SiC_15deg,15.0,7.465,2454.938,0.1788236623,0.1772801022796199,0.18060783293151414,-0.0017841706315141481
SiC_15deg,15.0,7.465,2457.831,0.1789716711,0.17723778739532026,0.180562385946541,-0.001590714846540997
SiC_15deg,15.0,7.465,2460.724,0.1787050828,0.17721794146676131,0.18054107104442266,-0.0018359882444226594
SiC_15deg,15.0,7.465,2463.616,0.178448596,0.1772207075598739,0.18054404188067102,-0.0020954458806710374
SiC_15deg,15.0,7.465,2466.509,0.1785505912,0.1772461157523856,0.1805713307593336,-0.002020739559333601
SiC_15deg,15.0,7.465,2469.402,0.1784304309,0.17729407784094675,0.18062284294834685,-0.002192412048346859
SiC_15deg,15.0,7.465,2472.294,0.1783492129,0.17736435629161618,0.18069832333177155,-0.0023491104317715505
SiC_15deg,15.0,7.465,2475.187,0.17842400749999998,0.17745667394807924,0.18079747423849082,-0.0023734667384908426
SiC_15deg,15.0,7.465,2478.08,0.1783960263,0.17757057048615038,0.1809198012716349,-0.00252377497163489
SiC_15deg,15.0,7.465,2480.972,0.1784369415,0.17770544486199225,0.18106465889877008,-0.002627717398770074
SiC_15deg,15.0,7.465,2483.865,0.17876512479999998,0.17786073240520123,0.18123144065321745,-0.0024663158532174656
SiC_15deg,15.0,7.465,2486.758,0.1786701049,0.17803562890089153,0.18141928279299988,-0.002749177892999888
SiC_15deg,15.0,7.465,2489.651,0.17871500820000003,0.1782292749021697,0.18162726225592066,-0.0029122540559206322
SiC_15deg,15.0,7.465,2492.543,0.1789684019,0.17844064194804093,0.18185427445544605,-0.002885872555446062
SiC_15deg,15.0,7.465,2495.436,0.1789368362,0.17866883691192548,0.18209936015676018,-0.0031625239567601715
SiC_15deg,15.0,7.465,2498.329,0.17906813,0.17891266913822154,0.18236124057325787,-0.0032931105732578736
SiC_15deg,15.0,7.465,2501.221,0.17937358490000002,0.17917085199150495,0.1826385338341918,-0.0032649489341917692
SiC_15deg,15.0,7.465,2504.114,0.1795356744,0.17944230188624816,0.18293007614823886,-0.003394401748238851
SiC_15deg,15.0,7.465,2507.007,0.1797449992,0.17972560919130212,0.18323435354492013,-0.0034893543449201203
SiC_15deg,15.0,7.465,2509.899,0.1804800529,0.1800192950838601,0.1835497777406095,-0.0030697248406094946
SiC_15deg,15.0,7.465,2512.792,0.18088935500000003,0.18032214226642312,0.1838750413348009,-0.002985686334800869
SiC_15deg,15.0,7.465,2515.685,0.18102526149999998,0.18063259271580656,0.18420847098116647,-0.003183209481166488
SiC_15deg,15.0,7.465,2518.578,0.18123068020000002,0.18094915872132739,0.18454846885033302,-0.003317788650332998
SiC_15deg,15.0,7.465,2521.47,0.1817802295,0.18127021937332025,0.18489329405470453,-0.003113064554704531
SiC_15deg,15.0,7.465,2524.363,0.1819438724,0.18159447426590086,0.18524154993379952,-0.0032976775337995035
SiC_15deg,15.0,7.465,2527.256,0.1826494217,0.18192028452124187,0.18559147630187656,-0.002942054601876548
SiC_15deg,15.0,7.465,2530.148,0.1829525843,0.1822460112539731,0.18594131296509311,-0.0029887286650931155
SiC_15deg,15.0,7.465,2533.041,0.18327990360000002,0.18257036359719167,0.1862896735080139,-0.0030097699080138818
SiC_15deg,15.0,7.465,2535.934,0.18343518,0.18289172969483392,0.18663482676678206,-0.003199646766782055
SiC_15deg,15.0,7.465,2538.826,0.1841492899,0.18320852659256814,0.18697507261854684,-0.002825782718546832
SiC_15deg,15.0,7.465,2541.719,0.18476578230000001,0.1835195313720856,0.18730909762594644,-0.002543315325946427
SiC_15deg,15.0,7.465,2544.612,0.1851973439,0.1838232300349033,0.187635275726014,-0.0024379318260139837
SiC_15deg,15.0,7.465,2547.505,0.1857270819,0.18411826440809528,0.18795214821537407,-0.002225066315374058
SiC_15deg,15.0,7.465,2550.397,0.18605945729999998,0.1844032313744125,0.18825820811959942,-0.002198750819599443
SiC_15deg,15.0,7.465,2553.29,0.186670478,0.18467707959140872,0.18855232627704527,-0.0018818482770452671
SiC_15deg,15.0,7.465,2556.183,0.1870297355,0.18493852323471277,0.18883312168805055,-0.0018033861880505653
SiC_15deg,15.0,7.465,2559.075,0.1874861586,0.18518636210745554,0.18909930531850874,-0.0016131467185087345
SiC_15deg,15.0,7.465,2561.968,0.1877850578,0.18541972432095027,0.18934994074350223,-0.0015648829435022382
SiC_15deg,15.0,7.465,2564.861,0.1882440185,0.1856375560169311,0.1895838960993484,-0.0013398775993483936
SiC_15deg,15.0,7.465,2567.753,0.1883907044,0.18583890662166996,0.189800150451909,-0.0014094460519090135
SiC_15deg,15.0,7.465,2570.646,0.188822138,0.18602311721495324,0.18999799610842913,-0.0011758581084291286
SiC_15deg,15.0,7.465,2573.539,0.1893990673,0.18618940556828004,0.19017659294072423,-0.0007775256407242248
SiC_15deg,15.0,7.465,2576.432,0.18948487400000003,0.18633715341247917,0.19033527691602667,-0.0008504029160266435
SiC_15deg,15.0,7.465,2579.324,0.1896911451,0.18646579511454175,0.19047344053380133,-0.0007822954338013166
SiC_15deg,15.0,7.465,2582.217,0.1899033112,0.18657499089659807,0.19059071886619855,-0.0006874076661985418
SiC_15deg,15.0,7.465,2585.11,0.1903016925,0.18666436115792429,0.19068670421487102,-0.00038501171487101415
SiC_15deg,15.0,7.465,2588.002,0.1903849917,0.18673365170695094,0.19076112357327207,-0.00037613187327206754
SiC_15deg,15.0,7.465,2590.895,0.19061664960000002,0.18678277539709287,0.19081388334432323,-0.00019723374432320528
SiC_15deg,15.0,7.465,2593.788,0.1905900653,0.18681166841192065,0.1908449149879739,-0.0002548496879739015
SiC_15deg,15.0,7.465,2596.68,0.1910396563,0.18682039324186064,0.19085428562012235,0.00018537067987764444
SiC_15deg,15.0,7.465,2599.573,0.1911623631,0.18680911555419977,0.1908421731705638,0.00032018992943622093
SiC_15deg,15.0,7.465,2602.466,0.19105273109999998,0.1867780849900121,0.190808845758527,0.00024388534147298802
SiC_15deg,15.0,7.465,2605.359,0.19107805500000002,0.18672765255531912,0.19075468037110868,0.00032337462889134305
SiC_15deg,15.0,7.465,2608.251,0.1912726082,0.18665828930695688,0.1906801829322481,0.0005924252677519115
SiC_15deg,15.0,7.465,2611.144,0.1912392944,0.18657048138450205,0.19058587556503262,0.0006534188349673897
SiC_15deg,15.0,7.465,2614.037,0.1912692604,0.18646487137304088,0.19047244841798194,0.0007968119820180586
SiC_15deg,15.0,7.465,2616.929,0.1911090375,0.1863422107952406,0.1903407086406353,0.0007683288593647031
SiC_15deg,15.0,7.465,2619.822,0.1912380535,0.18620320163702064,0.1901914101791291,0.0010466433208708992
SiC_15deg,15.0,7.465,2622.715,0.19108253439999998,0.18604874729472226,0.19002552329819702,0.0010570111018029515
SiC_15deg,15.0,7.465,2625.607,0.190808894,0.18587984503537078,0.18984411908146048,0.0009647749185395238
SiC_15deg,15.0,7.465,2628.5,0.1906187962,0.18569738217335882,0.18964815052133657,0.0009706456786634232
SiC_15deg,15.0,7.465,2631.393,0.1906179543,0.18550248207228176,0.1894388241315446,0.0011791301684554167
SiC_15deg,15.0,7.465,2634.286,0.1904381913,0.1852962699203641,0.18921734838548995,0.0012208429145100508
SiC_15deg,15.0,7.465,2637.178,0.1904040985,0.18507999956193444,0.188985069935664,0.0014190285643360112
SiC_15deg,15.0,7.465,2640.071,0.1900352483,0.1848547450146965,0.18874314229736636,0.0012921060026336306
SiC_15deg,15.0,7.465,2642.964,0.1896613573,0.18462184379662377,0.18849300199016328,0.0011683553098367216
SiC_15deg,15.0,7.465,2645.856,0.1893909585,0.18438267824967852,0.1882361336754317,0.0011548248245683013
SiC_15deg,15.0,7.465,2648.749,0.18904994339999998,0.1841384091744559,0.18797378407493578,0.001076159325064191
SiC_15deg,15.0,7.465,2651.642,0.18880628170000002,0.18389046616658922,0.18770748860138764,0.0010987930986123828
SiC_15deg,15.0,7.465,2654.534,0.18875068550000001,0.18364029855913,0.1874388038658593,0.001311881634140727
SiC_15deg,15.0,7.465,2657.427,0.18829877669999998,0.18338910344220538,0.18716901556575768,0.0011297611342422909
SiC_15deg,15.0,7.465,2660.32,0.1879616891,0.18313833856763556,0.18689968935407147,0.0010619997459285213
SiC_15deg,15.0,7.465,2663.213,0.187776396,0.18288936972729847,0.18663229211707438,0.001144103882925629
SiC_15deg,15.0,7.465,2666.105,0.1874502301,0.18264363435788927,0.186368367688927,0.001081862411072998
SiC_15deg,15.0,7.465,2668.998,0.1871159363,0.1824022958666714,0.1861091655910045,0.0010067707089955191
SiC_15deg,15.0,7.465,2671.891,0.1866003148,0.1821667474181229,0.18585618210827007,0.0007441326917299318
SiC_15deg,15.0,7.465,2674.783,0.186373375,0.18193834141662707,0.18561086974857538,0.0007625052514246278
SiC_15deg,15.0,7.465,2677.676,0.18609470250000001,0.18171815509918016,0.18537438548480104,0.0007203170151989791
SiC_15deg,15.0,7.465,2680.569,0.1856107316,0.18150745876999386,0.18514809364766363,0.0004626379523363644
SiC_15deg,15.0,7.465,2683.461,0.18517709289999998,0.1813074580744511,0.1849332891230764,0.00024380377692356792
SiC_15deg,15.0,7.465,2686.354,0.1848967419,0.18111909547439808,0.18473098413286332,0.00016575776713667612
SiC_15deg,15.0,7.465,2689.247,0.1847212491,0.18094346024709052,0.18454234858137095,0.00017890051862906597
SiC_15deg,15.0,7.465,2692.14,0.18419669049999998,0.18078150256078712,0.1843684029672558,-0.0001717124672558079
SiC_15deg,15.0,7.465,2695.032,0.1838173746,0.180634148058879,0.18421014144900327,-0.0003927668490032732
SiC_15deg,15.0,7.465,2697.925,0.1837801636,0.18050209462679564,0.18406831356874617,-0.00028814996874618193
SiC_15deg,15.0,7.465,2700.818,0.18358595260000002,0.18038611451263642,0.18394374873552932,-0.00035779613552930356
SiC_15deg,15.0,7.465,2703.71,0.18331266110000002,0.18028687294054446,0.18383716141264703,-0.0005245003126470027
SiC_15deg,15.0,7.465,2706.603,0.1830711747,0.18020484702426465,0.18374906402927293,-0.0006778893292729293
SiC_15deg,15.0,7.465,2709.496,0.1829333447,0.18014052932677682,0.18367998560735085,-0.000746640907350854
SiC_15deg,15.0,7.465,2712.388,0.1827354956,0.1800942952919622,0.18363032938070048,-0.000894833780700488
SiC_15deg,15.0,7.465,2715.281,0.1826545611,0.18006638118158025,0.18360034909891398,-0.0009457879989139828
SiC_15deg,15.0,7.465,2718.174,0.1824430142,0.18005697905282364,0.18359025103504378,-0.00114723683504378
SiC_15deg,15.0,7.465,2721.067,0.1822157649,0.18006616587991026,0.1836001178608538,-0.0013843529608538185
SiC_15deg,15.0,7.465,2723.959,0.18223497290000001,0.1800939098662693,0.18362991542622648,-0.0013949425262264614
SiC_15deg,15.0,7.465,2726.852,0.1821144834,0.18014011577091893,0.18367954144054832,-0.0015650580405483228
SiC_15deg,15.0,7.465,2729.745,0.18228818019999998,0.18020456831822468,0.18374876469372187,-0.0014605844937218837
SiC_15deg,15.0,7.465,2732.637,0.18219006969999998,0.18028693418183767,0.18383722718695264,-0.001647157486952655
SiC_15deg,15.0,7.465,2735.53,0.18213301810000002,0.18038687781271462,0.18394456853423036,-0.0018115504342303412
SiC_15deg,15.0,7.465,2738.423,0.1823678674,0.18050389288561944,0.18407024493268812,-0.0017023775326881208
SiC_15deg,15.0,7.465,2741.315,0.1822557396,0.18063736422616639,0.18421359567341627,-0.001957856073416281
SiC_15deg,15.0,7.465,2744.208,0.18232391499999998,0.18078673622827854,0.18437402402499406,-0.0020501090249940845
SiC_15deg,15.0,7.465,2747.101,0.18229249079999998,0.18095123947485672,0.1845507036189244,-0.00225821281892441
SiC_15deg,15.0,7.465,2749.994,0.1824778582,0.1811300741459091,0.18474277543342915,-0.0022649172334291423
SiC_15deg,15.0,7.465,2752.886,0.18269970659999998,0.18132230262147397,0.1849492324469599,-0.002249525846959921
SiC_15deg,15.0,7.465,2755.779,0.18311960559999998,0.18152712503909546,0.18516921559213143,-0.0020496099921314404
SiC_15deg,15.0,7.465,2758.672,0.18301170379999998,0.18174348525412654,0.18540159054964447,-0.002389886749644493
SiC_15deg,15.0,7.465,2761.564,0.18324949920000003,0.18197025784664303,0.18564514859724385,-0.002395649397243821
SiC_15deg,15.0,7.465,2764.457,0.1835580956,0.18220650703698693,0.185898884689902,-0.0023407890899020123
SiC_15deg,15.0,7.465,2767.35,0.18388538029999998,0.18245102158363716,0.1861614979313476,-0.0022761176313476073
SiC_15deg,15.0,7.465,2770.242,0.1839511435,0.18270254328713528,0.18643163699159762,-0.002480493491597624
SiC_15deg,15.0,7.465,2773.135,0.18414431820000002,0.1829600469686818,0.18670820080925807,-0.0025638826092580502
SiC_15deg,15.0,7.465,2776.028,0.1842882537,0.1832222243288785,0.18698978424606436,-0.002701530546064368
SiC_15deg,15.0,7.465,2778.921,0.1848374977,0.18348783621908937,0.1872750564329766,-0.0024375587329766024
SiC_15deg,15.0,7.465,2781.813,0.18510440679999998,0.18375554040175934,0.18756257578150873,-0.002458168981508746
SiC_15deg,15.0,7.465,2784.706,0.185498807,0.18402426900051877,0.1878511953722699,-0.00235238837226992
SiC_15deg,15.0,7.465,2787.599,0.1855693684,0.18429267874676997,0.18813947250941482,-0.002570104109414828
SiC_15deg,15.0,7.465,2790.491,0.1857650716,0.18455943538642092,0.1884259741788475,-0.0026609025788474905
SiC_15deg,15.0,7.465,2793.384,0.1860849111,0.1848234960045271,0.18870958027021917,-0.0026246691702191682
SiC_15deg,15.0,7.465,2796.277,0.1864300458,0.1850835609083829,0.18898889488901569,-0.0025588490890156856
SiC_15deg,15.0,7.465,2799.169,0.18712382170000003,0.185338362334589,0.18926255643340084,-0.0021387347334008155
SiC_15deg,15.0,7.465,2802.062,0.18713311359999998,0.1855869281527522,0.189529520816971,-0.0023964072169710138
SiC_15deg,15.0,7.465,2804.955,0.18738360320000003,0.18582805800966018,0.18978849883770404,-0.0024048956377040187
SiC_15deg,15.0,7.465,2807.848,0.1877639529,0.18606068314706667,0.190038342629057,-0.002274389729056997
SiC_15deg,15.0,7.465,2810.74,0.18842940800000002,0.18628370685243636,0.19027787430105245,-0.001848466301052426
SiC_15deg,15.0,7.465,2813.633,0.18838405160000002,0.18649631427819574,0.19050621869200576,-0.0021221670920057445
SiC_15deg,15.0,7.465,2816.526,0.18896442100000002,0.18669751353943415,0.19072231049878835,-0.0017578894987883287
SiC_15deg,15.0,7.465,2819.418,0.189101732,0.1868863887812242,0.19092516607590973,-0.0018234340759097356
SiC_15deg,15.0,7.465,2822.311,0.1893825006,0.18706228206746772,0.19111407878757347,-0.0017315781875734682
SiC_15deg,15.0,7.465,2825.204,0.1897132145,0.18722440446326638,0.19128820130279756,-0.001574986802797551
SiC_15deg,15.0,7.465,2828.096,0.1902717891,0.18737205636041526,0.1914467822291558,-0.0011749931291557825
SiC_15deg,15.0,7.465,2830.989,0.19008774760000002,0.18750476191641252,0.19158931050281358,-0.001501562902813558
SiC_15deg,15.0,7.465,2833.882,0.19045979710000002,0.18762196473160025,0.19171518854002922,-0.0012553914400292021
SiC_15deg,15.0,7.465,2836.775,0.1908070755,0.18772323925622753,0.19182395929233245,-0.0010168837923324459
SiC_15deg,15.0,7.465,2839.667,0.1909466359,0.18780821225931585,0.19191522190260288,-0.0009685860026028836
SiC_15deg,15.0,7.465,2842.56,0.19103967489999998,0.18787667595172033,0.1919887532013742,-0.0009490783013742232
SiC_15deg,15.0,7.465,2845.453,0.1914705095,0.1879284124126618,0.19204431913761358,-0.0005738096376135815
SiC_15deg,15.0,7.465,2848.345,0.1914037657,0.18796330820867813,0.1920817978816401,-0.0006780321816400869
SiC_15deg,15.0,7.465,2851.238,0.1914113305,0.1879813647366492,0.19210119093372924,-0.0006898604337292336
SiC_15deg,15.0,7.465,2854.131,0.19164172629999998,0.1879826255764172,0.19210254509945457,-0.0004608187994545876
SiC_15deg,15.0,7.465,2857.023,0.1917147069,0.18796723818012243,0.19208601874519982,-0.0003713118451998121
SiC_15deg,15.0,7.465,2859.916,0.1916293651,0.1879354108670076,0.19205183560976638,-0.0004224705097663761
SiC_15deg,15.0,7.465,2862.809,0.1918346174,0.1878874435542673,0.19200031780988605,-0.00016570040988606038
SiC_15deg,15.0,7.465,2865.702,0.1917394678,0.18782371050865004,0.19193186731511572,-0.00019239951511570985
SiC_15deg,15.0,7.465,2868.594,0.19171333019999998,0.18774469071900823,0.19184699856853,-0.0001336683685300155
SiC_15deg,15.0,7.465,2871.487,0.1919293489,0.1876508509373899,0.19174621287064433,0.0001831360293556572
SiC_15deg,15.0,7.465,2874.38,0.19185782289999997,0.18754280724532285,0.19163017190465606,0.0002276509953439143
SiC_15deg,15.0,7.465,2877.272,0.1917736017,0.18742126218910227,0.19149963021855576,0.00027397148144422956
SiC_15deg,15.0,7.465,2880.165,0.19179075510000002,0.1872868533738682,0.19135527261230678,0.00043548248769323394
SiC_15deg,15.0,7.465,2883.058,0.19152879890000002,0.18714040245754426,0.19119798156203843,0.0003308173379615864
SiC_15deg,15.0,7.465,2885.95,0.1914590905,0.186982803948945,0.19102871778711283,0.00043037271288717815
SiC_15deg,15.0,7.465,2888.843,0.19149120109999998,0.18681483893389939,0.19084832018846326,0.0006428809115367196
SiC_15deg,15.0,7.465,2891.736,0.19118388,0.18663749817385167,0.1906578528625942,0.0005260271374057934
SiC_15deg,15.0,7.465,2894.629,0.1910473396,0.18645176309238293,0.19045836987696865,0.0005889697230313518
SiC_15deg,15.0,7.465,2897.521,0.1910489472,0.1862587215169485,0.1902510395788203,0.0007979076211797054
SiC_15deg,15.0,7.465,2900.414,0.1907548928,0.18605929310024413,0.19003684969251464,0.0007180431074853555
SiC_15deg,15.0,7.465,2903.307,0.19056202200000003,0.1858546252380669,0.1898170325428095,0.0007449894571905369
SiC_15deg,15.0,7.465,2906.199,0.1907284418,0.18564589568209522,0.18959285305725262,0.0011355887427473843
SiC_15deg,15.0,7.465,2909.092,0.19024722189999999,0.18543408247598064,0.1893653616731989,0.00088186022680109
SiC_15deg,15.0,7.465,2911.985,0.19002743930000002,0.1852203920846747,0.18913585415679374,0.0008915851432062805
SiC_15deg,15.0,7.465,2914.877,0.18949318699999998,0.1850060402119536,0.18890563619685474,0.000587550803145237
SiC_15deg,15.0,7.465,2917.77,0.18946280510000002,0.18479202090381913,0.18867577541756322,0.0007870296824367962
SiC_15deg,15.0,7.465,2920.663,0.1890971052,0.184579546208954,0.18844757358209735,0.0006495316179026545
SiC_15deg,15.0,7.465,2923.556,0.1890714503,0.1843697438567446,0.18822224189311837,0.0008492084068816297
SiC_15deg,15.0,7.465,2926.448,0.18875988259999998,0.18416379614338058,0.18800105015906504,0.0007588324409349423
SiC_15deg,15.0,7.465,2929.341,0.1883718677,0.18396265079203067,0.18778501625252092,0.0005868514474790809
SiC_15deg,15.0,7.465,2932.234,0.18804398339999998,0.18376744335199222,0.18757535977487944,0.00046862362512054
SiC_15deg,15.0,7.465,2935.126,0.18800762110000002,0.1835792690195009,0.18737325698758353,0.0006343641124164912
SiC_15deg,15.0,7.465,2938.019,0.187640771,0.1833989914917853,0.18717963551777006,0.0004611354822299518
SiC_15deg,15.0,7.465,2940.912,0.1872329373,0.18322762890002608,0.18699558885755735,0.00023734844244266418
SiC_15deg,15.0,7.465,2943.804,0.1870040065,0.18306613998777338,0.18682214671562675,0.00018185978437323946
SiC_15deg,15.0,7.465,2946.697,0.18688430749999999,0.18291526590002477,0.1866601050957043,0.00022420240429568694
SiC_15deg,15.0,7.465,2949.59,0.1867760087,0.1827758613908264,0.18651038201977999,0.00026562668022001024
SiC_15deg,15.0,7.465,2952.483,0.1863969935,0.1826486637276841,0.18637376932708039,2.322417291961143e-05
SiC_15deg,15.0,7.465,2955.375,0.186245912,0.18253438382461257,0.18625103055268497,-5.11855268495176e-06
SiC_15deg,15.0,7.465,2958.268,0.1860979012,0.18243354927471644,0.18614273234155315,-4.4831141553153264e-05
SiC_15deg,15.0,7.465,2961.161,0.18571554110000002,0.18234673877901064,0.18604949622950534,-0.00033395512950532
SiC_15deg,15.0,7.465,2964.053,0.18568420880000003,0.18227443921061606,0.18597184512746937,-0.0002876363274693372
SiC_15deg,15.0,7.465,2966.946,0.1856509323,0.18221699017824072,0.1859101437816121,-0.0002592114816121205
SiC_15deg,15.0,7.465,2969.839,0.1853668798,0.18217473241105492,0.18586475814149805,-0.0004978783414980592
SiC_15deg,15.0,7.465,2972.731,0.18540467060000002,0.18214790776207002,0.1858359479618295,-0.0004312773618294907
SiC_15deg,15.0,7.465,2975.624,0.18522141720000002,0.18213665399412307,0.1858238612024955,-0.0006024440024954836
SiC_15deg,15.0,7.465,2978.517,0.1852691226,0.18214105995806884,0.18582859329099227,-0.0005594706909922698
SiC_15deg,15.0,7.465,2981.41,0.18492505,0.18216112295039444,0.18585014132369584,-0.0009250913236958369
SiC_15deg,15.0,7.465,2984.302,0.1851126883,0.18219674597452998,0.18588840112445817,-0.0007757128244581801
SiC_15deg,15.0,7.465,2987.195,0.1851536608,0.18224779315001266,0.1859432267550957,-0.000789565955095689
SiC_15deg,15.0,7.465,2990.088,0.1849993224,0.1823140168686787,0.18601435227976376,-0.0010150298797637625
SiC_15deg,15.0,7.465,2992.98,0.1851351688,0.18239507273194833,0.18610140780788273,-0.0009662390078827299
SiC_15deg,15.0,7.465,2995.873,0.1852038069,0.18249062916090977,0.18620403721743858,-0.001000230317438594
SiC_15deg,15.0,7.465,2998.766,0.1851906616,0.18260020137010732,0.18632171983969537,-0.001131058239695365
SiC_15deg,15.0,7.465,3001.658,0.185150567,0.18272321638903655,0.18645384029350912,-0.0013032732935091274
SiC_15deg,15.0,7.465,3004.551,0.18541336,0.1828591654993565,0.1865998522057731,-0.0011864922057731042
SiC_15deg,15.0,7.465,3007.444,0.18537900789999998,0.18300735209765884,0.1867590074112695,-0.0013799995112695196
SiC_15deg,15.0,7.465,3010.337,0.185665685,0.1831670610995993,0.18693053789590613,-0.0012648528959061378
SiC_15deg,15.0,7.465,3013.229,0.1857123447,0.18333746199499226,0.18711355167605717,-0.0014012069760571677
SiC_15deg,15.0,7.465,3016.122,0.18568010659999998,0.18351785254545389,0.18730729453443462,-0.001627187934434643
SiC_15deg,15.0,7.465,3019.015,0.18610874200000002,0.18370730929649043,0.18751077466347016,-0.0014020326634701374
SiC_15deg,15.0,7.465,3021.907,0.1861495936,0.18390485492659572,0.18772294240140672,-0.001573348801406721
SiC_15deg,15.0,7.465,3024.8,0.1864471377,0.18410968209601963,0.18794293065010378,-0.001495792950103797
SiC_15deg,15.0,7.465,3027.693,0.1866138439,0.1843207481010945,0.18816961952612787,-0.001555775626127881
SiC_15deg,15.0,7.465,3030.585,0.18701756679999998,0.18453697520992893,0.18840185152507166,-0.0013842847250716828
SiC_15deg,15.0,7.465,3033.478,0.1871346983,0.1847574898493086,0.18863868841280307,-0.0015039901128030553
SiC_15deg,15.0,7.465,3036.371,0.1871019947,0.18498117872289932,0.18887893448803147,-0.0017769397880314786
SiC_15deg,15.0,7.465,3039.264,0.18733657569999998,0.1852069917629579,0.18912146195816723,-0.0017848862581672509
SiC_15deg,15.0,7.465,3042.156,0.18763644119999998,0.18543379500903695,0.18936505292827174,-0.0017286117282717672
SiC_15deg,15.0,7.465,3045.049,0.18799637489999999,0.18566068999664362,0.18960874243050974,-0.0016123675305097507
SiC_15deg,15.0,7.465,3047.942,0.1881243404,0.18588654787286124,0.18985131805552713,-0.0017269776555271232
SiC_15deg,15.0,7.465,3050.834,0.1881431587,0.1861102514092477,0.19009157987887512,-0.001948421178875115
SiC_15deg,15.0,7.465,3053.727,0.18864963240000002,0.18633093048103422,0.19032859337011726,-0.0016789609701172437
SiC_15deg,15.0,7.465,3056.62,0.18889760379999998,0.18654750232798514,0.1905611956243095,-0.0016635918243095293
SiC_15deg,15.0,7.465,3059.512,0.1893563946,0.1867589147501455,0.19078825655882647,-0.0014318619588264692
SiC_15deg,15.0,7.465,3062.405,0.1893675816,0.18696436363247199,0.1910089125389237,-0.0016413309389236852
SiC_15deg,15.0,7.465,3065.298,0.1897807727,0.18716285824756557,0.1912220995046619,-0.0014413268046619132
SiC_15deg,15.0,7.465,3068.191,0.1901409058,0.18735352002341316,0.19142687385310478,-0.001285968053104769
SiC_15deg,15.0,7.465,3071.083,0.1903816737,0.1875354511781402,0.19162227134956192,-0.0012405976495619142
SiC_15deg,15.0,7.465,3073.976,0.1906391982,0.1877079871473129,0.19180757823927927,-0.001168380039279271
SiC_15deg,15.0,7.465,3076.869,0.1908269124,0.18787032223111078,0.1919819291854317,-0.0011550167854317006
SiC_15deg,15.0,7.465,3079.761,0.19090345330000003,0.18802171741042945,0.19214453046754268,-0.0012410771675426535
SiC_15deg,15.0,7.465,3082.654,0.19138895439999998,0.1881616445301641,0.19229481483705393,-0.0009058604370539569
SiC_15deg,15.0,7.465,3085.547,0.1915316688,0.18828947457222694,0.19243210671665842,-0.0009004379166584198
SiC_15deg,15.0,7.465,3088.439,0.1917550482,0.18840465590472044,0.19255581364327906,-0.0008007654432790612
SiC_15deg,15.0,7.465,3091.332,0.19180802660000001,0.1885068170925906,0.19266553668865227,-0.000857510088652258
SiC_15deg,15.0,7.465,3094.225,0.1919281822,0.1885955295159816,0.19276081550695723,-0.0008326333069572367
SiC_15deg,15.0,7.465,3097.118,0.1923114555,0.18867047275004434,0.19284130595585383,-0.0005298504558538253
SiC_15deg,15.0,7.465,3100.01,0.1925892216,0.18873137512377297,0.1929067162555506,-0.00031749465555058753
SiC_15deg,15.0,7.465,3102.903,0.192556789,0.18877809399934203,0.1929568932103288,-0.0004001042103287944
SiC_15deg,15.0,7.465,3105.796,0.192544869,0.1888104899071286,0.1929916870271792,-0.00044681802717919106
SiC_15deg,15.0,7.465,3108.688,0.1924719717,0.18882851224262232,0.1930110433559018,-0.0005390716559018072
SiC_15deg,15.0,7.465,3111.581,0.1924964251,0.18883219567616527,0.19301499943309894,-0.0005185743330989312
SiC_15deg,15.0,7.465,3114.474,0.192851085,0.18882162242640527,0.1930036435631512,-0.00015255856315118943
SiC_15deg,15.0,7.465,3117.366,0.1931067488,0.18879696244677846,0.1929771582792591,0.0001295905207409076
SiC_15deg,15.0,7.465,3120.259,0.1929390275,0.18875842474305393,0.1929357680575663,3.259442433706239e-06
SiC_15deg,15.0,7.465,3123.152,0.19291989980000002,0.1887063073968704,0.19287979304338287,4.0106756617142025e-05
SiC_15deg,15.0,7.465,3126.045,0.19294829530000002,0.18864096670612346,0.19280961590737838,0.00013867939262163231
SiC_15deg,15.0,7.465,3128.937,0.1930901428,0.18856285062126926,0.19272571775680356,0.000364425043196448
SiC_15deg,15.0,7.465,3131.83,0.1929136733,0.18847238411832368,0.19262855502392628,0.0002851182760737203
SiC_15deg,15.0,7.465,3134.723,0.1929614982,0.18837012912785522,0.19251873123279076,0.00044276696720924047
SiC_15deg,15.0,7.465,3137.615,0.1928967874,0.18825671916592213,0.1923969267916093,0.0004998606083906898
SiC_15deg,15.0,7.465,3140.508,0.1929063767,0.18813272047867535,0.19226374985944317,0.0006426268405568258
SiC_15deg,15.0,7.465,3143.401,0.1926684322,0.18799886452724135,0.19211998603935784,0.0005484461606421465
SiC_15deg,15.0,7.465,3146.293,0.1924889845,0.18785594228725738,0.19196648485412757,0.0005224996458724207
SiC_15deg,15.0,7.465,3149.186,0.1925596169,0.1877046370958681,0.19180398022075243,0.0007556366792475788
SiC_15deg,15.0,7.465,3152.079,0.1924493683,0.18754581779368742,0.19163340529046227,0.0008159630095377346
SiC_15deg,15.0,7.465,3154.972,0.1927011927,0.1873803399220963,0.19145567893085952,0.0012455137691404772
SiC_15deg,15.0,7.465,3157.864,0.1922600576,0.1872091495617434,0.19127181725043024,0.0009882403495697634
SiC_15deg,15.0,7.465,3160.757,0.19208279220000002,0.1870330402132711,0.19108267248385186,0.0010001197161481623
SiC_15deg,15.0,7.465,3163.65,0.1922117287,0.1868530040174917,0.19088931020909608,0.0013224184909039205
SiC_15deg,15.0,7.465,3166.542,0.19185693780000002,0.18667005574094186,0.1906928203045901,0.0011641174954099276
SiC_15deg,15.0,7.465,3169.435,0.19146371680000002,0.18648503227138452,0.19049410160359814,0.000969615196401874
SiC_15deg,15.0,7.465,3172.328,0.1912737917,0.18629896798173368,0.190294265042167,0.0009795266578329909
SiC_15deg,15.0,7.465,3175.22,0.1910961846,0.18611290182248677,0.19009442647275437,0.0010017581272456222
SiC_15deg,15.0,7.465,3178.113,0.1910095312,0.18592767791812734,0.18989549250099924,0.0011140386990007578
SiC_15deg,15.0,7.465,3181.006,0.19086815000000001,0.1857443273249454,0.18969857050083144,0.0011695794991685715
SiC_15deg,15.0,7.465,3183.899,0.1907188837,0.18556380555088703,0.1895046867058326,0.0012141969941674158
SiC_15deg,15.0,7.465,3186.791,0.19046647790000001,0.18538711256516655,0.189314915101826,0.0011515627981740217
SiC_15deg,15.0,7.465,3189.684,0.1904919815,0.18521504502084218,0.18913011130924332,0.0013618701907566755
SiC_15deg,15.0,7.465,3192.577,0.1901209644,0.18504855876477105,0.18895130192566287,0.0011696624743371409
SiC_15deg,15.0,7.465,3195.469,0.18988131689999999,0.18488857244695078,0.18877947359853342,0.0011018433014665652
SiC_15deg,15.0,7.465,3198.362,0.1894010489,0.1847358059381891,0.18861539948269926,0.0007856494173007489
SiC_15deg,15.0,7.465,3201.255,0.18958452850000002,0.18459110855707261,0.1884599917623641,0.0011245367376359061
SiC_15deg,15.0,7.465,3204.147,0.18929594940000002,0.18445527664024933,0.18831410571812907,0.0009818436818709586
SiC_15deg,15.0,7.465,3207.04,0.1892161482,0.18432892144404767,0.1881783978508361,0.0010377503491638962
SiC_15deg,15.0,7.465,3209.933,0.1887474649,0.18421274782361172,0.1880536251882231,0.0006938397117768891
SiC_15deg,15.0,7.465,3212.826,0.18893811970000002,0.18410735977163195,0.18794043642984778,0.0009976832701522331
SiC_15deg,15.0,7.465,3215.718,0.1887240104,0.18401333647318324,0.1878394536314201,0.0008845567685799027
SiC_15deg,15.0,7.465,3218.611,0.18846793380000001,0.1839311034769277,0.18775113384024078,0.0007167999597592345
SiC_15deg,15.0,7.465,3221.504,0.1884146407,0.18386112563689708,0.18767597631832006,0.0007386643816799376
SiC_15deg,15.0,7.465,3224.396,0.1881040958,0.18380378848009504,0.1876143951289416,0.0004897006710584129
SiC_15deg,15.0,7.465,3227.289,0.18829549320000002,0.18375935602819318,0.1875666738363675,0.0007288193636325324
SiC_15deg,15.0,7.465,3230.182,0.18809298089999998,0.1837280885168447,0.1875330919386045,0.0005598889613954716
SiC_15deg,15.0,7.465,3233.074,0.1878249223,0.18371016142273844,0.18751383790093093,0.0003110843990690726
SiC_15deg,15.0,7.465,3235.967,0.18803082910000002,0.18370566662054508,0.1875090103984783,0.0005218187015217091
SiC_15deg,15.0,7.465,3238.86,0.1878218691,0.18371464929281717,0.1875186579581615,0.00030321114183851083
SiC_15deg,15.0,7.465,3241.753,0.1880865537,0.18373707848770438,0.18754274733710866,0.0005438063628913359
SiC_15deg,15.0,7.465,3244.645,0.1881230665,0.1837728413524208,0.18758115732929614,0.000541909170703847
SiC_15deg,15.0,7.465,3247.538,0.1880160558,0.18382179796797324,0.18763373765908248,0.00038231814091752025
SiC_15deg,15.0,7.465,3250.431,0.1879609637,0.18388370814630506,0.18770023035995828,0.00026073334004173
SiC_15deg,15.0,7.465,3253.323,0.1878820157,0.18395824982820103,0.18778028953424333,0.00010172616575665483
SiC_15deg,15.0,7.465,3256.216,0.1878381295,0.18404511827812897,0.18787358789022035,-3.545839022034425e-05
SiC_15deg,15.0,7.465,3259.109,0.18798994,0.18414387331731347,0.1879796526675705,1.0287332429498308e-05
SiC_15deg,15.0,7.465,3262.001,0.18806334230000002,0.18425400055902702,0.1880979314052328,-3.458910523276848e-05
SiC_15deg,15.0,7.465,3264.894,0.18824667430000003,0.18437504677341987,0.18822793732578808,1.873697421195253e-05
SiC_15deg,15.0,7.465,3267.787,0.1883079956,0.18450639406795324,0.1883690068009791,-6.101120097909418e-05
SiC_15deg,15.0,7.465,3270.68,0.1883079618,0.1846474116524644,0.18852046235025682,-0.0002125005502568167
SiC_15deg,15.0,7.465,3273.572,0.18829446489999999,0.1847973697996702,0.18868152023273618,-0.00038705533273619697
SiC_15deg,15.0,7.465,3276.465,0.18843396980000002,0.18495565405054354,0.1888515205078163,-0.00041755070781629433
SiC_15deg,15.0,7.465,3279.358,0.18882743130000001,0.18512145754984483,0.18902959659773017,-0.00020216529773015024
SiC_15deg,15.0,7.465,3282.25,0.18882541369999997,0.18529392891506163,0.18921483410157866,-0.0003894204015786884
SiC_15deg,15.0,7.465,3285.143,0.1888468907,0.18547236696425473,0.18940647993671525,-0.0005595892367152577
SiC_15deg,15.0,7.465,3288.036,0.188999874,0.18565586672287496,0.18960356214338114,-0.0006036881433811314
SiC_15deg,15.0,7.465,3290.928,0.1891746281,0.18584349482452622,0.18980507826843773,-0.0006304501684377406
SiC_15deg,15.0,7.465,3293.821,0.1894158306,0.18603449643389883,0.19001021760450518,-0.0005943870045051758
SiC_15deg,15.0,7.465,3296.714,0.1898591935,0.18622790999204897,0.19021794741911613,-0.00035875391911613375
SiC_15deg,15.0,7.465,3299.607,0.18983876030000002,0.18642283013307515,0.190427295332192,-0.0005885350321919725
SiC_15deg,15.0,7.465,3302.499,0.19032638200000002,0.18661828039975478,0.19063721261023256,-0.0003108306102325431
SiC_15deg,15.0,7.465,3305.392,0.19049009420000002,0.1868134883138775,0.19084686959704952,-0.000356775397049508
SiC_15deg,15.0,7.465,3308.285,0.19042955030000003,0.18700748384245702,0.19105522445889375,-0.0006256741588937242
SiC_15deg,15.0,7.465,3311.177,0.19064125910000002,0.18719930839802146,0.1912612476547149,-0.0006199885547148731
SiC_15deg,15.0,7.465,3314.07,0.1910105136,0.18738821622964252,0.19146413823393033,-0.00045362463393033847
SiC_15deg,15.0,7.465,3316.963,0.1912496561,0.18757328017178926,0.1916629004032477,-0.0004132443032477118
SiC_15deg,15.0,7.465,3319.855,0.1914708078,0.18775360065778812,0.19185656801106876,-0.0003857602110687586
SiC_15deg,15.0,7.465,3322.748,0.1916469666,0.1879284907208246,0.19204440324205946,-0.00039743664205946216
SiC_15deg,15.0,7.465,3325.641,0.1921644061,0.188097105223415,0.1922254984025995,-6.109230259951359e-05
SiC_15deg,15.0,7.465,3328.534,0.1920587076,0.18825869580315388,0.19239904973733055,-0.00034034213733055707
SiC_15deg,15.0,7.465,3331.426,0.1923062005,0.1884124992985879,0.1925642375964372,-0.00025803709643720807
SiC_15deg,15.0,7.465,3334.319,0.1926717342,0.1885579510353021,0.19272045550893238,-4.8721308932381246e-05
SiC_15deg,15.0,7.465,3337.212,0.19262571560000002,0.1886943683725621,0.1928669703057738,-0.00024125470577376906
SiC_15deg,15.0,7.465,3340.104,0.1928760725,0.18882112704859833,0.19300311151802993,-0.00012703901802993411
SiC_15deg,15.0,7.465,3342.997,0.19318620030000003,0.1889377811756218,0.19312840025379363,5.780004620639656e-05
SiC_15deg,15.0,7.465,3345.89,0.1934003102,0.18904380227327566,0.19324226891517976,0.00015804128482024837
SiC_15deg,15.0,7.465,3348.782,0.1934891326,0.18913872932331965,0.19334422235989068,0.0001449102401093194
SiC_15deg,15.0,7.465,3351.675,0.1935489278,0.18922225251942987,0.19343392785008295,0.00011499994991703844
SiC_15deg,15.0,7.465,3354.568,0.1935752142,0.18929401766287995,0.19351100496963444,6.420923036556947e-05
SiC_15deg,15.0,7.465,3357.461,0.1936882237,0.18935376271834042,0.19357517228765198,0.00011305141234801974
SiC_15deg,15.0,7.465,3360.353,0.1935806702,0.18940126976334454,0.19362619575129023,-4.5525551290226396e-05
SiC_15deg,15.0,7.465,3363.246,0.19367157259999998,0.1894364272016985,0.19366395550412926,7.617095870715573e-06
SiC_15deg,15.0,7.465,3366.139,0.1939866674,0.18945913159168748,0.19368834044781352,0.000298326952186484
SiC_15deg,15.0,7.465,3369.031,0.19392578319999998,0.18946935646515178,0.1936993221550396,0.0002264610449603799
SiC_15deg,15.0,7.465,3371.924,0.1945202061,0.18946714351576718,0.19369694540560278,0.0008232606943972265
SiC_15deg,15.0,7.465,3374.817,0.1942223509,0.18945258105948887,0.19368130505250702,0.0005410458474929825
SiC_15deg,15.0,7.465,3377.709,0.1942584699,0.18942583321337542,0.19365257736057306,0.0006058925394269443
SiC_15deg,15.0,7.465,3380.602,0.1941493547,0.18938709209260657,0.19361096866513255,0.0005383860348674441
SiC_15deg,15.0,7.465,3383.495,0.1941991679,0.18933663227989367,0.19355677387320377,0.0006423940267962225
SiC_15deg,15.0,7.465,3386.387,0.19400630970000002,0.18927479989422497,0.19349036472311748,0.0005159449768825375
SiC_15deg,15.0,7.465,3389.28,0.1940895363,0.1892019286105225,0.19341209958804242,0.0006774367119575797
SiC_15deg,15.0,7.465,3392.173,0.1940006165,0.18911846625936962,0.19332245944648355,0.0006781570535164538
SiC_15deg,15.0,7.465,3395.066,0.19410268760000002,0.18902489099108982,0.19322195784091956,0.0008807297590804619
SiC_15deg,15.0,7.465,3397.958,0.1940572786,0.188921765618513,0.19311119924296005,0.0009460793570399417
SiC_15deg,15.0,7.465,3400.851,0.193876475,0.18880958906830328,0.19299071950926594,0.0008857554907340526
SiC_15deg,15.0,7.465,3403.744,0.1937383134,0.18868900786736303,0.1928612130219418,0.0008771003780581876
SiC_15deg,15.0,7.465,3406.636,0.1935831662,0.18856071926458834,0.1927234286394716,0.0008597375605284008
SiC_15deg,15.0,7.465,3409.529,0.1933949077,0.18842532195565248,0.19257800937231642,0.0008168983276835851
SiC_15deg,15.0,7.465,3412.422,0.1933906467,0.18828357928679912,0.19242577506875994,0.0009648716312400663
SiC_15deg,15.0,7.465,3415.314,0.1933600131,0.18813629256467226,0.1922675863472727,0.0010924267527273046
SiC_15deg,15.0,7.465,3418.207,0.1932604584,0.1879841348032515,0.19210416603758057,0.001156292362419431
SiC_15deg,15.0,7.465,3421.1,0.1930114785,0.18782795296321705,0.19193642379145134,0.0010750547085486561
SiC_15deg,15.0,7.465,3423.993,0.1927812862,0.18766856201562182,0.1917652349031888,0.0010160512968112045
SiC_15deg,15.0,7.465,3426.885,0.19290671,0.18750684723997946,0.19159155017971166,0.0013151598202883474
SiC_15deg,15.0,7.465,3429.778,0.1926500613,0.18734353566397396,0.19141615046248445,0.0012339108375155616
SiC_15deg,15.0,7.465,3432.671,0.1924109569,0.18717952793524342,0.19124000306408176,0.0011709538359182536
SiC_15deg,15.0,7.465,3435.563,0.1922388737,0.18701572754197834,0.19106407834788505,0.0011747953521149546
SiC_15deg,15.0,7.465,3438.456,0.1921185973,0.1868528656884032,0.1908891616410423,0.001229435658957695
SiC_15deg,15.0,7.465,3441.349,0.1923412582,0.1866918374437992,0.19071621426486743,0.0016250439351325752
SiC_15deg,15.0,7.465,3444.241,0.1922420462,0.18653352487774225,0.19054618357874528,0.0016958626212547068
SiC_15deg,15.0,7.465,3447.134,0.19189832880000002,0.18637863162636256,0.19037982530116987,0.0015185034988301482
SiC_15deg,15.0,7.465,3450.027,0.1915995608,0.18622800777009438,0.1902180524345837,0.0013815083654163118
SiC_15deg,15.0,7.465,3452.92,0.19135033629999998,0.18608242570662314,0.19006169454868987,0.0012886417513101045
SiC_15deg,15.0,7.465,3455.812,0.191037805,0.18594267883416168,0.1899116037681545,0.0011262012318455084
SiC_15deg,15.0,7.465,3458.705,0.1908179272,0.18580938655310053,0.18976844534069612,0.001049481859303869
SiC_15deg,15.0,7.465,3461.598,0.1909614469,0.18568328103774961,0.18963300563535276,0.0013284412646472343
SiC_15deg,15.0,7.465,3464.49,0.1909333607,0.18556504774373267,0.1895060208444111,0.001427339855588905
SiC_15deg,15.0,7.465,3467.383,0.1907464308,0.18545521074034166,0.18938805382818918,0.0013583769718108207
SiC_15deg,15.0,7.465,3470.276,0.19059999479999998,0.18535437534171711,0.189279754705507,0.0013202400944929693
SiC_15deg,15.0,7.465,3473.168,0.1904241469,0.1852630887159793,0.18918171114526053,0.0012424357547394793
SiC_15deg,15.0,7.465,3476.061,0.1905353074,0.18518175664325692,0.18909435896297233,0.0014409484370276615
SiC_15deg,15.0,7.465,3478.954,0.19041816860000002,0.1851108308707246,0.1890181833436404,0.0013999852563596205
SiC_15deg,15.0,7.465,3481.847,0.1901502693,0.1850506773423774,0.18895357731802737,0.0011966919819726418
SiC_15deg,15.0,7.465,3484.739,0.1902255904,0.18500162270772894,0.1889008917138805,0.0013246986861195076
SiC_15deg,15.0,7.465,3487.632,0.1899931187,0.1849638888400829,0.18886036482731872,0.0011327538726812747
SiC_15deg,15.0,7.465,3490.525,0.1898060479,0.1849376935712021,0.18883223061376958,0.0009738172862304162
SiC_15deg,15.0,7.465,3493.417,0.18991853920000001,0.18492318100977634,0.18881664384868788,0.0011018953513121377
SiC_15deg,15.0,7.465,3496.31,0.1900458707,0.18492042383748952,0.1888136825935749,0.001232188106425114
SiC_15deg,15.0,7.465,3499.203,0.1900052002,0.18492945319477913,0.18882338029384868,0.0011818199061513213
SiC_15deg,15.0,7.465,3502.095,0.1903634969,0.1849502253591341,0.18884568999070653,0.0015178069092934843
SiC_15deg,15.0,7.465,3504.988,0.1902420652,0.1849826619446979,0.18888052749625794,0.0013615377037420606
SiC_15deg,15.0,7.465,3507.881,0.19004442000000002,0.1850266074053959,0.18892772575108094,0.0011166942489190812
SiC_15deg,15.0,7.465,3510.774,0.1899262577,0.1850818546719714,0.18898706235888266,0.0009391953411173326
SiC_15deg,15.0,7.465,3513.666,0.19002453379999998,0.18514811644751294,0.1890582287573538,0.000966305042646165
SiC_15deg,15.0,7.465,3516.559,0.1900638424,0.1852251222207278,0.18914093441225663,0.0009229079877433599
SiC_15deg,15.0,7.465,3519.452,0.19059581139999998,0.1853124824203365,0.18923476091667885,0.0013610504833211357
SiC_15deg,15.0,7.465,3522.344,0.19064724170000003,0.18540974311991992,0.18933922074507264,0.0013080209549273802
SiC_15deg,15.0,7.465,3525.237,0.1908094209,0.18551650531400288,0.18945388535802132,0.0013555355419786752
SiC_15deg,15.0,7.465,3528.13,0.19057520879999998,0.18563222542507707,0.18957817094301396,0.000997037856986016
SiC_15deg,15.0,7.465,3531.022,0.1904907254,0.18575630503419024,0.18971143478679306,0.0007792906132069455
SiC_15deg,15.0,7.465,3533.915,0.1906552932,0.1858882364624134,0.1898531316325999,0.0008021615674000948
SiC_15deg,15.0,7.465,3536.808,0.19116426520000002,0.18602734817491093,0.19000254023933724,0.0011617249606627744
SiC_15deg,15.0,7.465,3539.701,0.1909383303,0.18617297702900504,0.19015894837924383,0.0007793819207561614
SiC_15deg,15.0,7.465,3542.593,0.1909977185,0.1863243769643838,0.19032155476945317,0.0006761637305468249
SiC_15deg,15.0,7.465,3545.486,0.1912716586,0.18648093404605987,0.19048970003219298,0.0007819585678070229
SiC_15deg,15.0,7.465,3548.379,0.1915019073,0.1866418556670914,0.19066253289263718,0.000839374407362814
SiC_15deg,15.0,7.465,3551.271,0.19168069370000002,0.18680632459039856,0.19083917562272612,0.000841518077273895
SiC_15deg,15.0,7.465,3554.164,0.19180619459999998,0.18697368017403707,0.1910189186805336,0.0007872759194663681
SiC_15deg,15.0,7.465,3557.057,0.1918818128,0.18714308062791626,0.19120085796760272,0.0006809548323972736
SiC_15deg,15.0,7.465,3559.949,0.1921231139,0.18731367435138824,0.19138407884875272,0.0007390350512472832
SiC_15deg,15.0,7.465,3562.842,0.19245343139999999,0.18748478398433865,0.19156785382642696,0.0008855775735730209
SiC_15deg,15.0,7.465,3565.735,0.19307601630000001,0.18765555596135672,0.19175126615525226,0.001324750144747755
SiC_15deg,15.0,7.465,3568.628,0.1931721314,0.18782520021461852,0.19193346728746313,0.0012386641125368691
SiC_15deg,15.0,7.465,3571.52,0.19305596649999998,0.1879928776063472,0.19211355597323773,0.0009424105267622496
SiC_15deg,15.0,7.465,3574.413,0.1932412295,0.18815793496924987,0.1922908306985666,0.0009503988014334108
SiC_15deg,15.0,7.465,3577.306,0.1931324073,0.18831956048158197,0.19246441955156252,0.0006679877484374874
SiC_15deg,15.0,7.465,3580.198,0.1933223178,0.18847696648367268,0.19263347657086194,0.0006888412291380652
SiC_15deg,15.0,7.465,3583.091,0.1934845242,0.1886295508617977,0.19279735507495227,0.0006871691250477374
SiC_15deg,15.0,7.465,3585.984,0.1937894443,0.1887765734072776,0.19295526006573097,0.0008341842342690364
SiC_15deg,15.0,7.465,3588.876,0.1937260417,0.18891733088698287,0.19310643625753435,0.0006196054424656428
SiC_15deg,15.0,7.465,3591.769,0.1942793953,0.1890512974076982,0.1932503188311162,0.0010290764688837828
SiC_15deg,15.0,7.465,3594.662,0.1944729418,0.18917783488236378,0.1933862224689223,0.0010867193310777068
SiC_15deg,15.0,7.465,3597.555,0.1944285426,0.18929639275920582,0.19351355586794877,0.0009149867320512317
SiC_15deg,15.0,7.465,3600.447,0.194593487,0.1894064241579332,0.19363173166843367,0.0009617553315663385
SiC_15deg,15.0,7.465,3603.34,0.1947580456,0.18950753738131293,0.19374032918015038,0.0010177164198496291
SiC_15deg,15.0,7.465,3606.233,0.1947493828,0.18959926942417438,0.19383885112680058,0.0009105316731994328
SiC_15deg,15.0,7.465,3609.125,0.1953482352,0.18968121650113132,0.19392686383525282,0.0014213713647471815
SiC_15deg,15.0,7.465,3612.018,0.1960086226,0.18975310607713142,0.19400407459771324,0.002004548002286749
SiC_15deg,15.0,7.465,3614.911,0.1957662617,0.18981462804982985,0.19407015035840644,0.0016961113415935591
SiC_15deg,15.0,7.465,3617.803,0.19534621900000002,0.1898655369969507,0.1941248275291725,0.0012213914708275042
SiC_15deg,15.0,7.465,3620.696,0.1949161337,0.18990568978499742,0.19416795238193277,0.0007481813180672259
SiC_15deg,15.0,7.465,3623.589,0.1949795493,0.1899349405222837,0.19419936822626047,0.0007801810737395332
SiC_15deg,15.0,7.465,3626.482,0.1948808507,0.1899532151469981,0.19421899551837127,0.0006618551816287288
SiC_15deg,15.0,7.465,3629.374,0.194530447,0.18996049155197092,0.19422681051474744,0.0003036364852525564
SiC_15deg,15.0,7.465,3632.267,0.19503437859999997,0.18995680578367818,0.19422285192998495,0.0008115266700150225
SiC_15deg,15.0,7.465,3635.16,0.19538480539999997,0.18994223667463173,0.19420720443169057,0.0011776009683094057
SiC_15deg,15.0,7.465,3638.052,0.19539045640000002,0.1899169297736873,0.1941800243420844,0.001210432057915628
SiC_15deg,15.0,7.465,3640.945,0.1958946898,0.18988105343291495,0.19414149247446955,0.0017531973255304478
SiC_15deg,15.0,7.465,3643.838,0.19647741289999998,0.18983485042220027,0.1940918695682885,0.0023855433317114816
SiC_15deg,15.0,7.465,3646.73,0.19738164139999997,0.18977862650720922,0.19403148402164175,0.003350157378358226
SiC_15deg,15.0,7.465,3649.623,0.1960496222,0.18971267465442004,0.19396065048606037,0.0020889717139396247
SiC_15deg,15.0,7.465,3652.516,0.1957250961,0.18963739020498632,0.19387979356541052,0.001845302534589477
SiC_15deg,15.0,7.465,3655.409,0.195793611,0.18955319460475456,0.19378936590049148,0.002004245099508528
SiC_15deg,15.0,7.465,3658.301,0.19549620180000002,0.1894605845003709,0.19368990089918176,0.001806300900818264
SiC_15deg,15.0,7.465,3661.194,0.1952917105,0.18935999844496457,0.1935818695758255,0.001709840924174505
SiC_15deg,15.0,7.465,3664.087,0.19517515259999998,0.18925200686906932,0.1934658845835901,0.0017092680164098872
SiC_15deg,15.0,7.465,3666.979,0.1950179943,0.18913722491669321,0.19334260659875896,0.0016753877012410379
SiC_15deg,15.0,7.465,3669.872,0.19532733400000002,0.18901617911320112,0.19321260111951882,0.002114732880481196
SiC_15deg,15.0,7.465,3672.765,0.1958427512,0.1888895429051869,0.19307659144023145,0.002766159759768544
SiC_15deg,15.0,7.465,3675.657,0.19550553959999997,0.188758023227766,0.1929353368225633,0.0025702027774366643
SiC_15deg,15.0,7.465,3678.55,0.1948730569,0.18862221221647435,0.1927894732312641,0.0020835836687359
SiC_15deg,15.0,7.465,3681.443,0.19473251319999998,0.18848285713926724,0.19263980324623203,0.0020927099537679517
SiC_15deg,15.0,7.465,3684.336,0.1942722332,0.18834067653977854,0.19248709859690166,0.0017851346030983428
SiC_15deg,15.0,7.465,3687.228,0.19424293469999998,0.18819645158509288,0.19233219827147632,0.0019107364285236572
SiC_15deg,15.0,7.465,3690.121,0.1941824479,0.18805082228753772,0.19217578965528423,0.00200665824471577
SiC_15deg,15.0,7.465,3693.014,0.1939047469,0.1879045835331767,0.19201872647097132,0.0018860204290286897
SiC_15deg,15.0,7.465,3695.906,0.1937443098,0.18775853280949292,0.19186186523515725,0.001882444564842739
SiC_15deg,15.0,7.465,3698.799,0.1933776009,0.18761331412964868,0.19170589763014234,0.0016717032698576606
SiC_15deg,15.0,7.465,3701.692,0.1931143609,0.1874697178065109,0.1915516724668729,0.0015626884331270963
SiC_15deg,15.0,7.465,3704.584,0.1929742439,0.18732852282732665,0.1914000263923657,0.0015742175076343123
SiC_15deg,15.0,7.465,3707.477,0.19332808,0.18719034934255993,0.19125162545993232,0.0020764545400676904
SiC_15deg,15.0,7.465,3710.37,0.1935527291,0.18705594846645354,0.19110727638045644,0.0024454527195435505
SiC_15deg,15.0,7.465,3713.263,0.1927669514,0.18692600244667001,0.19096771190081374,0.001799239499186256
SiC_15deg,15.0,7.465,3716.155,0.19275095239999998,0.18680121278594108,0.19083368544818802,0.0019172669518119634
SiC_15deg,15.0,7.465,3719.048,0.1925352612,0.18668212614821772,0.19070578414998784,0.001829477050012157
SiC_15deg,15.0,7.465,3721.941,0.19256170260000002,0.1865693904826719,0.1905847039158623,0.0019769986841377263
SiC_15deg,15.0,7.465,3724.833,0.19205170379999997,0.18646361275023024,0.19047109663331072,0.0015806071666892574
SiC_15deg,15.0,7.465,3727.726,0.1918154697,0.18636525626007255,0.1903654599051431,0.0014500097948569046
SiC_15deg,15.0,7.465,3730.619,0.1924773212,0.18627485777855168,0.19026837022856072,0.0022089509714392774
SiC_15deg,15.0,7.465,3733.511,0.1936180488,0.18619290300614932,0.19018034925505475,0.003437699544945244
SiC_15deg,15.0,7.465,3736.404,0.1934948757,0.18611975169072723,0.1901017833606236,0.0033930923393764023
SiC_15deg,15.0,7.465,3739.297,0.1931453638,0.18605580585761394,0.19003310432806347,0.0031122594719365237
SiC_15deg,15.0,7.465,3742.19,0.1920931716,0.18600139157856094,0.1899746623645942,0.0021185092354057966
SiC_15deg,15.0,7.465,3745.082,0.1922646305,0.18595680093244868,0.1899267711684502,0.002337859331549813
SiC_15deg,15.0,7.465,3747.975,0.1928153466,0.18592223241275796,0.18988964392537888,0.0029257026746211112
SiC_15deg,15.0,7.465,3750.868,0.1922418799,0.18589788250420314,0.18986349166367464,0.0023783882363253572
SiC_15deg,15.0,7.465,3753.76,0.1927874043,0.18588388276002066,0.18984845567399822,0.002938948626001775
SiC_15deg,15.0,7.465,3756.653,0.1930602732,0.18588030061861632,0.1898446083864712,0.003215664813528807
SiC_15deg,15.0,7.465,3759.546,0.19242230700000001,0.18588716822154164,0.18985198432172692,0.0025703226782730904
SiC_15deg,15.0,7.465,3762.438,0.1924116343,0.18590445165949115,0.18987054706053091,0.002541087239469081
SiC_15deg,15.0,7.465,3765.331,0.19270773049999998,0.18593208539719008,0.18990022621676023,0.0028075042832397534
SiC_15deg,15.0,7.465,3768.224,0.1926003382,0.18596993690447894,0.18994087945052038,0.0026594587494796207
SiC_15deg,15.0,7.465,3771.117,0.1917812854,0.18601782776711273,0.18999231514154238,0.0017889702584576173
SiC_15deg,15.0,7.465,3774.009,0.19191382650000002,0.1860755089425169,0.19005426581339727,0.001859560686602757
SiC_15deg,15.0,7.465,3776.902,0.19214616199999998,0.18614274525043256,0.190126478878045,0.0020196831219549682
SiC_15deg,15.0,7.465,3779.795,0.192503129,0.1862191970912182,0.19020858959905632,0.0022945394009436793
SiC_15deg,15.0,7.465,3782.688,0.1925981843,0.18630449869663696,0.19030020513443618,0.002297979165563818
SiC_15deg,15.0,7.465,3785.58,0.1925724593,0.18639820803610024,0.19040085073498356,0.002171608565016442
SiC_15deg,15.0,7.465,3788.473,0.19245253399999998,0.18649994156980085,0.19051011447170121,0.0019424195282987666
SiC_15deg,15.0,7.465,3791.365,0.1923890465,0.18660914298244835,0.1906273988514597,0.001761647648540282
SiC_15deg,15.0,7.465,3794.258,0.1930133297,0.1867253662834466,0.19075222487193494,0.0022611048280650747
SiC_15deg,15.0,7.465,3797.151,0.1933532733,0.1868480207356687,0.19088395807029493,0.0024693152297050602
SiC_15deg,15.0,7.465,3800.044,0.1930425409,0.1869765223790386,0.1910219712623883,0.0020205696376117133
SiC_15deg,15.0,7.465,3802.936,0.19331399130000002,0.18711021348811377,0.1911655580386667,0.0021484332613333212
SiC_15deg,15.0,7.465,3805.829,0.19335726749999999,0.1872485524606733,0.19131413670811526,0.0020431307918847286
SiC_15deg,15.0,7.465,3808.722,0.1934520752,0.18739083934454442,0.19146695550887985,0.0019851196911201408
SiC_15deg,15.0,7.465,3811.615,0.19355198810000002,0.18753640249461936,0.19162329308142884,0.0019286950185711804
SiC_15deg,15.0,7.465,3814.507,0.1939351998,0.18768450500332884,0.19178235797311421,0.0021528418268857985
SiC_15deg,15.0,7.465,3817.4,0.1948580588,0.187834553896291,0.1919435133182499,0.0029145454817501026
SiC_15deg,15.0,7.465,3820.292,0.1943872988,0.18798574354218162,0.19210589385357707,0.002281404946422927
SiC_15deg,15.0,7.465,3823.185,0.1946719621,0.18813747289941515,0.1922688540490805,0.0024031080509195057
SiC_15deg,15.0,7.465,3826.078,0.194687637,0.18828898411968797,0.192431579961368,0.0022560570386319923
SiC_15deg,15.0,7.465,3828.971,0.1952341869,0.18843957495505403,0.19259331736288157,0.002640869537118423
SiC_15deg,15.0,7.465,3831.863,0.19568856019999997,0.18858849888930995,0.19275326448111876,0.002935295718881209
SiC_15deg,15.0,7.465,3834.756,0.1959534018,0.18873517392143768,0.19291079623599344,0.0030426055640065675
SiC_15deg,15.0,7.465,3837.649,0.19642218849999998,0.18887887649199497,0.19306513551099821,0.0033570529890017686
SiC_15deg,15.0,7.465,3840.542,0.19591708289999998,0.18901895146818404,0.19321557868113418,0.002701504218865808
SiC_15deg,15.0,7.465,3843.434,0.19545189659999998,0.18915471725949462,0.19336139370531963,0.0020905028946803517
SiC_15deg,15.0,7.465,3846.327,0.195820096,0.18928565510858147,0.19350202342836756,0.00231807257163244
SiC_15deg,15.0,7.465,3849.219,0.1958144785,0.18941108756601305,0.19363674025679295,0.0021777382432070502
SiC_15deg,15.0,7.465,3852.112,0.19458732080000002,0.1895305423135839,0.19376503691192212,0.000822283888077896
SiC_15deg,15.0,7.465,3855.005,0.1955615329,0.1896434464641346,0.19388629810212524,0.001675234797874764
SiC_15deg,15.0,7.465,3857.898,0.1966198408,0.18974930455428507,0.19399999169037385,0.002619849109626149
SiC_15deg,15.0,7.465,3860.79,0.1969456409,0.18984762376086853,0.19410558837527855,0.0028400525247214425
SiC_15deg,15.0,7.465,3863.683,0.19696889250000002,0.1899380493493299,0.194202707165227,0.002766185334773019
SiC_15deg,15.0,7.465,3866.576,0.1971375863,0.19002016232851776,0.19429089805580876,0.0028466882441912367
SiC_15deg,15.0,7.465,3869.469,0.1974900899,0.1900936198785622,0.1943697928520084,0.003120297047991605
SiC_15deg,15.0,7.465,3872.361,0.19732009009999998,0.19015810078389075,0.1944390465622341,0.002881043537765887
SiC_15deg,15.0,7.465,3875.254,0.19699980920000001,0.19021339279673696,0.1944984312283757,0.002501377971624308
SiC_15deg,15.0,7.465,3878.146,0.1970615053,0.19025924558476182,0.19454767798877295,0.0025138273112270404
SiC_15deg,15.0,7.465,3881.039,0.19690303069999998,0.19029552414325107,0.19458664184581279,0.0023163888541871958
SiC_15deg,15.0,7.465,3883.932,0.1966482746,0.1903220903634753,0.19461517446811122,0.0020331001318887876
SiC_15deg,15.0,7.465,3886.825,0.19649826520000002,0.19033887022153909,0.1946331963526064,0.001865068847393625
SiC_15deg,15.0,7.465,3889.717,0.19696334159999998,0.19034583578972106,0.19464067750439815,0.002322664095601834
SiC_15deg,15.0,7.465,3892.61,0.1970397642,0.1903430114727548,0.19463764413463122,0.0024021200653687735
SiC_15deg,15.0,7.465,3895.503,0.1969632394,0.19033045935991566,0.19462416292836013,0.0023390764716398615
SiC_15deg,15.0,7.465,3898.396,0.19705845719999998,0.19030829183616846,0.19460035458915975,0.0024581026108402293
SiC_15deg,15.0,7.465,3901.288,0.1974597253,0.1902766793933049,0.1945664022284346,0.0028933230715653957
SiC_15deg,15.0,7.465,3904.181,0.19687623869999998,0.1902358027812447,0.19452249997501245,0.0023537387249875363
SiC_15deg,15.0,7.465,3907.073,0.19687305089999999,0.19018593643069184,0.19446894257265276,0.002404108327347221
SiC_15deg,15.0,7.465,3909.966,0.1968216618,0.19012733458062897,0.19440600307882486,0.0024156587211751346
SiC_15deg,15.0,7.465,3912.859,0.1966510173,0.1900603427648767,0.19433405260337855,0.0023169646966214597
SiC_15deg,15.0,7.465,3915.752,0.19686673240000002,0.18998533023320774,0.19425348772754394,0.0026132446724560776
SiC_15deg,15.0,7.465,3918.644,0.1964490022,0.18990273368398242,0.19416477747360839,0.002284224726391615
SiC_15deg,15.0,7.465,3921.537,0.19634253480000002,0.1898129383895982,0.19406833563140366,0.0022741991685963636
SiC_15deg,15.0,7.465,3924.43,0.19653956520000002,0.18971644765594164,0.1939647027609583,0.002574862439041703
SiC_15deg,15.0,7.465,3927.323,0.19650064700000003,0.18961376875388058,0.19385442368076558,0.0026462233192344475
SiC_15deg,15.0,7.465,3930.215,0.19622608679999998,0.18950547611172675,0.19373811533768198,0.002487971462317995
SiC_15deg,15.0,7.465,3933.108,0.19570956750000001,0.1893920569703124,0.19361630103756425,0.0020932664624357666
SiC_15deg,15.0,7.465,3936.0,0.195524884,0.18927417512347752,0.1934896937075342,0.0020351902924658216
SiC_15deg,15.0,7.465,3938.893,0.1957375636,0.1891523554178633,0.1933588570427976,0.0023787065572024035
SiC_15deg,15.0,7.465,3941.786,0.19597363510000002,0.18902726222659727,0.19322450459264198,0.002749130507358033
SiC_15deg,15.0,7.465,3944.679,0.1956226148,0.188899534722629,0.19308732284088778,0.002535291959112229
SiC_15deg,15.0,7.465,3947.571,0.19526387499999998,0.18876986892621145,0.19294805932643297,0.0023158156735670066
SiC_15deg,15.0,7.465,3950.464,0.19520380759999997,0.18863883450226837,0.1928073258801654,0.0023964817198345867
SiC_15deg,15.0,7.465,3953.357,0.195318711,0.1885071409397859,0.1926658845066568,0.0026528264933431966
SiC_15deg,15.0,7.465,3956.25,0.1949605147,0.18837545541832756,0.19252445176936,0.0024360629306399983
SiC_15deg,15.0,7.465,3959.142,0.1946382005,0.1882444892049923,0.19238379158257352,0.0022544089174264814
SiC_15deg,15.0,7.465,3962.035,0.19462857670000003,0.18811481348085235,0.19224451740555737,0.0023840592944426586
SiC_15deg,15.0,7.465,3964.927,0.1943565719,0.18798717190485542,0.19210742794206737,0.002249143957932631
SiC_15deg,15.0,7.465,3967.82,0.1938473255,0.18786211989884072,0.1919731197256496,0.001874205774350407
SiC_15deg,15.0,7.465,3970.713,0.1938791634,0.18774033210588162,0.19184231733570736,0.0020368460642926356
SiC_15deg,15.0,7.465,3973.606,0.19409523620000002,0.18762242182541777,0.1917156794674227,0.0023795567325773093
SiC_15deg,15.0,7.465,3976.498,0.19402780079999998,0.18750902091224364,0.19159388474477929,0.0024339160552206973
SiC_15deg,15.0,7.465,3979.391,0.1936236744,0.18740062155022202,0.191477461782542,0.00214621261745801
SiC_15deg,15.0,7.465,3982.284,0.1935271244,0.18729780903346505,0.19136703919764217,0.002160085202357831
SiC_15deg,15.0,7.465,3985.177,0.1933950156,0.1872011004749808,0.19126317237921764,0.002131843220782359
SiC_15deg,15.0,7.465,3988.069,0.1934229204,0.1871110122596379,0.19116641593437064,0.002256504465629361
SiC_15deg,15.0,7.465,3990.962,0.1934621185,0.18702793532925982,0.1910771897420037,0.002384928757996313
SiC_15deg,15.0,7.465,3993.854,0.19347640810000002,0.18695234492024246,0.19099600421498208,0.00248040388501794
SiC_15deg,15.0,7.465,3996.747,0.1930208466,0.18688456947780632,0.19092321210967628,0.002097634490323713
SiC_15deg,15.0,7.465,3999.64,0.19290032149999997,0.18682497815696536,0.1908592099055438,0.002041111594456163
