dataset,angle_deg,contrast_delta_n,thickness_um,affine_rmse,affine_scale,affine_offset
SiC_10deg,10.0,0.0,3.0,0.004056916762450546,1.5019208546271414,-0.21298437906416537
SiC_10deg,10.0,0.0,3.02,0.004056916762450546,1.5019208546271414,-0.21298437906416537
SiC_10deg,10.0,0.0,3.04,0.004056916762450546,1.5019208546271414,-0.21298437906416537
SiC_10deg,10.0,0.0,3.06,0.004056916762450546,1.5019208546271414,-0.21298437906416537
SiC_10deg,10.0,0.0,3.08,0.004056916762450546,1.5019208546271414,-0.21298437906416537
SiC_10deg,10.0,0.0,3.1,0.004056916762450546,1.5019208546271414,-0.21298437906416537
SiC_10deg,10.0,0.0,3.12,0.004056916762450546,1.5019208546271414,-0.21298437906416537
SiC_10deg,10.0,0.0,3.14,0.004056916762450546,1.5019208546271414,-0.21298437906416537
SiC_10deg,10.0,0.0,3.16,0.004056916762450546,1.5019208546271414,-0.21298437906416537
SiC_10deg,10.0,0.0,3.18,0.004056916762450546,1.5019208546271414,-0.21298437906416537
SiC_10deg,10.0,0.0,3.2,0.004056916762450546,1.5019208546271414,-0.21298437906416537
SiC_10deg,10.0,0.0,3.22,0.004056916762450546,1.5019208546271414,-0.21298437906416537
SiC_10deg,10.0,0.0,3.24,0.004056916762450546,1.5019208546271414,-0.21298437906416537
SiC_10deg,10.0,0.0,3.26,0.004056916762450546,1.5019208546271414,-0.21298437906416537
SiC_10deg,10.0,0.0,3.2800000000000002,0.004056916762450546,1.5019208546271414,-0.21298437906416537
SiC_10deg,10.0,0.0,3.3,0.004056916762450546,1.5019208546271414,-0.21298437906416537
SiC_10deg,10.0,0.0,3.32,0.004056916762450546,1.5019208546271414,-0.21298437906416537
SiC_10deg,10.0,0.0,3.34,0.004056916762450546,1.5019208546271414,-0.21298437906416537
SiC_10deg,10.0,0.0,3.36,0.004056916762450546,1.5019208546271414,-0.21298437906416537
SiC_10deg,10.0,0.0,3.38,0.004056916762450546,1.5019208546271414,-0.21298437906416537
SiC_10deg,10.0,0.0,3.4,0.004056916762450546,1.5019208546271414,-0.21298437906416537
SiC_10deg,10.0,0.0,3.42,0.004056916762450546,1.5019208546271414,-0.21298437906416537
SiC_10deg,10.0,0.0,3.44,0.004056916762450546,1.5019208546271414,-0.21298437906416537
SiC_10deg,10.0,0.0,3.46,0.004056916762450546,1.5019208546271414,-0.21298437906416537
SiC_10deg,10.0,0.0,3.48,0.004056916762450546,1.5019208546271414,-0.21298437906416537
SiC_10deg,10.0,0.0,3.5,0.004056916762450546,1.5019208546271414,-0.21298437906416537
SiC_10deg,10.0,0.0,3.52,0.004056916762450546,1.5019208546271414,-0.21298437906416537
SiC_10deg,10.0,0.0,3.54,0.004056916762450546,1.5019208546271414,-0.21298437906416537
SiC_10deg,10.0,0.0,3.56,0.004056916762450546,1.5019208546271414,-0.21298437906416537
SiC_10deg,10.0,0.0,3.58,0.004056916762450546,1.5019208546271414,-0.21298437906416537
SiC_10deg,10.0,0.0,3.6,0.004056916762450546,1.5019208546271414,-0.21298437906416537
SiC_10deg,10.0,0.0,3.62,0.004056916762450546,1.5019208546271414,-0.21298437906416537
SiC_10deg,10.0,0.0,3.64,0.004056916762450546,1.5019208546271414,-0.21298437906416537
SiC_10deg,10.0,0.0,3.66,0.004056916762450546,1.5019208546271414,-0.21298437906416537
SiC_10deg,10.0,0.0,3.68,0.004056916762450546,1.5019208546271414,-0.21298437906416537
SiC_10deg,10.0,0.0,3.7,0.004056916762450546,1.5019208546271414,-0.21298437906416537
SiC_10deg,10.0,0.0,3.7199999999999998,0.004056916762450546,1.5019208546271414,-0.21298437906416537
SiC_10deg,10.0,0.0,3.74,0.004056916762450546,1.5019208546271414,-0.21298437906416537
SiC_10deg,10.0,0.0,3.76,0.004056916762450546,1.5019208546271414,-0.21298437906416537
SiC_10deg,10.0,0.0,3.7800000000000002,0.004056916762450546,1.5019208546271414,-0.21298437906416537
SiC_10deg,10.0,0.0,3.8,0.004056916762450546,1.5019208546271414,-0.21298437906416537
SiC_10deg,10.0,0.0,3.8200000000000003,0.004056916762450546,1.5019208546271414,-0.21298437906416537
SiC_10deg,10.0,0.0,3.84,0.004056916762450546,1.5019208546271414,-0.21298437906416537
SiC_10deg,10.0,0.0,3.86,0.004056916762450546,1.5019208546271414,-0.21298437906416537
SiC_10deg,10.0,0.0,3.88,0.004056916762450546,1.5019208546271414,-0.21298437906416537
SiC_10deg,10.0,0.0,3.9,0.004056916762450546,1.5019208546271414,-0.21298437906416537
SiC_10deg,10.0,0.0,3.92,0.004056916762450546,1.5019208546271414,-0.21298437906416537
SiC_10deg,10.0,0.0,3.94,0.004056916762450546,1.5019208546271414,-0.21298437906416537
SiC_10deg,10.0,0.0,3.96,0.004056916762450546,1.5019208546271414,-0.21298437906416537
SiC_10deg,10.0,0.0,3.98,0.004056916762450546,1.5019208546271414,-0.21298437906416537
SiC_10deg,10.0,0.0,4.0,0.004056916762450546,1.5019208546271414,-0.21298437906416537
SiC_10deg,10.0,0.0,4.02,0.004056916762450546,1.5019208546271414,-0.21298437906416537
SiC_10deg,10.0,0.0,4.04,0.004056916762450546,1.5019208546271414,-0.21298437906416537
SiC_10deg,10.0,0.0,4.0600000000000005,0.004056916762450546,1.5019208546271414,-0.21298437906416537
SiC_10deg,10.0,0.0,4.08,0.004056916762450546,1.5019208546271414,-0.21298437906416537
SiC_10deg,10.0,0.0,4.1,0.004056916762450546,1.5019208546271414,-0.21298437906416537
SiC_10deg,10.0,0.0,4.12,0.004056916762450546,1.5019208546271414,-0.21298437906416537
SiC_10deg,10.0,0.0,4.140000000000001,0.004056916762450546,1.5019208546271414,-0.21298437906416537
SiC_10deg,10.0,0.0,4.16,0.004056916762450546,1.5019208546271414,-0.21298437906416537
SiC_10deg,10.0,0.0,4.18,0.004056916762450546,1.5019208546271414,-0.21298437906416537
SiC_10deg,10.0,0.0,4.2,0.004056916762450546,1.5019208546271414,-0.21298437906416537
SiC_10deg,10.0,0.0,4.22,0.004056916762450546,1.5019208546271414,-0.21298437906416537
SiC_10deg,10.0,0.0,4.24,0.004056916762450546,1.5019208546271414,-0.21298437906416537
SiC_10deg,10.0,0.0,4.26,0.004056916762450546,1.5019208546271414,-0.21298437906416537
SiC_10deg,10.0,0.0,4.28,0.004056916762450546,1.5019208546271414,-0.21298437906416537
SiC_10deg,10.0,0.0,4.3,0.004056916762450546,1.5019208546271414,-0.21298437906416537
SiC_10deg,10.0,0.0,4.32,0.004056916762450546,1.5019208546271414,-0.21298437906416537
SiC_10deg,10.0,0.0,4.34,0.004056916762450546,1.5019208546271414,-0.21298437906416537
SiC_10deg,10.0,0.0,4.36,0.004056916762450546,1.5019208546271414,-0.21298437906416537
SiC_10deg,10.0,0.0,4.38,0.004056916762450546,1.5019208546271414,-0.21298437906416537
SiC_10deg,10.0,0.0,4.4,0.004056916762450546,1.5019208546271414,-0.21298437906416537
SiC_10deg,10.0,0.0,4.42,0.004056916762450546,1.5019208546271414,-0.21298437906416537
SiC_10deg,10.0,0.0,4.4399999999999995,0.004056916762450546,1.5019208546271414,-0.21298437906416537
SiC_10deg,10.0,0.0,4.46,0.004056916762450546,1.5019208546271414,-0.21298437906416537
SiC_10deg,10.0,0.0,4.48,0.004056916762450546,1.5019208546271414,-0.21298437906416537
SiC_10deg,10.0,0.0,4.5,0.004056916762450546,1.5019208546271414,-0.21298437906416537
SiC_10deg,10.0,0.0,4.52,0.004056916762450546,1.5019208546271414,-0.21298437906416537
SiC_10deg,10.0,0.0,4.54,0.004056916762450546,1.5019208546271414,-0.21298437906416537
SiC_10deg,10.0,0.0,4.5600000000000005,0.004056916762450546,1.5019208546271414,-0.21298437906416537
SiC_10deg,10.0,0.0,4.58,0.004056916762450546,1.5019208546271414,-0.21298437906416537
SiC_10deg,10.0,0.0,4.6,0.004056916762450546,1.5019208546271414,-0.21298437906416537
SiC_10deg,10.0,0.0,4.62,0.004056916762450546,1.5019208546271414,-0.21298437906416537
SiC_10deg,10.0,0.0,4.640000000000001,0.004056916762450546,1.5019208546271414,-0.21298437906416537
SiC_10deg,10.0,0.0,4.66,0.004056916762450546,1.5019208546271414,-0.21298437906416537
SiC_10deg,10.0,0.0,4.68,0.004056916762450546,1.5019208546271414,-0.21298437906416537
SiC_10deg,10.0,0.0,4.7,0.004056916762450546,1.5019208546271414,-0.21298437906416537
SiC_10deg,10.0,0.0,4.72,0.004056916762450546,1.5019208546271414,-0.21298437906416537
SiC_10deg,10.0,0.0,4.74,0.004056916762450546,1.5019208546271414,-0.21298437906416537
SiC_10deg,10.0,0.0,4.76,0.004056916762450546,1.5019208546271414,-0.21298437906416537
SiC_10deg,10.0,0.0,4.78,0.004056916762450546,1.5019208546271414,-0.21298437906416537
SiC_10deg,10.0,0.0,4.8,0.004056916762450546,1.5019208546271414,-0.21298437906416537
SiC_10deg,10.0,0.0,4.82,0.004056916762450546,1.5019208546271414,-0.21298437906416537
SiC_10deg,10.0,0.0,4.84,0.004056916762450546,1.5019208546271414,-0.21298437906416537
SiC_10deg,10.0,0.0,4.86,0.004056916762450546,1.5019208546271414,-0.21298437906416537
SiC_10deg,10.0,0.0,4.88,0.004056916762450546,1.5019208546271414,-0.21298437906416537
SiC_10deg,10.0,0.0,4.9,0.004056916762450546,1.5019208546271414,-0.21298437906416537
SiC_10deg,10.0,0.0,4.92,0.004056916762450546,1.5019208546271414,-0.21298437906416537
SiC_10deg,10.0,0.0,4.9399999999999995,0.004056916762450546,1.5019208546271414,-0.21298437906416537
SiC_10deg,10.0,0.0,4.96,0.004056916762450546,1.5019208546271414,-0.21298437906416537
SiC_10deg,10.0,0.0,4.98,0.004056916762450546,1.5019208546271414,-0.21298437906416537
SiC_10deg,10.0,0.0,5.0,0.004056916762450546,1.5019208546271414,-0.21298437906416537
SiC_10deg,10.0,0.0,5.02,0.004056916762450546,1.5019208546271414,-0.21298437906416537
SiC_10deg,10.0,0.0,5.04,0.004056916762450546,1.5019208546271414,-0.21298437906416537
SiC_10deg,10.0,0.0,5.0600000000000005,0.004056916762450546,1.5019208546271414,-0.21298437906416537
SiC_10deg,10.0,0.0,5.08,0.004056916762450546,1.5019208546271414,-0.21298437906416537
SiC_10deg,10.0,0.0,5.1,0.004056916762450546,1.5019208546271414,-0.21298437906416537
SiC_10deg,10.0,0.0,5.12,0.004056916762450546,1.5019208546271414,-0.21298437906416537
SiC_10deg,10.0,0.0,5.140000000000001,0.004056916762450546,1.5019208546271414,-0.21298437906416537
SiC_10deg,10.0,0.0,5.16,0.004056916762450546,1.5019208546271414,-0.21298437906416537
SiC_10deg,10.0,0.0,5.18,0.004056916762450546,1.5019208546271414,-0.21298437906416537
SiC_10deg,10.0,0.0,5.2,0.004056916762450546,1.5019208546271414,-0.21298437906416537
SiC_10deg,10.0,0.0,5.220000000000001,0.004056916762450546,1.5019208546271414,-0.21298437906416537
SiC_10deg,10.0,0.0,5.24,0.004056916762450546,1.5019208546271414,-0.21298437906416537
SiC_10deg,10.0,0.0,5.26,0.004056916762450546,1.5019208546271414,-0.21298437906416537
SiC_10deg,10.0,0.0,5.28,0.004056916762450546,1.5019208546271414,-0.21298437906416537
SiC_10deg,10.0,0.0,5.300000000000001,0.004056916762450546,1.5019208546271414,-0.21298437906416537
SiC_10deg,10.0,0.0,5.32,0.004056916762450546,1.5019208546271414,-0.21298437906416537
SiC_10deg,10.0,0.0,5.34,0.004056916762450546,1.5019208546271414,-0.21298437906416537
SiC_10deg,10.0,0.0,5.359999999999999,0.004056916762450546,1.5019208546271414,-0.21298437906416537
SiC_10deg,10.0,0.0,5.38,0.004056916762450546,1.5019208546271414,-0.21298437906416537
SiC_10deg,10.0,0.0,5.4,0.004056916762450546,1.5019208546271414,-0.21298437906416537
SiC_10deg,10.0,0.0,5.42,0.004056916762450546,1.5019208546271414,-0.21298437906416537
SiC_10deg,10.0,0.0,5.4399999999999995,0.004056916762450546,1.5019208546271414,-0.21298437906416537
SiC_10deg,10.0,0.0,5.46,0.004056916762450546,1.5019208546271414,-0.21298437906416537
SiC_10deg,10.0,0.0,5.48,0.004056916762450546,1.5019208546271414,-0.21298437906416537
SiC_10deg,10.0,0.0,5.5,0.004056916762450546,1.5019208546271414,-0.21298437906416537
SiC_10deg,10.0,0.0,5.52,0.004056916762450546,1.5019208546271414,-0.21298437906416537
SiC_10deg,10.0,0.0,5.54,0.004056916762450546,1.5019208546271414,-0.21298437906416537
SiC_10deg,10.0,0.0,5.5600000000000005,0.004056916762450546,1.5019208546271414,-0.21298437906416537
SiC_10deg,10.0,0.0,5.58,0.004056916762450546,1.5019208546271414,-0.21298437906416537
SiC_10deg,10.0,0.0,5.6,0.004056916762450546,1.5019208546271414,-0.21298437906416537
SiC_10deg,10.0,0.0,5.62,0.004056916762450546,1.5019208546271414,-0.21298437906416537
SiC_10deg,10.0,0.0,5.640000000000001,0.004056916762450546,1.5019208546271414,-0.21298437906416537
SiC_10deg,10.0,0.0,5.66,0.004056916762450546,1.5019208546271414,-0.21298437906416537
SiC_10deg,10.0,0.0,5.68,0.004056916762450546,1.5019208546271414,-0.21298437906416537
SiC_10deg,10.0,0.0,5.7,0.004056916762450546,1.5019208546271414,-0.21298437906416537
SiC_10deg,10.0,0.0,5.720000000000001,0.004056916762450546,1.5019208546271414,-0.21298437906416537
SiC_10deg,10.0,0.0,5.74,0.004056916762450546,1.5019208546271414,-0.21298437906416537
SiC_10deg,10.0,0.0,5.76,0.004056916762450546,1.5019208546271414,-0.21298437906416537
SiC_10deg,10.0,0.0,5.78,0.004056916762450546,1.5019208546271414,-0.21298437906416537
SiC_10deg,10.0,0.0,5.800000000000001,0.004056916762450546,1.5019208546271414,-0.21298437906416537
SiC_10deg,10.0,0.0,5.82,0.004056916762450546,1.5019208546271414,-0.21298437906416537
SiC_10deg,10.0,0.0,5.84,0.004056916762450546,1.5019208546271414,-0.21298437906416537
SiC_10deg,10.0,0.0,5.859999999999999,0.004056916762450546,1.5019208546271414,-0.21298437906416537
SiC_10deg,10.0,0.0,5.88,0.004056916762450546,1.5019208546271414,-0.21298437906416537
SiC_10deg,10.0,0.0,5.9,0.004056916762450546,1.5019208546271414,-0.21298437906416537
SiC_10deg,10.0,0.0,5.92,0.004056916762450546,1.5019208546271414,-0.21298437906416537
SiC_10deg,10.0,0.0,5.9399999999999995,0.004056916762450546,1.5019208546271414,-0.21298437906416537
SiC_10deg,10.0,0.0,5.96,0.004056916762450546,1.5019208546271414,-0.21298437906416537
SiC_10deg,10.0,0.0,5.98,0.004056916762450546,1.5019208546271414,-0.21298437906416537
SiC_10deg,10.0,0.0,6.0,0.004056916762450546,1.5019208546271414,-0.21298437906416537
SiC_10deg,10.0,0.0,6.02,0.004056916762450546,1.5019208546271414,-0.21298437906416537
SiC_10deg,10.0,0.0,6.04,0.004056916762450546,1.5019208546271414,-0.21298437906416537
SiC_10deg,10.0,0.0,6.0600000000000005,0.004056916762450546,1.5019208546271414,-0.21298437906416537
SiC_10deg,10.0,0.0,6.08,0.004056916762450546,1.5019208546271414,-0.21298437906416537
SiC_10deg,10.0,0.0,6.1,0.004056916762450546,1.5019208546271414,-0.21298437906416537
SiC_10deg,10.0,0.0,6.12,0.004056916762450546,1.5019208546271414,-0.21298437906416537
SiC_10deg,10.0,0.0,6.140000000000001,0.004056916762450546,1.5019208546271414,-0.21298437906416537
SiC_10deg,10.0,0.0,6.16,0.004056916762450546,1.5019208546271414,-0.21298437906416537
SiC_10deg,10.0,0.0,6.18,0.004056916762450546,1.5019208546271414,-0.21298437906416537
SiC_10deg,10.0,0.0,6.2,0.004056916762450546,1.5019208546271414,-0.21298437906416537
SiC_10deg,10.0,0.0,6.220000000000001,0.004056916762450546,1.5019208546271414,-0.21298437906416537
SiC_10deg,10.0,0.0,6.24,0.004056916762450546,1.5019208546271414,-0.21298437906416537
SiC_10deg,10.0,0.0,6.26,0.004056916762450546,1.5019208546271414,-0.21298437906416537
SiC_10deg,10.0,0.0,6.28,0.004056916762450546,1.5019208546271414,-0.21298437906416537
SiC_10deg,10.0,0.0,6.300000000000001,0.004056916762450546,1.5019208546271414,-0.21298437906416537
SiC_10deg,10.0,0.0,6.32,0.004056916762450546,1.5019208546271414,-0.21298437906416537
SiC_10deg,10.0,0.0,6.34,0.004056916762450546,1.5019208546271414,-0.21298437906416537
SiC_10deg,10.0,0.0,6.359999999999999,0.004056916762450546,1.5019208546271414,-0.21298437906416537
SiC_10deg,10.0,0.0,6.38,0.004056916762450546,1.5019208546271414,-0.21298437906416537
SiC_10deg,10.0,0.0,6.4,0.004056916762450546,1.5019208546271414,-0.21298437906416537
SiC_10deg,10.0,0.0,6.42,0.004056916762450546,1.5019208546271414,-0.21298437906416537
SiC_10deg,10.0,0.0,6.4399999999999995,0.004056916762450546,1.5019208546271414,-0.21298437906416537
SiC_10deg,10.0,0.0,6.46,0.004056916762450546,1.5019208546271414,-0.21298437906416537
SiC_10deg,10.0,0.0,6.48,0.004056916762450546,1.5019208546271414,-0.21298437906416537
SiC_10deg,10.0,0.0,6.5,0.004056916762450546,1.5019208546271414,-0.21298437906416537
SiC_10deg,10.0,0.0,6.52,0.004056916762450546,1.5019208546271414,-0.21298437906416537
SiC_10deg,10.0,0.0,6.54,0.004056916762450546,1.5019208546271414,-0.21298437906416537
SiC_10deg,10.0,0.0,6.5600000000000005,0.004056916762450546,1.5019208546271414,-0.21298437906416537
SiC_10deg,10.0,0.0,6.58,0.004056916762450546,1.5019208546271414,-0.21298437906416537
SiC_10deg,10.0,0.0,6.6,0.004056916762450546,1.5019208546271414,-0.21298437906416537
SiC_10deg,10.0,0.0,6.62,0.004056916762450546,1.5019208546271414,-0.21298437906416537
SiC_10deg,10.0,0.0,6.640000000000001,0.004056916762450546,1.5019208546271414,-0.21298437906416537
SiC_10deg,10.0,0.0,6.66,0.004056916762450546,1.5019208546271414,-0.21298437906416537
SiC_10deg,10.0,0.0,6.68,0.004056916762450546,1.5019208546271414,-0.21298437906416537
SiC_10deg,10.0,0.0,6.7,0.004056916762450546,1.5019208546271414,-0.21298437906416537
SiC_10deg,10.0,0.0,6.720000000000001,0.004056916762450546,1.5019208546271414,-0.21298437906416537
SiC_10deg,10.0,0.0,6.74,0.004056916762450546,1.5019208546271414,-0.21298437906416537
SiC_10deg,10.0,0.0,6.76,0.004056916762450546,1.5019208546271414,-0.21298437906416537
SiC_10deg,10.0,0.0,6.78,0.004056916762450546,1.5019208546271414,-0.21298437906416537
SiC_10deg,10.0,0.0,6.800000000000001,0.004056916762450546,1.5019208546271414,-0.21298437906416537
SiC_10deg,10.0,0.0,6.82,0.004056916762450546,1.5019208546271414,-0.21298437906416537
SiC_10deg,10.0,0.0,6.84,0.004056916762450546,1.5019208546271414,-0.21298437906416537
SiC_10deg,10.0,0.0,6.859999999999999,0.004056916762450546,1.5019208546271414,-0.21298437906416537
SiC_10deg,10.0,0.0,6.88,0.004056916762450546,1.5019208546271414,-0.21298437906416537
SiC_10deg,10.0,0.0,6.9,0.004056916762450546,1.5019208546271414,-0.21298437906416537
SiC_10deg,10.0,0.0,6.92,0.004056916762450546,1.5019208546271414,-0.21298437906416537
SiC_10deg,10.0,0.0,6.9399999999999995,0.004056916762450546,1.5019208546271414,-0.21298437906416537
SiC_10deg,10.0,0.0,6.96,0.004056916762450546,1.5019208546271414,-0.21298437906416537
SiC_10deg,10.0,0.0,6.98,0.004056916762450546,1.5019208546271414,-0.21298437906416537
SiC_10deg,10.0,0.0,7.0,0.004056916762450546,1.5019208546271414,-0.21298437906416537
SiC_10deg,10.0,0.0,7.0200000000000005,0.004056916762450546,1.5019208546271414,-0.21298437906416537
SiC_10deg,10.0,0.0,7.04,0.004056916762450546,1.5019208546271414,-0.21298437906416537
SiC_10deg,10.0,0.0,7.0600000000000005,0.004056916762450546,1.5019208546271414,-0.21298437906416537
SiC_10deg,10.0,0.0,7.08,0.004056916762450546,1.5019208546271414,-0.21298437906416537
SiC_10deg,10.0,0.0,7.1,0.004056916762450546,1.5019208546271414,-0.21298437906416537
SiC_10deg,10.0,0.0,7.12,0.004056916762450546,1.5019208546271414,-0.21298437906416537
SiC_10deg,10.0,0.0,7.14,0.004056916762450546,1.5019208546271414,-0.21298437906416537
SiC_10deg,10.0,0.0,7.16,0.004056916762450546,1.5019208546271414,-0.21298437906416537
SiC_10deg,10.0,0.0,7.18,0.004056916762450546,1.5019208546271414,-0.21298437906416537
SiC_10deg,10.0,0.0,7.2,0.004056916762450546,1.5019208546271414,-0.21298437906416537
SiC_10deg,10.0,0.0,7.22,0.004056916762450546,1.5019208546271414,-0.21298437906416537
SiC_10deg,10.0,0.0,7.24,0.004056916762450546,1.5019208546271414,-0.21298437906416537
SiC_10deg,10.0,0.0,7.26,0.004056916762450546,1.5019208546271414,-0.21298437906416537
SiC_10deg,10.0,0.0,7.28,0.004056916762450546,1.5019208546271414,-0.21298437906416537
SiC_10deg,10.0,0.0,7.3,0.004056916762450546,1.5019208546271414,-0.21298437906416537
SiC_10deg,10.0,0.0,7.32,0.004056916762450546,1.5019208546271414,-0.21298437906416537
SiC_10deg,10.0,0.0,7.34,0.004056916762450546,1.5019208546271414,-0.21298437906416537
SiC_10deg,10.0,0.0,7.36,0.004056916762450546,1.5019208546271414,-0.21298437906416537
SiC_10deg,10.0,0.0,7.38,0.004056916762450546,1.5019208546271414,-0.21298437906416537
SiC_10deg,10.0,0.0,7.4,0.004056916762450546,1.5019208546271414,-0.21298437906416537
SiC_10deg,10.0,0.0,7.42,0.004056916762450546,1.5019208546271414,-0.21298437906416537
SiC_10deg,10.0,0.0,7.44,0.004056916762450546,1.5019208546271414,-0.21298437906416537
SiC_10deg,10.0,0.0,7.46,0.004056916762450546,1.5019208546271414,-0.21298437906416537
SiC_10deg,10.0,0.0,7.48,0.004056916762450546,1.5019208546271414,-0.21298437906416537
SiC_10deg,10.0,0.0,7.5,0.004056916762450546,1.5019208546271414,-0.21298437906416537
SiC_10deg,10.0,0.0,7.5200000000000005,0.004056916762450546,1.5019208546271414,-0.21298437906416537
SiC_10deg,10.0,0.0,7.54,0.004056916762450546,1.5019208546271414,-0.21298437906416537
SiC_10deg,10.0,0.0,7.5600000000000005,0.004056916762450546,1.5019208546271414,-0.21298437906416537
SiC_10deg,10.0,0.0,7.58,0.004056916762450546,1.5019208546271414,-0.21298437906416537
SiC_10deg,10.0,0.0,7.6000000000000005,0.004056916762450546,1.5019208546271414,-0.21298437906416537
SiC_10deg,10.0,0.0,7.62,0.004056916762450546,1.5019208546271414,-0.21298437906416537
SiC_10deg,10.0,0.0,7.64,0.004056916762450546,1.5019208546271414,-0.21298437906416537
SiC_10deg,10.0,0.0,7.66,0.004056916762450546,1.5019208546271414,-0.21298437906416537
SiC_10deg,10.0,0.0,7.68,0.004056916762450546,1.5019208546271414,-0.21298437906416537
SiC_10deg,10.0,0.0,7.7,0.004056916762450546,1.5019208546271414,-0.21298437906416537
SiC_10deg,10.0,0.0,7.72,0.004056916762450546,1.5019208546271414,-0.21298437906416537
SiC_10deg,10.0,0.0,7.74,0.004056916762450546,1.5019208546271414,-0.21298437906416537
SiC_10deg,10.0,0.0,7.76,0.004056916762450546,1.5019208546271414,-0.21298437906416537
SiC_10deg,10.0,0.0,7.78,0.004056916762450546,1.5019208546271414,-0.21298437906416537
SiC_10deg,10.0,0.0,7.8,0.004056916762450546,1.5019208546271414,-0.21298437906416537
SiC_10deg,10.0,0.0,7.82,0.004056916762450546,1.5019208546271414,-0.21298437906416537
SiC_10deg,10.0,0.0,7.84,0.004056916762450546,1.5019208546271414,-0.21298437906416537
SiC_10deg,10.0,0.0,7.86,0.004056916762450546,1.5019208546271414,-0.21298437906416537
SiC_10deg,10.0,0.0,7.88,0.004056916762450546,1.5019208546271414,-0.21298437906416537
SiC_10deg,10.0,0.0,7.9,0.004056916762450546,1.5019208546271414,-0.21298437906416537
SiC_10deg,10.0,0.0,7.92,0.004056916762450546,1.5019208546271414,-0.21298437906416537
SiC_10deg,10.0,0.0,7.94,0.004056916762450546,1.5019208546271414,-0.21298437906416537
SiC_10deg,10.0,0.0,7.96,0.004056916762450546,1.5019208546271414,-0.21298437906416537
SiC_10deg,10.0,0.0,7.98,0.004056916762450546,1.5019208546271414,-0.21298437906416537
SiC_10deg,10.0,0.0,8.0,0.004056916762450546,1.5019208546271414,-0.21298437906416537
SiC_10deg,10.0,0.05,3.0,0.006266169603915006,1.0106000674382816,-0.08576670689968593
SiC_10deg,10.0,0.05,3.02,0.006300825194870093,1.015678655089889,-0.08703678881441532
SiC_10deg,10.0,0.05,3.04,0.006330227007678244,1.0207743948732781,-0.0883140294342097
SiC_10deg,10.0,0.05,3.06,0.006349254902050387,1.0264089335119981,-0.08973850939803979
SiC_10deg,10.0,0.05,3.08,0.0063554165822544625,1.032418263310384,-0.09127156733419547
SiC_10deg,10.0,0.05,3.1,0.006349194399005209,1.0378813016534845,-0.09267701121932659
SiC_10deg,10.0,0.05,3.12,0.0063334075964955345,1.0414313618324114,-0.09360159635858865
SiC_10deg,10.0,0.05,3.14,0.006311812392191415,1.0418528163008425,-0.0937294745161999
SiC_10deg,10.0,0.05,3.16,0.006287490586035664,1.0386853706839767,-0.09293883869705256
SiC_10deg,10.0,0.05,3.18,0.006261769251075491,1.0325100029997167,-0.09137641471653671
SiC_10deg,10.0,0.05,3.2,0.006234167995650316,1.0247673142284766,-0.08941102926154253
SiC_10deg,10.0,0.05,3.22,0.006203271831013151,1.0172404730051858,-0.08750025030521165
SiC_10deg,10.0,0.05,3.24,0.006167969569979089,1.011485688307332,-0.0860432090182417
SiC_10deg,10.0,0.05,3.26,0.006128483679351041,1.008433003120157,-0.08527732050173727
SiC_10deg,10.0,0.05,3.2800000000000002,0.006086870356015246,1.0082320377115652,-0.08523838126816642
SiC_10deg,10.0,0.05,3.3,0.006046883876439812,1.010317555594736,-0.08577769455016966
SiC_10deg,10.0,0.05,3.32,0.006013203279233385,1.0136427659601348,-0.08662280069727284
SiC_10deg,10.0,0.05,3.34,0.005990139444594497,1.0170233596414662,-0.08746697933761417
SiC_10deg,10.0,0.05,3.36,0.00598017239403856,1.0195102118159043,-0.08806608045282859
SiC_10deg,10.0,0.05,3.38,0.005982899931428381,1.0206730861269675,-0.0883120004381173
SiC_10deg,10.0,0.05,3.4,0.005994942937404655,1.0206800113917391,-0.08825284510518033
SiC_10deg,10.0,0.05,3.42,0.00601093454446317,1.0201293215009275,-0.08804875370337434
SiC_10deg,10.0,0.05,3.44,0.006025177710368752,1.0197035918491535,-0.08788156045469686
SiC_10deg,10.0,0.05,3.46,0.006033285089667588,1.0197969880678646,-0.0878577408137233
SiC_10deg,10.0,0.05,3.48,0.00603323001636125,1.0202768807312699,-0.0879463472222315
SiC_10deg,10.0,0.05,3.5,0.006025535321424948,1.020485925782856,-0.08797934990281882
SiC_10deg,10.0,0.05,3.52,0.006012611851983179,1.0194984460071463,-0.08771787186085962
SiC_10deg,10.0,0.05,3.54,0.0059975142275096645,1.0165350881730961,-0.0869594596311254
SiC_10deg,10.0,0.05,3.56,0.005982616716475453,1.0113504011384122,-0.08563849539116407
SiC_10deg,10.0,0.05,3.58,0.005968790130650868,1.0044042461773126,-0.08387087041354409
SiC_10deg,10.0,0.05,3.6,0.005955424095329859,0.9967389613031803,-0.08192265664862887
SiC_10deg,10.0,0.05,3.62,0.0059411886501045345,0.9896407573266451,-0.08012293649040021
SiC_10deg,10.0,0.05,3.64,0.0059250921325770065,0.9842516824306419,-0.07876370704597424
SiC_10deg,10.0,0.05,3.66,0.005907364891264796,0.9812757272568451,-0.07802399033208803
SiC_10deg,10.0,0.05,3.68,0.005889875543781081,0.9808440492441116,-0.07793504204601971
SiC_10deg,10.0,0.05,3.7,0.0058759677279026454,0.9825406404925793,-0.07838710873694368
SiC_10deg,10.0,0.05,3.7199999999999998,0.005869725595178998,0.9855621884034558,-0.07917100334925468
SiC_10deg,10.0,0.05,3.74,0.005874805700419663,0.9889727963702728,-0.08004429590381625
SiC_10deg,10.0,0.05,3.76,0.005893163617325711,0.9919923316684424,-0.08080616141870733
SiC_10deg,10.0,0.05,3.7800000000000002,0.005924165209819341,0.9942304170199873,-0.08135797125396584
SiC_10deg,10.0,0.05,3.8,0.005964516352485789,0.9957757117364505,-0.08172615813782466
SiC_10deg,10.0,0.05,3.8200000000000003,0.006009101879597342,0.9970955827941534,-0.08203577310827256
SiC_10deg,10.0,0.05,3.84,0.006052392950863976,0.9987807690950044,-0.08244383360536257
SiC_10deg,10.0,0.05,3.86,0.006089860226785974,1.001238623789492,-0.08305942474527875
SiC_10deg,10.0,0.05,3.88,0.006118914946040384,1.0044615160881998,-0.08388338935949477
SiC_10deg,10.0,0.05,3.9,0.006139144921084217,1.007971038068999,-0.08479364403489537
SiC_10deg,10.0,0.05,3.92,0.006151851692299531,1.0109771731715356,-0.08558622316727373
SiC_10deg,10.0,0.05,3.94,0.006159093416053938,1.0127056893544428,-0.08605996669463883
SiC_10deg,10.0,0.05,3.96,0.0061626104589469375,1.0127596602286417,-0.0861101996314535
SiC_10deg,10.0,0.05,3.98,0.006163084883452757,1.0113441221910728,-0.08578717391167519
SiC_10deg,10.0,0.05,4.0,0.006160044122863878,1.0092421017533115,-0.08529027778644904
SiC_10deg,10.0,0.05,4.02,0.006152393763011497,1.0075598474144642,-0.0849024877638214
SiC_10deg,10.0,0.05,4.04,0.006139271963825486,1.0073669255338216,-0.08489746895024348
SiC_10deg,10.0,0.05,4.0600000000000005,0.006120839854852941,1.0093759022795956,-0.08545676656540702
SiC_10deg,10.0,0.05,4.08,0.006098726320184092,1.0137544429262166,-0.08662120124755804
SiC_10deg,10.0,0.05,4.1,0.006075985092417056,1.02010065530582,-0.08828456724651908
SiC_10deg,10.0,0.05,4.12,0.006056525910428599,1.0275741832314471,-0.09022777322788403
SiC_10deg,10.0,0.05,4.140000000000001,0.006044097128047779,1.0351509819016202,-0.09218511146721763
SiC_10deg,10.0,0.05,4.16,0.006041080278263699,1.041937367949064,-0.09392586584371494
SiC_10deg,10.0,0.05,4.18,0.006047543276325047,1.047441731939457,-0.09532478259074116
SiC_10deg,10.0,0.05,4.2,0.006061006637267238,1.0516933328875266,-0.09639265194243825
SiC_10deg,10.0,0.05,4.22,0.006077096508071214,1.0551471290264247,-0.09725120897958131
SiC_10deg,10.0,0.05,4.24,0.006090834028036998,1.0584082146430882,-0.09806119270760981
SiC_10deg,10.0,0.05,4.26,0.006098037323419753,1.0618947697949965,-0.0989345319509841
SiC_10deg,10.0,0.05,4.28,0.006096334827989994,1.065587465861397,-0.09986907045275834
SiC_10deg,10.0,0.05,4.3,0.0060855021537229445,1.068979382325488,-0.10073536752200518
SiC_10deg,10.0,0.05,4.32,0.006067078464209177,1.0712619921545197,-0.10132474041547324
SiC_10deg,10.0,0.05,4.34,0.006043441829552851,1.0716807394283747,-0.10144132008119941
SiC_10deg,10.0,0.05,4.36,0.006016724822861929,1.0699028948301579,-0.10099740958199985
SiC_10deg,10.0,0.05,4.38,0.005988045312628354,1.066218343770598,-0.10006571953109895
SiC_10deg,10.0,0.05,4.4,0.005957388816934305,1.061476004483626,-0.0988632375593408
SiC_10deg,10.0,0.05,4.42,0.0059241426026308205,1.0567988653403537,-0.09767776654263861
SiC_10deg,10.0,0.05,4.4399999999999995,0.005887973810613576,1.0532194118795923,-0.09677376249573122
SiC_10deg,10.0,0.05,4.46,0.005849650125358519,1.0513795425486785,-0.0963147777255935
SiC_10deg,10.0,0.05,4.48,0.005811494258558267,1.0513768093555127,-0.0963237587876655
SiC_10deg,10.0,0.05,4.5,0.005777303652237856,1.052774511908567,-0.09668581282589918
SiC_10deg,10.0,0.05,4.52,0.005751689511374244,1.054755302929526,-0.09718820968671837
SiC_10deg,10.0,0.05,4.54,0.0057389381477924726,1.0563752027136306,-0.09758642025348856
SiC_10deg,10.0,0.05,4.5600000000000005,0.005741708673168042,1.0568499097072699,-0.09767844775144657
SiC_10deg,10.0,0.05,4.58,0.005760062359895398,1.0557828543161294,-0.09736388246678365
SiC_10deg,10.0,0.05,4.6,0.005791281331887374,1.053249862610067,-0.09666557575258411
SiC_10deg,10.0,0.05,4.62,0.0058306002738797765,1.0497053395342952,-0.09570489887654955
SiC_10deg,10.0,0.05,4.640000000000001,0.005872534581885936,1.0457514675501896,-0.09464146907586612
SiC_10deg,10.0,0.05,4.66,0.005912247180181741,1.0418716773105674,-0.09360369956363321
SiC_10deg,10.0,0.05,4.68,0.005946472595312512,1.0382410517825638,-0.09263941009762015
SiC_10deg,10.0,0.05,4.7,0.005973778558469988,1.0346903073309275,-0.09170632984939847
SiC_10deg,10.0,0.05,4.72,0.005994209868463295,1.0308365571146174,-0.09070587168706931
SiC_10deg,10.0,0.05,4.74,0.00600854885195274,1.0263243116401957,-0.08954552374295534
SiC_10deg,10.0,0.05,4.76,0.006017532160894854,1.0210678946340677,-0.08820170327664358
SiC_10deg,10.0,0.05,4.78,0.006021356717946414,1.0153808786589331,-0.08675347024637745
SiC_10deg,10.0,0.05,4.8,0.0060196608208319515,1.0099323727841734,-0.08537149225250146
SiC_10deg,10.0,0.05,4.82,0.00601193697500817,1.00555546161975,-0.08426873759733185
SiC_10deg,10.0,0.05,4.84,0.005998152977327392,1.0029951637433572,-0.08363544700525695
SiC_10deg,10.0,0.05,4.86,0.005979312825704856,1.0026904333533702,-0.08358283651256533
SiC_10deg,10.0,0.05,4.88,0.00595774899078956,1.0046515563445977,-0.08411145076515365
SiC_10deg,10.0,0.05,4.9,0.0059370226808773225,1.0084550562713934,-0.08510995136675653
SiC_10deg,10.0,0.05,4.92,0.005921388003057946,1.0133511591459012,-0.08638309777893738
SiC_10deg,10.0,0.05,4.9399999999999995,0.005914881816746062,1.0184589913122153,-0.08770248165629459
SiC_10deg,10.0,0.05,4.96,0.005920258650227055,1.0230015868380977,-0.08886753957374924
SiC_10deg,10.0,0.05,4.98,0.005938138423193344,1.0265097965748078,-0.08975839215859938
SiC_10deg,10.0,0.05,5.0,0.0059667379495457135,1.0289205710695,-0.09036114913936741
SiC_10deg,10.0,0.05,5.02,0.006002337623300066,1.0305274915221114,-0.09075478370219886
SiC_10deg,10.0,0.05,5.04,0.006040298228273026,1.0318019261921803,-0.0910644178938195
SiC_10deg,10.0,0.05,5.0600000000000005,0.006076211493385472,1.033160044559921,-0.09140060392901828
SiC_10deg,10.0,0.05,5.08,0.00610677026642102,1.0347740169907083,-0.0918101312236404
SiC_10deg,10.0,0.05,5.1,0.006130121811581855,1.0365073386917103,-0.09225907473435203
SiC_10deg,10.0,0.05,5.12,0.006145686017382063,1.0380048368673578,-0.09265598764024348
SiC_10deg,10.0,0.05,5.140000000000001,0.006153598388547786,1.0389032903350663,-0.09290641532881085
SiC_10deg,10.0,0.05,5.16,0.006154052034667913,1.0390700501711465,-0.09297476453269848
SiC_10deg,10.0,0.05,5.18,0.0061468353101252066,1.038755431651106,-0.09292395109616604
SiC_10deg,10.0,0.05,5.2,0.006131261344246582,1.0385822659452026,-0.09291294915569587
SiC_10deg,10.0,0.05,5.220000000000001,0.006106495678708415,1.0393765729916367,-0.09315319457456854
SiC_10deg,10.0,0.05,5.24,0.0060721159092072385,1.0419152449777502,-0.09384343145302802
SiC_10deg,10.0,0.05,5.26,0.006028670477601211,1.0466887411447698,-0.09510836777999583
SiC_10deg,10.0,0.05,5.28,0.005978034105216563,1.0537524645534786,-0.09696026092647747
SiC_10deg,10.0,0.05,5.300000000000001,0.00592341897512027,1.0627013321571415,-0.09929243550930238
SiC_10deg,10.0,0.05,5.32,0.005868961187189911,1.0727702521285616,-0.10190547966054933
SiC_10deg,10.0,0.05,5.34,0.005818892095765427,1.0830374779063074,-0.10456014257227521
SiC_10deg,10.0,0.05,5.359999999999999,0.005776461243479538,1.0926787703889738,-0.10704337294380796
SiC_10deg,10.0,0.05,5.38,0.005742959225450019,1.1011921867438519,-0.1092266251304078
SiC_10deg,10.0,0.05,5.4,0.005717255523543027,1.108507928486491,-0.11109419407619797
SiC_10deg,10.0,0.05,5.42,0.005696099789411962,1.1149339730824759,-0.1127288221426519
SiC_10deg,10.0,0.05,5.4399999999999995,0.005675095195459485,1.1209568856995737,-0.11425969087785284
SiC_10deg,10.0,0.05,5.46,0.005649960809413294,1.1269815560218959,-0.11579460498568984
SiC_10deg,10.0,0.05,5.48,0.005617629583627325,1.133119131381279,-0.11736474894935309
SiC_10deg,10.0,0.05,5.5,0.005576861818472761,1.139110815429168,-0.11890473974608726
SiC_10deg,10.0,0.05,5.52,0.0055282652403317355,1.1444195287358403,-0.12027624431958063
SiC_10deg,10.0,0.05,5.54,0.00547381638405461,1.1484509462597787,-0.12132518186049648
SiC_10deg,10.0,0.05,5.5600000000000005,0.005416147528730674,1.1508044166070959,-0.12194675125927834
SiC_10deg,10.0,0.05,5.58,0.005357956580586296,1.1514343378053291,-0.12212736380099537
SiC_10deg,10.0,0.05,5.6,0.005301841722786779,1.1506438131162533,-0.12194321650791931
SiC_10deg,10.0,0.05,5.62,0.005250646063590544,1.1489157499414089,-0.12151679514257512
SiC_10deg,10.0,0.05,5.640000000000001,0.0052081244076037665,1.1466602162978192,-0.12095167003015896
SiC_10deg,10.0,0.05,5.66,0.005179554355622877,1.1439809812077821,-0.1202722248603722
SiC_10deg,10.0,0.05,5.68,0.005171869768674718,1.1405413513372453,-0.11938908811716127
SiC_10deg,10.0,0.05,5.7,0.0051929916848440965,1.135568510070303,-0.11810045542146974
SiC_10deg,10.0,0.05,5.720000000000001,0.005250282123524853,1.1279975597223162,-0.11612962376679387
SiC_10deg,10.0,0.05,5.74,0.005348459116904773,1.1167229068343523,-0.1131903168658799
SiC_10deg,10.0,0.05,5.76,0.005487739952510496,1.1008920691477164,-0.1090629022798424
SiC_10deg,10.0,0.05,5.78,0.0056630794348773075,1.0801543337477397,-0.10365873007739225
SiC_10deg,10.0,0.05,5.800000000000001,0.00586491074116026,1.0547840091489893,-0.09705177076149583
SiC_10deg,10.0,0.05,5.82,0.006081034162853514,1.025645021327668,-0.08946899538459821
SiC_10deg,10.0,0.05,5.84,0.006298803837858142,0.9940306790150433,-0.0812483847665588
SiC_10deg,10.0,0.05,5.859999999999999,0.0065068316769995495,0.9614598904518976,-0.07278575378434263
SiC_10deg,10.0,0.05,5.88,0.00669586183215996,0.9295114824476153,-0.06449161946307626
SiC_10deg,10.0,0.05,5.9,0.006858893281210141,0.8997373508061408,-0.05676867202402682
SiC_10deg,10.0,0.05,5.92,0.006990834730099708,0.8736427579831444,-0.050006783150860705
SiC_10deg,10.0,0.05,5.9399999999999995,0.007087974810890449,0.8526882572326562,-0.044583701941431145
SiC_10deg,10.0,0.05,5.96,0.007147449008453897,0.8382667200635642,-0.040859326429095726
SiC_10deg,10.0,0.05,5.98,0.007166782454021991,0.8316351689804053,-0.039158234908488264
SiC_10deg,10.0,0.05,6.0,0.007143534883213691,0.8338137700243521,-0.039743631631994424
SiC_10deg,10.0,0.05,6.02,0.007075071557196664,0.8454810448718755,-0.042790215420066106
SiC_10deg,10.0,0.05,6.04,0.006958503591461326,0.8668879044091997,-0.04836184293292244
SiC_10deg,10.0,0.05,6.0600000000000005,0.006790852311889264,0.8977959101513547,-0.05639543516032924
SiC_10deg,10.0,0.05,6.08,0.006569478515657764,0.9374360020288175,-0.06669021609775079
SiC_10deg,10.0,0.05,6.1,0.0062927764665127554,0.9844910085037518,-0.0789032030168638
SiC_10deg,10.0,0.05,6.12,0.005961071565300662,1.0371209260690102,-0.09255590682691685
SiC_10deg,10.0,0.05,6.140000000000001,0.005577602962239469,1.093057291274207,-0.10705906238877468
SiC_10deg,10.0,0.05,6.16,0.005149466138194142,1.149777484489084,-0.12175814301959006
SiC_10deg,10.0,0.05,6.18,0.004688497790942035,1.2047318009272725,-0.13599251653432115
SiC_10deg,10.0,0.05,6.2,0.004212329340222703,1.2555570874418414,-0.14915096930796787
SiC_10deg,10.0,0.05,6.220000000000001,0.003746099099603909,1.300203220928467,-0.1607044132637591
SiC_10deg,10.0,0.05,6.24,0.003325133872537201,1.3369399543953409,-0.17020735608740248
SiC_10deg,10.0,0.05,6.26,0.0029970410392375847,1.3642834499812526,-0.1772783913287712
SiC_10deg,10.0,0.05,6.28,0.002816544673356074,1.380939380981037,-0.18158491697477627
SiC_10deg,10.0,0.05,6.300000000000001,0.0028238146877260463,1.3858623143447506,-0.18285802546698038
SiC_10deg,10.0,0.05,6.32,0.0030166814260705705,1.378468242486972,-0.18094721446960502
SiC_10deg,10.0,0.05,6.34,0.0033505042187142696,1.3589348851781018,-0.1758980613263724
SiC_10deg,10.0,0.05,6.359999999999999,0.003765922077520548,1.3284398316132395,-0.16801406221010995
SiC_10deg,10.0,0.05,6.38,0.004211372833264331,1.289181673185598,-0.15786248894813273
SiC_10deg,10.0,0.05,6.4,0.004649735311885504,1.2441229487979417,-0.14620829717829625
SiC_10deg,10.0,0.05,6.42,0.005057188998379737,1.1965311456326757,-0.1338956774485099
SiC_10deg,10.0,0.05,6.4399999999999995,0.005420333519646568,1.1494828255058633,-0.12171988875741109
SiC_10deg,10.0,0.05,6.46,0.005733358831738104,1.1054862247042119,-0.110329585907056
SiC_10deg,10.0,0.05,6.48,0.005995591655955583,1.0662977526094681,-0.10017923143980136
SiC_10deg,10.0,0.05,6.5,0.006209491097156547,1.032922818917507,-0.09152919910085736
SiC_10deg,10.0,0.05,6.52,0.0063791201160431615,1.005743474084103,-0.08447874022804638
SiC_10deg,10.0,0.05,6.54,0.006509071839257622,0.9847056231808952,-0.07901442518663075
SiC_10deg,10.0,0.05,6.5600000000000005,0.006603793879363041,0.9695079816697596,-0.07505907026542798
SiC_10deg,10.0,0.05,6.58,0.006667244606046708,0.9597486945161672,-0.07250970184839846
SiC_10deg,10.0,0.05,6.6,0.006702820515845088,0.9550012545960987,-0.07125718187697935
SiC_10deg,10.0,0.05,6.62,0.006713494730185788,0.9548123841578584,-0.07118558331683428
SiC_10deg,10.0,0.05,6.640000000000001,0.006702094763630248,0.958640203117706,-0.07215607021921006
SiC_10deg,10.0,0.05,6.66,0.006671626812493259,0.9657738920428777,-0.073985971787043
SiC_10deg,10.0,0.05,6.68,0.006625533506550224,0.975287005922154,-0.07643656991181817
SiC_10deg,10.0,0.05,6.7,0.00656776578961657,0.9860697501338951,-0.07922133923641453
SiC_10deg,10.0,0.05,6.720000000000001,0.006502578129241051,0.996959242201394,-0.08203957288810022
SiC_10deg,10.0,0.05,6.74,0.0064340403548870835,1.0069449982055434,-0.08462951837617885
SiC_10deg,10.0,0.05,6.76,0.006365390584850994,1.015384075434257,-0.08682407215024145
SiC_10deg,10.0,0.05,6.78,0.006298468425474093,1.0221410780913853,-0.08858709444158755
SiC_10deg,10.0,0.05,6.800000000000001,0.0062334758574074545,1.0275913621769668,-0.090014368180528
SiC_10deg,10.0,0.05,6.82,0.006169182653820553,1.0324831634717762,-0.09129805846607544
SiC_10deg,10.0,0.05,6.84,0.006103499468558829,1.037711805709439,-0.09266839427715085
SiC_10deg,10.0,0.05,6.859999999999999,0.006034207348148566,1.0440843582135193,-0.0943328415000588
SiC_10deg,10.0,0.05,6.88,0.005959617078205355,1.0521410598274417,-0.09642994481792892
SiC_10deg,10.0,0.05,6.9,0.0058790011639617825,1.062068918344898,-0.09900703207888172
SiC_10deg,10.0,0.05,6.92,0.005792729700525037,1.0737127324889237,-0.10202316260920014
SiC_10deg,10.0,0.05,6.9399999999999995,0.005702117099292651,1.0866661296255111,-0.10537281374302145
SiC_10deg,10.0,0.05,6.96,0.00560905617649366,1.1004076890028462,-0.10892123404728495
SiC_10deg,10.0,0.05,6.98,0.005515585272872349,1.1144345212127469,-0.11253908510893595
SiC_10deg,10.0,0.05,7.0,0.00542357639825608,1.1283446275139315,-0.1161237278974245
SiC_10deg,10.0,0.05,7.0200000000000005,0.0053347014243443755,1.1418376743568368,-0.11959928002040095
SiC_10deg,10.0,0.05,7.04,0.005250710699855857,1.1546392750073329,-0.12289678656291729
SiC_10deg,10.0,0.05,7.0600000000000005,0.005173887049373946,1.166391436241972,-0.1259255950334201
SiC_10deg,10.0,0.05,7.08,0.00510740170793052,1.1765727152479863,-0.12855243140998096
SiC_10deg,10.0,0.05,7.1,0.005055273278235599,1.1845047805327928,-0.130602886768817
SiC_10deg,10.0,0.05,7.12,0.005021756252493921,1.1894681540834229,-0.13189123348136636
SiC_10deg,10.0,0.05,7.14,0.005010250850080576,1.1908999195421839,-0.13227154653766637
SiC_10deg,10.0,0.05,7.16,0.005022131417641318,1.1886004663746523,-0.1316912676384131
SiC_10deg,10.0,0.05,7.18,0.005056040194268591,1.1828601822539688,-0.13022414841546337
SiC_10deg,10.0,0.05,7.2,0.005108022882812545,1.1744454515180343,-0.128066841700423
SiC_10deg,10.0,0.05,7.22,0.005172460981036411,1.1644443620038913,-0.1254991883093671
SiC_10deg,10.0,0.05,7.24,0.005243379291864324,1.1540307414488817,-0.12282332065454307
SiC_10deg,10.0,0.05,7.26,0.00531561927667641,1.1442289557660152,-0.12030289785986686
SiC_10deg,10.0,0.05,7.28,0.005385547569444572,1.1357470082576355,-0.11811996797129526
SiC_10deg,10.0,0.05,7.3,0.005451220616290746,1.1289109229623158,-0.11635802858412471
SiC_10deg,10.0,0.05,7.32,0.0055121032224660195,1.12369992099151,-0.11501118821295296
SiC_10deg,10.0,0.05,7.34,0.005568518795193765,1.119857786522216,-0.11401306556627902
SiC_10deg,10.0,0.05,7.36,0.005621033248254406,1.1170397545365727,-0.11327487638659725
SiC_10deg,10.0,0.05,7.38,0.005669967802138853,1.1149456878594795,-0.11271992286596982
SiC_10deg,10.0,0.05,7.4,0.005715187950019144,1.1133941802883478,-0.11230270816866686
SiC_10deg,10.0,0.05,7.42,0.005756215565708927,1.112313428870896,-0.1120064163505733
SiC_10deg,10.0,0.05,7.44,0.005792583894473842,1.1116591350584302,-0.1118214412686195
SiC_10deg,10.0,0.05,7.46,0.005824256965080397,1.1113027906852322,-0.111716234911569
SiC_10deg,10.0,0.05,7.48,0.005851910275861788,1.1109494637689827,-0.11161582172909316
SiC_10deg,10.0,0.05,7.5,0.00587692368354383,1.1101349536684972,-0.1114009155230204
SiC_10deg,10.0,0.05,7.5200000000000005,0.005901047347102693,1.108320730853322,-0.11093241820200718
SiC_10deg,10.0,0.05,7.54,0.0059258354661261255,1.1050618967052397,-0.11009489499682935
SiC_10deg,10.0,0.05,7.5600000000000005,0.005952056462244983,1.1001852814863522,-0.10884274804545649
SiC_10deg,10.0,0.05,7.58,0.005979322786671868,1.0939018280489603,-0.10722944020623146
SiC_10deg,10.0,0.05,7.6000000000000005,0.00600609947684839,1.0868014180107402,-0.1054063185731846
SiC_10deg,10.0,0.05,7.62,0.006030081685339553,1.0797292973366466,-0.1035907795587912
SiC_10deg,10.0,0.05,7.64,0.006048777959318239,1.0735920884163943,-0.10201616669230192
SiC_10deg,10.0,0.05,7.66,0.0060600831798347365,1.0691618931751468,-0.10088112800537719
SiC_10deg,10.0,0.05,7.68,0.0060626751226756075,1.0669354807433646,-0.10031320523343715
SiC_10deg,10.0,0.05,7.7,0.006056160911072827,1.067077576065393,-0.10035419602804152
SiC_10deg,10.0,0.05,7.72,0.006040978670002515,1.0694497340990434,-0.10096769551585731
SiC_10deg,10.0,0.05,7.74,0.006018111935241729,1.0737057393619929,-0.1020638827811251
SiC_10deg,10.0,0.05,7.76,0.0059887125982829295,1.0794197028180055,-0.10353276919066681
SiC_10deg,10.0,0.05,7.78,0.005953757357791111,1.0862040008909024,-0.10527477340463626
SiC_10deg,10.0,0.05,7.8,0.005913865383208341,1.0937759990139957,-0.10721795917623524
SiC_10deg,10.0,0.05,7.82,0.0058693586697685565,1.1019502637646643,-0.10931589618530245
SiC_10deg,10.0,0.05,7.84,0.005820553915159458,1.1105636558749934,-0.11152808027179618
SiC_10deg,10.0,0.05,7.86,0.005768172039075688,1.119371522782165,-0.11379284833738267
SiC_10deg,10.0,0.05,7.88,0.005713685289461168,1.1279693020753707,-0.11600688724217835
SiC_10deg,10.0,0.05,7.9,0.00565942104508736,1.1357872004509433,-0.11802370096047009
SiC_10deg,10.0,0.05,7.92,0.00560831214959073,1.1421776705447344,-0.11967615409564511
SiC_10deg,10.0,0.05,7.94,0.0055633156629058085,1.1465752488628893,-0.1208178092279005
SiC_10deg,10.0,0.05,7.96,0.005526678813841641,1.1486714822536548,-0.12136823790573169
SiC_10deg,10.0,0.05,7.98,0.00549933738733006,1.1485331112919714,-0.12134370768804378
SiC_10deg,10.0,0.05,8.0,0.0054807059486951075,1.146611240628502,-0.12085969552300045
SiC_10deg,10.0,0.15,3.0,0.00837717506463657,0.24607389857935366,0.11244658264005067
SiC_10deg,10.0,0.15,3.02,0.008425784270528498,0.23523142639101097,0.11529707800710806
SiC_10deg,10.0,0.15,3.04,0.008467512916402733,0.22543411039625466,0.11787108680643534
SiC_10deg,10.0,0.15,3.06,0.008498960058558989,0.21800151150917674,0.11982381948787103
SiC_10deg,10.0,0.15,3.08,0.00851828126560463,0.2137727767334217,0.12093653607638194
SiC_10deg,10.0,0.15,3.1,0.00852482947663487,0.21303721881790685,0.1211338923757244
SiC_10deg,10.0,0.15,3.12,0.008518791121070532,0.21556022416727752,0.12047673013221442
SiC_10deg,10.0,0.15,3.14,0.008500980032094416,0.22069811513405,0.11913219858716398
SiC_10deg,10.0,0.15,3.16,0.008472736515818318,0.22761237208062657,0.11731844999164
SiC_10deg,10.0,0.15,3.18,0.008435811280662774,0.23553104603620337,0.11523715765500037
SiC_10deg,10.0,0.15,3.2,0.008392201223560151,0.24393717436627194,0.11302474881535363
SiC_10deg,10.0,0.15,3.22,0.008344022099723888,0.25259354414022667,0.11074581401302792
SiC_10deg,10.0,0.15,3.24,0.008293515725447932,0.26141897789913454,0.10842491324997691
SiC_10deg,10.0,0.15,3.26,0.008243195520093612,0.27030403401243136,0.10609412692380675
SiC_10deg,10.0,0.15,3.2800000000000002,0.008196020145280173,0.27895339443711753,0.10383370190828324
SiC_10deg,10.0,0.15,3.3,0.008155402706743498,0.28681500606506055,0.10179007656735545
SiC_10deg,10.0,0.15,3.32,0.0081248423557822,0.2931393505831621,0.10015991960761438
SiC_10deg,10.0,0.15,3.34,0.008107084026678844,0.29718773436118523,0.09913536011050489
SiC_10deg,10.0,0.15,3.36,0.008103032937391674,0.29853983820609215,0.09882366958232616
SiC_10deg,10.0,0.15,3.38,0.008111009378589508,0.2973558980480971,0.09917936932681268
SiC_10deg,10.0,0.15,3.4,0.008126914975164948,0.29442465384774097,0.09999270621411273
SiC_10deg,10.0,0.15,3.42,0.008145325330246136,0.2909439081816796,0.10094785641154275
SiC_10deg,10.0,0.15,3.44,0.008160911240507052,0.288149407126466,0.10172014796305803
SiC_10deg,10.0,0.15,3.46,0.008169523038591392,0.28697142280638865,0.10206539151513948
SiC_10deg,10.0,0.15,3.48,0.008168686686000438,0.2878311850659104,0.10187238283583967
SiC_10deg,10.0,0.15,3.5,0.008157637443620792,0.2906001743960069,0.10117305302736536
SiC_10deg,10.0,0.15,3.52,0.00813708504312616,0.2947094318559253,0.10011398293652965
SiC_10deg,10.0,0.15,3.54,0.008108797588240433,0.29938410860902115,0.09889581611969242
SiC_10deg,10.0,0.15,3.56,0.00807505048345668,0.30393612846611945,0.0976977684107196
SiC_10deg,10.0,0.15,3.58,0.00803808188233877,0.30799332143519664,0.09661841550931115
SiC_10deg,10.0,0.15,3.6,0.007999778407631178,0.3115559549739066,0.09566083376764946
SiC_10deg,10.0,0.15,3.62,0.007961725670629053,0.3148711760848578,0.09476466744450582
SiC_10deg,10.0,0.15,3.64,0.007925553291578982,0.3182145214980752,0.09386228597694546
SiC_10deg,10.0,0.15,3.66,0.007893360959340004,0.32168532741296774,0.09293150688676612
SiC_10deg,10.0,0.15,3.68,0.007867989325913137,0.32508045635438715,0.09202814727481995
SiC_10deg,10.0,0.15,3.7,0.007852930715964124,0.3278727100392892,0.09129141319230906
SiC_10deg,10.0,0.15,3.7199999999999998,0.007851735464318046,0.32930875211204186,0.09091816313138029
SiC_10deg,10.0,0.15,3.74,0.007866940400308258,0.3286277420995969,0.09110577104740256
SiC_10deg,10.0,0.15,3.76,0.00789887467545674,0.32535231504522655,0.09197636154515135
SiC_10deg,10.0,0.15,3.7800000000000002,0.007944991653441516,0.3195322243621925,0.09351375314040318
SiC_10deg,10.0,0.15,3.8,0.008000251371241399,0.311802308368655,0.09554908757080922
SiC_10deg,10.0,0.15,3.8200000000000003,0.008058452828778073,0.3032065649010151,0.09780738952491937
SiC_10deg,10.0,0.15,3.84,0.008113810723115017,0.2948799977392363,0.09999083451869897
SiC_10deg,10.0,0.15,3.86,0.008162050487996033,0.28774465525407966,0.10185787869601146
SiC_10deg,10.0,0.15,3.88,0.008200764196442823,0.282328172701981,0.10327022112661828
SiC_10deg,10.0,0.15,3.9,0.008229206926810445,0.27872833570811834,0.10420176514138806
SiC_10deg,10.0,0.15,3.92,0.008247835966194779,0.2766988128309638,0.1047162602760273
SiC_10deg,10.0,0.15,3.94,0.008257805424752478,0.2758174584770305,0.1049236991063855
SiC_10deg,10.0,0.15,3.96,0.00826052596108532,0.27568323095044267,0.10492934865443063
SiC_10deg,10.0,0.15,3.98,0.008257362204727732,0.2760672252628049,0.1047945642977678
SiC_10deg,10.0,0.15,4.0,0.00824952331647622,0.2769533977706918,0.1045260243540591
SiC_10deg,10.0,0.15,4.02,0.008238149064671886,0.2784604080619556,0.10409570580492898
SiC_10deg,10.0,0.15,4.04,0.00822452214924536,0.2806958017690133,0.10347847333187538
SiC_10deg,10.0,0.15,4.0600000000000005,0.008210297059155918,0.28361072174692914,0.10268966303261066
SiC_10deg,10.0,0.15,4.08,0.008197630713183825,0.2869036770111882,0.10181000242176537
SiC_10deg,10.0,0.15,4.1,0.008189101377955924,0.29000266701181143,0.10099012236266705
SiC_10deg,10.0,0.15,4.12,0.008187317572414036,0.2921502622591783,0.10042816609454877
SiC_10deg,10.0,0.15,4.140000000000001,0.008194212489296707,0.2926032590973045,0.10031750506268579
SiC_10deg,10.0,0.15,4.16,0.008210232365344423,0.2909077614092261,0.10077493640590306
SiC_10deg,10.0,0.15,4.18,0.00823384021014356,0.28713559276370293,0.10177929063124706
SiC_10deg,10.0,0.15,4.2,0.008261706127839713,0.2819434248449337,0.10315658805528359
SiC_10deg,10.0,0.15,4.22,0.00828955437889405,0.2764018742221734,0.10462523772800338
SiC_10deg,10.0,0.15,4.24,0.00831321711420613,0.2716808045576452,0.10587845963481612
SiC_10deg,10.0,0.15,4.26,0.008329407439284358,0.2687416857450005,0.10666445681850897
SiC_10deg,10.0,0.15,4.28,0.00833603371399172,0.26814015854183654,0.10683757277478731
SiC_10deg,10.0,0.15,4.3,0.008332173756596754,0.2699620087343674,0.10637465313736374
SiC_10deg,10.0,0.15,4.32,0.008317898064686734,0.2738776347054277,0.1053607405406166
SiC_10deg,10.0,0.15,4.34,0.008294041989077142,0.2792955652069712,0.10394926795042232
SiC_10deg,10.0,0.15,4.36,0.00826194254545123,0.28557778963204605,0.10230635228890245
SiC_10deg,10.0,0.15,4.38,0.00822316474095893,0.2922408052168552,0.10055876155891824
SiC_10deg,10.0,0.15,4.4,0.008179303790663724,0.29905435041994005,0.09876826161047457
SiC_10deg,10.0,0.15,4.42,0.008131960594255062,0.30600010866611127,0.09694213573714718
SiC_10deg,10.0,0.15,4.4399999999999995,0.00808291169489092,0.3131284128281636,0.09507011905127624
SiC_10deg,10.0,0.15,4.46,0.008034390600430246,0.3203894122050635,0.09316799225567067
SiC_10deg,10.0,0.15,4.48,0.007989324164931545,0.32750547250123957,0.09131049366173473
SiC_10deg,10.0,0.15,4.5,0.00795133200793504,0.3339283537634389,0.08964216533903464
SiC_10deg,10.0,0.15,4.52,0.007924308816508886,0.33890972302676486,0.08835866234783309
SiC_10deg,10.0,0.15,4.54,0.007911534364148893,0.3416923266246885,0.0876566838825696
SiC_10deg,10.0,0.15,4.5600000000000005,0.007914542464008112,0.34177799601935127,0.08766411193292781
SiC_10deg,10.0,0.15,4.58,0.00793229077064875,0.33916118207165413,0.08837950070395323
SiC_10deg,10.0,0.15,4.6,0.007961177143227593,0.33439723250486164,0.08965493811712397
SiC_10deg,10.0,0.15,4.62,0.007995986647457095,0.32845268335437633,0.09123573205245716
SiC_10deg,10.0,0.15,4.640000000000001,0.008031277513105417,0.3224121135508688,0.09283717755675269
SiC_10deg,10.0,0.15,4.66,0.008062546203458634,0.31718376898435446,0.09422124409647267
SiC_10deg,10.0,0.15,4.68,0.008086812523961612,0.3133133147264076,0.09524484090708102
SiC_10deg,10.0,0.15,4.7,0.008102655954960177,0.31093995490127363,0.09587100304800195
SiC_10deg,10.0,0.15,4.72,0.008109916485190936,0.30987643012100624,0.09614801336025906
SiC_10deg,10.0,0.15,4.74,0.00810926077388923,0.3097706552268797,0.09616749420277722
SiC_10deg,10.0,0.15,4.76,0.008101754346418289,0.31028920676671234,0.09601689992440686
SiC_10deg,10.0,0.15,4.78,0.008088548564206084,0.31125127599318303,0.09574478248186488
SiC_10deg,10.0,0.15,4.8,0.00807076117135542,0.31265985812845215,0.09535255855901466
SiC_10deg,10.0,0.15,4.82,0.008049564012686573,0.3146280975832729,0.09481336607830922
SiC_10deg,10.0,0.15,4.84,0.00802641185978481,0.3172472094265451,0.09410608249745393
SiC_10deg,10.0,0.15,4.86,0.008003296561131754,0.3204552735128175,0.09324919246195683
SiC_10deg,10.0,0.15,4.88,0.007982896095012307,0.323950288940486,0.09232322580567473
SiC_10deg,10.0,0.15,4.9,0.0079684861574557,0.3271738986411227,0.09147483348631039
SiC_10deg,10.0,0.15,4.92,0.007963502583375349,0.3293849008870862,0.09089747816213203
SiC_10deg,10.0,0.15,4.9399999999999995,0.007970745210836058,0.32982870131240477,0.09078716615097918
SiC_10deg,10.0,0.15,4.96,0.007991432572815172,0.3279705219747489,0.09128170700105023
SiC_10deg,10.0,0.15,4.98,0.00802454240347057,0.3237056696179027,0.09240618116961573
SiC_10deg,10.0,0.15,5.0,0.008066858973395803,0.31743882292438913,0.09405273703582279
SiC_10deg,10.0,0.15,5.02,0.008113781357631668,0.30997968474939097,0.09600825989630395
SiC_10deg,10.0,0.15,5.04,0.008160490432420921,0.3023054576749046,0.09801655745158719
SiC_10deg,10.0,0.15,5.0600000000000005,0.008202928742427939,0.2953058050793969,0.09984484172099224
SiC_10deg,10.0,0.15,5.08,0.0082382846605906,0.28960854507613876,0.10132899230609291
SiC_10deg,10.0,0.15,5.1,0.008265004612838044,0.28552177631076164,0.102388463289587
SiC_10deg,10.0,0.15,5.12,0.008282529823426608,0.28307783496564065,0.10301476697245308
SiC_10deg,10.0,0.15,5.140000000000001,0.008290950059583949,0.2821428068684382,0.10324301506340187
SiC_10deg,10.0,0.15,5.16,0.008290695873327371,0.28254657979439957,0.10311817222324224
SiC_10deg,10.0,0.15,5.18,0.008282332672588415,0.284184167791833,0.10266873838469541
SiC_10deg,10.0,0.15,5.2,0.008266484635725024,0.28704971644903376,0.10189783727874002
SiC_10deg,10.0,0.15,5.220000000000001,0.008243886413802385,0.29119542610121263,0.10079375383896123
SiC_10deg,10.0,0.15,5.24,0.008215531155265769,0.29664073192625023,0.09935340200699498
SiC_10deg,10.0,0.15,5.26,0.008182860364190475,0.30327097699333866,0.09760856356601406
SiC_10deg,10.0,0.15,5.28,0.008147920036985981,0.31076051145341266,0.09564579253988029
SiC_10deg,10.0,0.15,5.300000000000001,0.008113379253358663,0.3185492065940723,0.09361238299176794
SiC_10deg,10.0,0.15,5.32,0.00808228805867828,0.3259001095652754,0.09170114176439009
SiC_10deg,10.0,0.15,5.34,0.008057497921973543,0.33205497472852114,0.09010964135500073
SiC_10deg,10.0,0.15,5.359999999999999,0.008040834531693127,0.3364643025798008,0.08898015854351518
SiC_10deg,10.0,0.15,5.38,0.00803234515856464,0.33900743810419975,0.08834243191747593
SiC_10deg,10.0,0.15,5.4,0.00803003454400049,0.34008745410459457,0.08808929388527881
SiC_10deg,10.0,0.15,5.42,0.00803028351749839,0.3405347247624105,0.08800224668320994
SiC_10deg,10.0,0.15,5.4399999999999995,0.00802874917031655,0.34135797952916236,0.08781664498884882
SiC_10deg,10.0,0.15,5.46,0.008021324580565294,0.34345497254761975,0.087297134988444
SiC_10deg,10.0,0.15,5.48,0.00800483977530046,0.3473876925085029,0.08629606459426412
SiC_10deg,10.0,0.15,5.5,0.00797742832820262,0.3532745488205535,0.08478138519214276
SiC_10deg,10.0,0.15,5.52,0.007938630144217324,0.36080917886651076,0.08283172129750935
SiC_10deg,10.0,0.15,5.54,0.007889306774770883,0.36939173492376837,0.08060237866952644
SiC_10deg,10.0,0.15,5.5600000000000005,0.007831417516835571,0.3783303867464473,0.07827322446294219
SiC_10deg,10.0,0.15,5.58,0.00776773391296796,0.38703531380966527,0.07599847875145258
SiC_10deg,10.0,0.15,5.6,0.007701631714979622,0.3951188213890813,0.07388071111540126
SiC_10deg,10.0,0.15,5.62,0.007637092100684169,0.4023594622146437,0.07197995733669038
SiC_10deg,10.0,0.15,5.640000000000001,0.007578921430880221,0.4085588460273808,0.07035059022149824
SiC_10deg,10.0,0.15,5.66,0.007533020836263989,0.4133657971508531,0.06908664752582012
SiC_10deg,10.0,0.15,5.68,0.007506393750720796,0.4161458955262112,0.06835537613703199
SiC_10deg,10.0,0.15,5.7,0.007506536920681562,0.41595587248722526,0.06840351692260413
SiC_10deg,10.0,0.15,5.720000000000001,0.007540000077894886,0.4116591270735437,0.06952690263371276
SiC_10deg,10.0,0.15,5.74,0.007610312101373513,0.4021816889549253,0.0720036340895671
SiC_10deg,10.0,0.15,5.76,0.007716064580821599,0.38684388583895923,0.07600784468676533
SiC_10deg,10.0,0.15,5.78,0.00785025806328795,0.3656355725717349,0.08153856122261291
SiC_10deg,10.0,0.15,5.800000000000001,0.008001537871382514,0.33929806713965915,0.08839920732071507
SiC_10deg,10.0,0.15,5.82,0.008156846264319078,0.30917356156976067,0.09623768285628605
SiC_10deg,10.0,0.15,5.84,0.008304228119436907,0.27692186693602255,0.10462071700754762
SiC_10deg,10.0,0.15,5.859999999999999,0.008434704979697472,0.24426737315890565,0.11309995265536225
SiC_10deg,10.0,0.15,5.88,0.008542923472601329,0.21288006517782476,0.12124277531623483
SiC_10deg,10.0,0.15,5.9,0.00862690113869727,0.18437777276124523,0.12863132508399577
SiC_10deg,10.0,0.15,5.92,0.008687291675745468,0.1603546645915732,0.13485447423545968
SiC_10deg,10.0,0.15,5.9399999999999995,0.00872638437761875,0.1423389857247628,0.1395180700201372
SiC_10deg,10.0,0.15,5.96,0.008746898700263392,0.13165244078985291,0.14228077663997057
SiC_10deg,10.0,0.15,5.98,0.008750697714873011,0.12923367655470158,0.1428995243329164
SiC_10deg,10.0,0.15,6.0,0.008737704762607974,0.13552825089014964,0.14125814111369261
SiC_10deg,10.0,0.15,6.02,0.008705335771079672,0.1505016918287404,0.1373644368116807
SiC_10deg,10.0,0.15,6.04,0.008648590981741578,0.1737423002010718,0.13132418207637683
SiC_10deg,10.0,0.15,6.0600000000000005,0.008560749269698657,0.20456429209456045,0.12331493980417128
SiC_10deg,10.0,0.15,6.08,0.008434545064656913,0.24203600935490152,0.11357911941378568
SiC_10deg,10.0,0.15,6.1,0.008263759168442589,0.28491993049460285,0.10243962041023641
SiC_10deg,10.0,0.15,6.12,0.008045155563021692,0.33158076216005555,0.09032342236707756
SiC_10deg,10.0,0.15,6.140000000000001,0.007780519521894815,0.37996227953828166,0.0777669911563886
SiC_10deg,10.0,0.15,6.16,0.007478255981376498,0.42772264363231327,0.06538030555797734
SiC_10deg,10.0,0.15,6.18,0.007153864116602361,0.4725332119156047,0.053768448095847986
SiC_10deg,10.0,0.15,6.2,0.006828903282568499,0.5124220949250701,0.043441917884057865
SiC_10deg,10.0,0.15,6.220000000000001,0.0065287216695284,0.5459790904900265,0.03476349124724377
SiC_10deg,10.0,0.15,6.24,0.006279653691169749,0.5723100758866956,0.0279606485077044
SiC_10deg,10.0,0.15,6.26,0.006106102291021858,0.5907936096519691,0.02318963559199082
SiC_10deg,10.0,0.15,6.28,0.006027243991320189,0.6008224729680974,0.0206034860795426
SiC_10deg,10.0,0.15,6.300000000000001,0.006053103653553709,0.6017228726238375,0.020373849609361467
SiC_10deg,10.0,0.15,6.32,0.00618098914825108,0.5929411743183527,0.022643217946364355
SiC_10deg,10.0,0.15,6.34,0.006394538086339204,0.574427092597007,0.027425838778925002
SiC_10deg,10.0,0.15,6.359999999999999,0.006666933024099502,0.5469992454790539,0.03451266579022012
SiC_10deg,10.0,0.15,6.38,0.006967313296047589,0.5124506983248812,0.043443166880947806
SiC_10deg,10.0,0.15,6.4,0.007267505767980292,0.47329123432190184,0.05357102133304864
SiC_10deg,10.0,0.15,6.42,0.007546498226979241,0.43224432496007925,0.06419355543965513
SiC_10deg,10.0,0.15,6.4399999999999995,0.007791798172265428,0.3917444469219439,0.07468156187882652
SiC_10deg,10.0,0.15,6.46,0.007998375346676086,0.35363011681385514,0.08455889286703701
SiC_10deg,10.0,0.15,6.48,0.008166479693145882,0.319080807217903,0.0935191517061577
SiC_10deg,10.0,0.15,6.5,0.008299404597375451,0.28872947690818734,0.10139694823602742
SiC_10deg,10.0,0.15,6.52,0.008401746601396273,0.26284733135501254,0.10812037409402583
SiC_10deg,10.0,0.15,6.54,0.00847828169554611,0.24151797298547753,0.11366613205804335
SiC_10deg,10.0,0.15,6.5600000000000005,0.00853335234156161,0.22475477902848848,0.11802930042522836
SiC_10deg,10.0,0.15,6.58,0.00857059680679679,0.2125489266987685,0.12121100822415234
SiC_10deg,10.0,0.15,6.6,0.008592877379805998,0.20486132388532705,0.12322057614483191
SiC_10deg,10.0,0.15,6.62,0.008602319486917552,0.20158530523554682,0.1240851450711065
SiC_10deg,10.0,0.15,6.640000000000001,0.008600424446371945,0.2025042941681822,0.12386052771518019
SiC_10deg,10.0,0.15,6.66,0.008588245900051373,0.20725596536849455,0.12264033896018695
SiC_10deg,10.0,0.15,6.68,0.008566619284979227,0.21530682897101924,0.12056245479458867
SiC_10deg,10.0,0.15,6.7,0.008536410079808234,0.2259471924167632,0.11781027929517325
SiC_10deg,10.0,0.15,6.720000000000001,0.008498712555230659,0.23832791699639685,0.11460329937264442
SiC_10deg,10.0,0.15,6.74,0.008454912033077586,0.2515580793436325,0.11117195769993782
SiC_10deg,10.0,0.15,6.76,0.00840655508562475,0.26485436706861365,0.10771915050840071
SiC_10deg,10.0,0.15,6.78,0.0083550636447166,0.27769184589396556,0.10438130443608626
SiC_10deg,10.0,0.15,6.800000000000001,0.008301429248937491,0.2898871791131014,0.10120682543533412
SiC_10deg,10.0,0.15,6.82,0.008246049204221848,0.3015729868421991,0.09816263413157116
SiC_10deg,10.0,0.15,6.84,0.00818879064835438,0.3130768043429399,0.09516537038576427
SiC_10deg,10.0,0.15,6.859999999999999,0.008129254232752953,0.3247575037381571,0.09212363933160213
SiC_10deg,10.0,0.15,6.88,0.008067134076993988,0.3368558881545176,0.0889766247500822
SiC_10deg,10.0,0.15,6.9,0.008002551913237569,0.3493986658589309,0.08571887691110856
SiC_10deg,10.0,0.15,6.92,0.007936252268861254,0.36217735526891937,0.08240563863550607
SiC_10deg,10.0,0.15,6.9399999999999995,0.007869568893427019,0.3748096494830614,0.07913673617437543
SiC_10deg,10.0,0.15,6.96,0.00780413521176935,0.38686957964831903,0.0760226166507454
SiC_10deg,10.0,0.15,6.98,0.007741432643145606,0.3980402811641963,0.07314460340013848
SiC_10deg,10.0,0.15,7.0,0.0076823985911250395,0.40821807187174175,0.07052794202242112
SiC_10deg,10.0,0.15,7.0200000000000005,0.0076273364405556685,0.417508536897405,0.06814302504050476
SiC_10deg,10.0,0.15,7.04,0.007576223363168695,0.4261090107507936,0.06593616951895126
SiC_10deg,10.0,0.15,7.0600000000000005,0.00752928419945535,0.4341329537466892,0.06387545395508956
SiC_10deg,10.0,0.15,7.08,0.007487543134215678,0.44146056285284757,0.061989699365257195
SiC_10deg,10.0,0.15,7.1,0.007453052558627022,0.4476877063141455,0.06038192815473971
SiC_10deg,10.0,0.15,7.12,0.007428611964258329,0.4522067939716587,0.0592086244670705
SiC_10deg,10.0,0.15,7.14,0.007416998193786685,0.45440124001295534,0.05862953213415381
SiC_10deg,10.0,0.15,7.16,0.007419987003857626,0.45388042830869924,0.05874684621454188
SiC_10deg,10.0,0.15,7.18,0.007437621969918245,0.450650389990066,0.05956086412098624
SiC_10deg,10.0,0.15,7.2,0.007468107834798342,0.4451382224512743,0.060963334576751016
SiC_10deg,10.0,0.15,7.22,0.007508367737519493,0.4380625866190531,0.06277059986265861
SiC_10deg,10.0,0.15,7.24,0.007554952181623979,0.43021800320697456,0.06477913409447826
SiC_10deg,10.0,0.15,7.26,0.007604877499518123,0.4222663281317774,0.06681937093837564
SiC_10deg,10.0,0.15,7.28,0.0076561128590614735,0.4146024879528815,0.06879042706162496
SiC_10deg,10.0,0.15,7.3,0.007707648962355342,0.4073189585233292,0.07066929935470523
SiC_10deg,10.0,0.15,7.32,0.0077592270615303655,0.40026337856423283,0.07249591149523006
SiC_10deg,10.0,0.15,7.34,0.007810872655451838,0.39316698507641995,0.07433976606293796
SiC_10deg,10.0,0.15,7.36,0.007862410647546832,0.3858054183254018,0.07625820891940897
SiC_10deg,10.0,0.15,7.38,0.007913147170869888,0.37813577994736797,0.07826093037605268
SiC_10deg,10.0,0.15,7.4,0.007961848289423212,0.37035175915756563,0.08029583989015306
SiC_10deg,10.0,0.15,7.42,0.008007012182961416,0.36282944048141846,0.0822633893193169
SiC_10deg,10.0,0.15,7.44,0.008047288470572853,0.3559894135538083,0.08405260934720585
SiC_10deg,10.0,0.15,7.46,0.008081846438992162,0.35014011281190965,0.08558193418527214
SiC_10deg,10.0,0.15,7.48,0.008110554711314557,0.34536863586047845,0.08682761116127417
SiC_10deg,10.0,0.15,7.5,0.008133938061062993,0.341517706334379,0.08782970740523387
SiC_10deg,10.0,0.15,7.5200000000000005,0.008152952337018828,0.3382536952689775,0.08867449056664578
SiC_10deg,10.0,0.15,7.54,0.00816865664054463,0.3352011334776836,0.0894595688376358
SiC_10deg,10.0,0.15,7.5600000000000005,0.00818188464903688,0.3320945532688522,0.09025450762791117
SiC_10deg,10.0,0.15,7.58,0.008193022940469771,0.328886918996112,0.0910726323407534
SiC_10deg,10.0,0.15,7.6000000000000005,0.00820196872488974,0.32576988094041825,0.09186562130047363
SiC_10deg,10.0,0.15,7.62,0.008208262661883122,0.32310304881696766,0.09254166324272033
SiC_10deg,10.0,0.15,7.64,0.008211320264204746,0.32129076692059944,0.09299726549106249
SiC_10deg,10.0,0.15,7.66,0.008210664274297426,0.32065856817316324,0.09314921682228863
SiC_10deg,10.0,0.15,7.68,0.008206088383823654,0.32136731767025345,0.0929568325660136
SiC_10deg,10.0,0.15,7.7,0.008197721629807461,0.3233812958886087,0.09243022023802616
SiC_10deg,10.0,0.15,7.72,0.008185985626777751,0.3264925465238912,0.09162391727655257
SiC_10deg,10.0,0.15,7.74,0.008171449187082064,0.33039613162482356,0.09061727689965667
SiC_10deg,10.0,0.15,7.76,0.00815460875250195,0.3347993105788133,0.08948603913180309
SiC_10deg,10.0,0.15,7.78,0.008135664529359769,0.33952945341541074,0.08827427822103638
SiC_10deg,10.0,0.15,7.8,0.008114393593076547,0.3445938233232796,0.08697893598790007
SiC_10deg,10.0,0.15,7.82,0.00809020208000323,0.35015709488777397,0.08555579433899203
SiC_10deg,10.0,0.15,7.84,0.0080623642953441,0.3564396066197386,0.08394605163939413
SiC_10deg,10.0,0.15,7.86,0.00803037299811717,0.3635776285761253,0.08211272775944159
SiC_10deg,10.0,0.15,7.88,0.007994280659249649,0.3715030912215406,0.08007197293351669
SiC_10deg,10.0,0.15,7.9,0.007954911658137154,0.3798918195629982,0.07790658854494369
SiC_10deg,10.0,0.15,7.92,0.007913851827150363,0.3882067569180649,0.07575493515929119
SiC_10deg,10.0,0.15,7.94,0.007873175706173442,0.3958314103287958,0.07377647353489869
SiC_10deg,10.0,0.15,7.96,0.007834968245627905,0.40225101894395027,0.07210491192647174
SiC_10deg,10.0,0.15,7.98,0.0078008118126363145,0.4072091826664539,0.0708076223770418
SiC_10deg,10.0,0.15,8.0,0.0077714591370020986,0.4107708681598637,0.06986919603431868
SiC_10deg,10.0,0.3,3.0,0.008770961605130283,0.06066892509850296,0.16056644144158308
SiC_10deg,10.0,0.3,3.02,0.008795318280203093,0.05270690150121413,0.16265846355249292
SiC_10deg,10.0,0.3,3.04,0.008814818877579213,0.045342757841593626,0.1645895359684671
SiC_10deg,10.0,0.3,3.06,0.008828742330665244,0.039291193555048266,0.166173508685287
SiC_10deg,10.0,0.3,3.08,0.008837283451786443,0.03511507866819886,0.16726496532198007
SiC_10deg,10.0,0.3,3.1,0.008840978069690114,0.03322160110370336,0.16775929001639223
SiC_10deg,10.0,0.3,3.12,0.008840162350568571,0.03382460376637035,0.16760165018308934
SiC_10deg,10.0,0.3,3.14,0.008834680318310405,0.03687512652892588,0.16680466413537728
SiC_10deg,10.0,0.3,3.16,0.008823978778139722,0.04202671620182567,0.16545761681861587
SiC_10deg,10.0,0.3,3.18,0.00880754284795668,0.048700079784346754,0.16371032952075865
SiC_10deg,10.0,0.3,3.2,0.008785403438223548,0.05623426610005592,0.16173460792979735
SiC_10deg,10.0,0.3,3.22,0.008758422333130617,0.06403783991282322,0.15968534887076216
SiC_10deg,10.0,0.3,3.24,0.008728268512404058,0.07166078700034681,0.15768179749824093
SiC_10deg,10.0,0.3,3.26,0.008697207111059835,0.07877416782134275,0.1558124917336433
SiC_10deg,10.0,0.3,3.2800000000000002,0.008667847679284064,0.0850988049674845,0.15415334344395754
SiC_10deg,10.0,0.3,3.3,0.008642882843209292,0.09033979936487886,0.15278413387387235
SiC_10deg,10.0,0.3,3.32,0.008624734543878368,0.09417629944318553,0.15179052848191335
SiC_10deg,10.0,0.3,3.34,0.00861503507447851,0.0963342735546869,0.1512444481157815
SiC_10deg,10.0,0.3,3.36,0.008614052452046566,0.09672367395942866,0.15116793443987794
SiC_10deg,10.0,0.3,3.38,0.00862039689677346,0.09555991540793884,0.15150175493782947
SiC_10deg,10.0,0.3,3.4,0.008631315980110818,0.09337224796247023,0.1521041916502714
SiC_10deg,10.0,0.3,3.42,0.00864349222561274,0.09087434989362297,0.15278594737216056
SiC_10deg,10.0,0.3,3.44,0.008653882431522483,0.08877401837250364,0.15336045820206495
SiC_10deg,10.0,0.3,3.46,0.008660196123512478,0.08762190116944052,0.1536832940722153
SiC_10deg,10.0,0.3,3.48,0.008660967244045628,0.08773938738855616,0.15367043191011628
SiC_10deg,10.0,0.3,3.5,0.008655423222614905,0.08920774509386095,0.153300495377511
SiC_10deg,10.0,0.3,3.52,0.008643355309796373,0.09189293677850605,0.1526079530376708
SiC_10deg,10.0,0.3,3.54,0.00862506405143264,0.09550074744851884,0.15166881463953993
SiC_10deg,10.0,0.3,3.56,0.00860133947327627,0.09966297825097056,0.1505785617795453
SiC_10deg,10.0,0.3,3.58,0.008573409906312132,0.10403473194362181,0.14942726496996606
SiC_10deg,10.0,0.3,3.6,0.008542849228691704,0.10836218366570276,0.14828218297722243
SiC_10deg,10.0,0.3,3.62,0.008511494987224144,0.11249070967815884,0.14718558078052277
SiC_10deg,10.0,0.3,3.64,0.008481429296607352,0.11631752923557909,0.14616678200928426
SiC_10deg,10.0,0.3,3.66,0.008455013241923184,0.11971870502049034,0.14526084049735202
SiC_10deg,10.0,0.3,3.68,0.008434890826805623,0.12248446288730706,0.1445250552691254
SiC_10deg,10.0,0.3,3.7,0.008423826232358619,0.1242919747114363,0.14404570228536934
SiC_10deg,10.0,0.3,3.7199999999999998,0.008424244615859616,0.12474101235365861,0.14392831576279433
SiC_10deg,10.0,0.3,3.74,0.008437477290440313,0.12346530555343352,0.14426823853854084
SiC_10deg,10.0,0.3,3.76,0.008462988439479562,0.12029362729963472,0.14510844075656906
SiC_10deg,10.0,0.3,3.7800000000000002,0.00849809611762818,0.11538060801132127,0.1464057223077298
SiC_10deg,10.0,0.3,3.8,0.008538546567327705,0.10921518012680909,0.14802931615195133
SiC_10deg,10.0,0.3,3.8200000000000003,0.008579722370611564,0.10248671117644785,0.14979671643183587
SiC_10deg,10.0,0.3,3.84,0.008617805976484578,0.09588937585619517,0.15152525120987712
SiC_10deg,10.0,0.3,3.86,0.008650358779652806,0.08997197457609417,0.15307126482352676
SiC_10deg,10.0,0.3,3.88,0.008676276933003223,0.08508096286219438,0.15434463138779925
SiC_10deg,10.0,0.3,3.9,0.008695417608857184,0.08137609260286825,0.1553042582485773
SiC_10deg,10.0,0.3,3.92,0.008708192477265871,0.07887533765425757,0.15594606766347138
SiC_10deg,10.0,0.3,3.94,0.008715276490951147,0.07750003177886912,0.15629109815499223
SiC_10deg,10.0,0.3,3.96,0.008717453815395734,0.07711176382337238,0.15637590997834078
SiC_10deg,10.0,0.3,3.98,0.008715566044394385,0.07754185838075545,0.15624501609711675
SiC_10deg,10.0,0.3,4.0,0.008710519349642544,0.07861233781380711,0.1559455481945405
SiC_10deg,10.0,0.3,4.02,0.008703318092599855,0.08014359855667477,0.15552533967481347
SiC_10deg,10.0,0.3,4.04,0.008695103613944903,0.08194589628419752,0.1550351607087192
SiC_10deg,10.0,0.3,4.0600000000000005,0.008687178148101537,0.0837984444205346,0.15453411541444892
SiC_10deg,10.0,0.3,4.08,0.00868098262546035,0.08542760823821756,0.1540952009897334
SiC_10deg,10.0,0.3,4.1,0.00867798140734515,0.0865025863846514,0.15380620521104849
SiC_10deg,10.0,0.3,4.12,0.008679410909987051,0.08667050338100418,0.15376020746499777
SiC_10deg,10.0,0.3,4.140000000000001,0.008685909561861096,0.0856437530780458,0.1540323980929724
SiC_10deg,10.0,0.3,4.16,0.008697170600649347,0.08332061638096762,0.1546483594934018
SiC_10deg,10.0,0.3,4.18,0.00871185368365683,0.07987790404422108,0.1555600259161546
SiC_10deg,10.0,0.3,4.2,0.00872789848073835,0.07576717349817225,0.15664723396694827
SiC_10deg,10.0,0.3,4.22,0.00874310563640132,0.0716037189718755,0.15774741150684254
SiC_10deg,10.0,0.3,4.24,0.008755653187321445,0.0680123934136931,0.158696287260427
SiC_10deg,10.0,0.3,4.26,0.008764309046147582,0.06550837613432602,0.15935903815423916
SiC_10deg,10.0,0.3,4.28,0.00876835094496537,0.06444138186712613,0.15964453826618202
SiC_10deg,10.0,0.3,4.3,0.00876736244463732,0.0649829357978902,0.15950826249226085
SiC_10deg,10.0,0.3,4.32,0.008761069532403284,0.06712938665544096,0.158951183972262
SiC_10deg,10.0,0.3,4.34,0.008749298291408105,0.07071555668256126,0.1580161221376051
SiC_10deg,10.0,0.3,4.36,0.008732045147890681,0.07545143542440093,0.15677833109054393
SiC_10deg,10.0,0.3,4.38,0.008709592897091929,0.08098625045093755,0.15532910629150015
SiC_10deg,10.0,0.3,4.4,0.008682601013580144,0.0869794403140249,0.15375757700259432
SiC_10deg,10.0,0.3,4.42,0.008652144058798444,0.09314524062264405,0.1521392221048445
SiC_10deg,10.0,0.3,4.4399999999999995,0.00861972137348591,0.0992516118299427,0.15053610225773192
SiC_10deg,10.0,0.3,4.46,0.008587266346010782,0.10508062276249487,0.14900700556830476
SiC_10deg,10.0,0.3,4.48,0.008557138466677838,0.1103757682965766,0.14762091434840324
SiC_10deg,10.0,0.3,4.5,0.008532017069141216,0.11480797456710268,0.14646551909570404
SiC_10deg,10.0,0.3,4.52,0.00851458112574452,0.1179909172165594,0.14564279107884284
SiC_10deg,10.0,0.3,4.54,0.00850691982890076,0.11956399960546729,0.1452469031390789
SiC_10deg,10.0,0.3,4.5600000000000005,0.008509814175820843,0.11932722030852093,0.14532881111376567
SiC_10deg,10.0,0.3,4.58,0.008522259791532821,0.11736409350191736,0.1458643750771985
SiC_10deg,10.0,0.3,4.6,0.008541602032813822,0.11407069762724426,0.1467474195715959
SiC_10deg,10.0,0.3,4.62,0.008564292856028917,0.11005943348125977,0.14781563667031494
SiC_10deg,10.0,0.3,4.640000000000001,0.008586852768657494,0.10599056825249477,0.14889507211111155
SiC_10deg,10.0,0.3,4.66,0.008606557144584099,0.10242112475341039,0.14983963013447157
SiC_10deg,10.0,0.3,4.68,0.00862166340185723,0.09972478368927189,0.15055170719384015
SiC_10deg,10.0,0.3,4.7,0.008631300433915344,0.09808092241064767,0.15098469425268818
SiC_10deg,10.0,0.3,4.72,0.008635234176744276,0.09750502257132813,0.15113478964459007
SiC_10deg,10.0,0.3,4.74,0.00863365598274736,0.09789681898928554,0.15102836451357113
SiC_10deg,10.0,0.3,4.76,0.008627045014147405,0.09909302882988762,0.1507082875230213
SiC_10deg,10.0,0.3,4.78,0.008616100454665536,0.10091422001022342,0.15022184156354648
SiC_10deg,10.0,0.3,4.8,0.008601726157374626,0.10319395984274671,0.14961322649779898
SiC_10deg,10.0,0.3,4.82,0.008585054993190686,0.10578201101282922,0.1489227421707331
SiC_10deg,10.0,0.3,4.84,0.00856750023392947,0.10852306587126179,0.14819226888805187
SiC_10deg,10.0,0.3,4.86,0.008550807691043185,0.11122185237697092,0.14747424983450527
SiC_10deg,10.0,0.3,4.88,0.008537056968859329,0.11361064584583995,0.1468400056206824
SiC_10deg,10.0,0.3,4.9,0.008528533835634414,0.11533823025173766,0.14638240074083245
SiC_10deg,10.0,0.3,4.92,0.008527396213531128,0.11600055656365664,0.1462075750935511
SiC_10deg,10.0,0.3,4.9399999999999995,0.0085351301218107,0.11522523697943488,0.14641262781597586
SiC_10deg,10.0,0.3,4.96,0.008551958144693502,0.11279483689462848,0.14705331222807855
SiC_10deg,10.0,0.3,4.98,0.008576523968768257,0.10875525872941312,0.14811590461587032
SiC_10deg,10.0,0.3,5.0,0.008606128213551058,0.1034416177981736,0.14951090513058055
SiC_10deg,10.0,0.3,5.02,0.008637465158186674,0.09739629854606886,0.15109498690897802
SiC_10deg,10.0,0.3,5.04,0.008667473447673529,0.0912249956376475,0.15270896624818814
SiC_10deg,10.0,0.3,5.0600000000000005,0.008693895568940478,0.08546865134232831,0.15421131541106323
SiC_10deg,10.0,0.3,5.08,0.008715411067090383,0.08053839721060402,0.15549497644908614
SiC_10deg,10.0,0.3,5.1,0.008731467736490034,0.0767089690550975,0.15648880520271707
SiC_10deg,10.0,0.3,5.12,0.008742008193927361,0.07413921673204545,0.15715195774640386
SiC_10deg,10.0,0.3,5.140000000000001,0.00874722878600462,0.07289313973860523,0.1574682214341641
SiC_10deg,10.0,0.3,5.16,0.0087474258299148,0.07295331912062372,0.15744244504903523
SiC_10deg,10.0,0.3,5.18,0.00874293287631824,0.07423223001145515,0.15709764182043265
SiC_10deg,10.0,0.3,5.2,0.008734130453626723,0.07658747509420392,0.15647115544445617
SiC_10deg,10.0,0.3,5.220000000000001,0.008721503174105139,0.0798385889811507,0.15561043626979693
SiC_10deg,10.0,0.3,5.24,0.008705720245359351,0.08377672546648796,0.15457062905001415
SiC_10deg,10.0,0.3,5.26,0.008687717471618254,0.0881611167098593,0.15341552861449118
SiC_10deg,10.0,0.3,5.28,0.008668752720579029,0.09270579689230327,0.15222097779652394
SiC_10deg,10.0,0.3,5.300000000000001,0.008650388711317713,0.097071180078269,0.15107689270523567
SiC_10deg,10.0,0.3,5.32,0.008634340195980202,0.10088241757859932,0.15008219540896767
SiC_10deg,10.0,0.3,5.34,0.008622143330132727,0.10379274132938986,0.1493279489905583
SiC_10deg,10.0,0.3,5.359999999999999,0.008614698977366594,0.10558702611224231,0.1488700644195889
SiC_10deg,10.0,0.3,5.38,0.008611878303054599,0.1062837300156791,0.14870266668868595
SiC_10deg,10.0,0.3,5.4,0.008612426069400821,0.10617315548662128,0.14874839367887432
SiC_10deg,10.0,0.3,5.42,0.008614245648437772,0.10575844558564232,0.14887426696532266
SiC_10deg,10.0,0.3,5.4399999999999995,0.008614903686146874,0.10562632710728377,0.14892582321282122
SiC_10deg,10.0,0.3,5.46,0.008612090499760154,0.10630998797320605,0.1487630331645022
SiC_10deg,10.0,0.3,5.48,0.008603887936731494,0.10819030347601755,0.14828595164255526
SiC_10deg,10.0,0.3,5.5,0.008588874262780837,0.11144531911303046,0.14744766243187388
SiC_10deg,10.0,0.3,5.52,0.008566177887903946,0.11603970698989978,0.14625685517135872
SiC_10deg,10.0,0.3,5.54,0.008535559669396335,0.12174897455874237,0.14477151250310125
SiC_10deg,10.0,0.3,5.5600000000000005,0.00849752693667762,0.12821634063198906,0.14308426290270285
SiC_10deg,10.0,0.3,5.58,0.00845343497283696,0.13502914159795135,0.14130272799084845
SiC_10deg,10.0,0.3,5.6,0.008405544287120486,0.14178545501315312,0.1395323586672351
SiC_10deg,10.0,0.3,5.62,0.008357044408775187,0.14812076984434847,0.13786952000048489
SiC_10deg,10.0,0.3,5.640000000000001,0.008312064062240799,0.15368473440613176,0.13640741162560951
SiC_10deg,10.0,0.3,5.66,0.008275629090800736,0.15808436876366813,0.1352505999610425
SiC_10deg,10.0,0.3,5.68,0.00825342781239701,0.1608271546962243,0.13452949409077816
SiC_10deg,10.0,0.3,5.7,0.008251169552644237,0.16130283289564842,0.13440465700419207
SiC_10deg,10.0,0.3,5.720000000000001,0.008273382454218147,0.1588382998803053,0.13505201800324243
SiC_10deg,10.0,0.3,5.74,0.008321795506749061,0.15283865351616277,0.13662570687923054
SiC_10deg,10.0,0.3,5.76,0.0083939327035291,0.1429806815073857,0.13920752491764748
SiC_10deg,10.0,0.3,5.78,0.008482827711600851,0.12937085473689713,0.14276618674279787
SiC_10deg,10.0,0.3,5.800000000000001,0.00857835839440996,0.11257228648255505,0.1471512122173449
SiC_10deg,10.0,0.3,5.82,0.008669718066564693,0.09347998137712508,0.15212651699817376
SiC_10deg,10.0,0.3,5.84,0.008747867460471346,0.07312901537843168,0.1574211986585389
SiC_10deg,10.0,0.3,5.859999999999999,0.008807076231672328,0.052555636684978695,0.16276600993543253
SiC_10deg,10.0,0.3,5.88,0.008845437076023734,0.03276806844580448,0.16790075796317883
SiC_10deg,10.0,0.3,5.9,0.008864688873381987,0.014789536184067033,0.17256252873173308
SiC_10deg,10.0,0.3,5.92,0.00886957195358494,-0.00031400266742474456,0.17647763480072018
SiC_10deg,10.0,0.3,5.9399999999999995,0.008866646787419934,-0.011490568678740608,0.17937540750973588
SiC_10deg,10.0,0.3,5.96,0.008862507347715728,-0.01784429054283567,0.18102433211812882
SiC_10deg,10.0,0.3,5.98,0.008861705058354288,-0.018792237429636417,0.18127245130602404
SiC_10deg,10.0,0.3,6.0,0.008865089143796636,-0.014145401138372034,0.1800686759050001
SiC_10deg,10.0,0.3,6.02,0.008869199745462951,-0.004074291837610456,0.17745461304413107
SiC_10deg,10.0,0.3,6.04,0.008866830056265778,0.011002652837664537,0.17353650946613994
SiC_10deg,10.0,0.3,6.0600000000000005,0.008848388943941283,0.030528417341647778,0.1684576311325646
SiC_10deg,10.0,0.3,6.08,0.008803622987761228,0.05385082503327079,0.1623874641282146
SiC_10deg,10.0,0.3,6.1,0.008723498437849465,0.080185099768966,0.15553157213400337
SiC_10deg,10.0,0.3,6.12,0.008602235698140155,0.10853327854826379,0.14815228913283623
SiC_10deg,10.0,0.3,6.140000000000001,0.008439365302292152,0.13763650395962876,0.14058045324256924
SiC_10deg,10.0,0.3,6.16,0.008241269979929132,0.16603894224732532,0.1331977629501501
SiC_10deg,10.0,0.3,6.18,0.008021381962704929,0.19228504643379893,0.12638437600482363
SiC_10deg,10.0,0.3,6.2,0.007798528337321933,0.21516992007369798,0.12045306542762625
SiC_10deg,10.0,0.3,6.220000000000001,0.007593869508499947,0.23389756471468034,0.11560804861519237
SiC_10deg,10.0,0.3,6.24,0.0074276408549092615,0.2480521812359772,0.1119531325482542
SiC_10deg,10.0,0.3,6.26,0.007316655915174165,0.25742083196518706,0.10953887312545192
SiC_10deg,10.0,0.3,6.28,0.007272546861176185,0.2618044687712134,0.1084127641634139
SiC_10deg,10.0,0.3,6.300000000000001,0.007300165784542704,0.26094958438034155,0.10863788656545234
SiC_10deg,10.0,0.3,6.32,0.007396107157894627,0.2546492144248161,0.11026727250298447
SiC_10deg,10.0,0.3,6.34,0.007548308068923764,0.2429570294510896,0.11328848407838503
SiC_10deg,10.0,0.3,6.359999999999999,0.007737848868376818,0.22638251036572565,0.117572554096253
SiC_10deg,10.0,0.3,6.38,0.007942917624019712,0.20593483705375762,0.12286168113654466
SiC_10deg,10.0,0.3,6.4,0.008143432102442042,0.18297219588772404,0.1288072144346756
SiC_10deg,10.0,0.3,6.42,0.008324441312736158,0.1589332813749839,0.13503843234226373
SiC_10deg,10.0,0.3,6.4399999999999995,0.008477357423636419,0.13508550654155074,0.14122748671540025
SiC_10deg,10.0,0.3,6.46,0.00859930878162828,0.11238698726484628,0.1471253147415315
SiC_10deg,10.0,0.3,6.48,0.008691543388766576,0.09147811411901448,0.15256421177226542
SiC_10deg,10.0,0.3,6.5,0.008757737618249732,0.07275867881216698,0.15743828305047458
SiC_10deg,10.0,0.3,6.52,0.008802664021746748,0.05648918139216133,0.16167759375591725
SiC_10deg,10.0,0.3,6.54,0.008831302984046937,0.04286628807945817,0.16522898248477075
SiC_10deg,10.0,0.3,6.5600000000000005,0.008848287186177427,0.03204679976124564,0.1680501864164114
SiC_10deg,10.0,0.3,6.58,0.008857539650070074,0.024125069846884405,0.17011594079469228
SiC_10deg,10.0,0.3,6.6,0.008862037704387357,0.01909560415638536,0.17142772644356769
SiC_10deg,10.0,0.3,6.62,0.008863712424022218,0.01683759420523159,0.17201758760597347
SiC_10deg,10.0,0.3,6.640000000000001,0.008863504795523818,0.01713474108010855,0.17194262783511
SiC_10deg,10.0,0.3,6.66,0.008861554756820175,0.01971270934337657,0.17127491515836543
SiC_10deg,10.0,0.3,6.68,0.008857462217126149,0.024266141311539587,0.1700942057308447
SiC_10deg,10.0,0.3,6.7,0.008850564215290083,0.030462507794929313,0.16848683929918223
SiC_10deg,10.0,0.3,6.720000000000001,0.008840193758345504,0.03793377878789504,0.16654795185098334
SiC_10deg,10.0,0.3,6.74,0.008825889170102663,0.04627980028810311,0.1643807756445472
SiC_10deg,10.0,0.3,6.76,0.00880751183752069,0.05510052666897704,0.16208852126666418
SiC_10deg,10.0,0.3,6.78,0.008785238903707375,0.06405212539049827,0.15976005470519827
SiC_10deg,10.0,0.3,6.800000000000001,0.008759443599022882,0.07290083964867995,0.15745606783622607
SiC_10deg,10.0,0.3,6.82,0.008730531709782741,0.08154573093883903,0.15520320382016803
SiC_10deg,10.0,0.3,6.84,0.008698821772295504,0.08999846142893153,0.15299923866382523
SiC_10deg,10.0,0.3,6.859999999999999,0.008664525893592975,0.0983296574947487,0.1508269002420841
SiC_10deg,10.0,0.3,6.88,0.008627835185990545,0.10660272275392262,0.14867094689527596
SiC_10deg,10.0,0.3,6.9,0.008589068347608487,0.11481655746670177,0.14653293156022307
SiC_10deg,10.0,0.3,6.92,0.00854881162855152,0.12287556284350784,0.14443884592352574
SiC_10deg,10.0,0.3,6.9399999999999995,0.008507964741619481,0.13060103106450138,0.14243595828908662
SiC_10deg,10.0,0.3,6.96,0.008467628723835156,0.13778690049488973,0.1405780985967432
SiC_10deg,10.0,0.3,6.98,0.008428851135509485,0.14428057269856148,0.13890449404484134
SiC_10deg,10.0,0.3,7.0,0.008392356003416717,0.15004685377466,0.13742314866016792
SiC_10deg,10.0,0.3,7.0200000000000005,0.008358437606495834,0.15517345427452725,0.13610958806349277
SiC_10deg,10.0,0.3,7.04,0.00832711523327342,0.15980870226904512,0.1349233153934218
SiC_10deg,10.0,0.3,7.0600000000000005,0.008298481296637461,0.16406297872444103,0.1338336780303579
SiC_10deg,10.0,0.3,7.08,0.008273056022532484,0.16792380960726122,0.1328421226217615
SiC_10deg,10.0,0.3,7.1,0.008251954800065343,0.17122440930365954,0.13199053368315444
SiC_10deg,10.0,0.3,7.12,0.008236755075711765,0.1736810975608364,0.13135169966894755
SiC_10deg,10.0,0.3,7.14,0.008229078668592238,0.17498772786517175,0.1310049777062396
SiC_10deg,10.0,0.3,7.16,0.008230049512325244,0.1749299311527982,0.13100673243863678
SiC_10deg,10.0,0.3,7.18,0.008239877541142573,0.17346883425208987,0.13136852621935238
SiC_10deg,10.0,0.3,7.2,0.008257772218490398,0.17075631112456643,0.13205289688447344
SiC_10deg,10.0,0.3,7.22,0.008282208949571558,0.1670791723042724,0.13298748886085185
SiC_10deg,10.0,0.3,7.24,0.008311387427825646,0.16276404469842057,0.134089429102792
SiC_10deg,10.0,0.3,7.26,0.008343661887977213,0.15808550572717917,0.1352889830068814
SiC_10deg,10.0,0.3,7.28,0.008377793426806413,0.1532077483215812,0.13654462728659314
SiC_10deg,10.0,0.3,7.3,0.00841298524295686,0.14817132142766656,0.1378464812484903
SiC_10deg,10.0,0.3,7.32,0.008448742395968305,0.14292345629631517,0.13920842043645318
SiC_10deg,10.0,0.3,7.34,0.008484640834572215,0.13738212506201203,0.14065141220570435
SiC_10deg,10.0,0.3,7.36,0.008520113263448679,0.13151379464391388,0.14218331512239332
SiC_10deg,10.0,0.3,7.38,0.008554356569747883,0.12539373900879028,0.14378329574310872
SiC_10deg,10.0,0.3,7.4,0.008586411817157018,0.11921816349439932,0.14539888037338997
SiC_10deg,10.0,0.3,7.42,0.008615370966002185,0.11325932609326611,0.14695788104283775
SiC_10deg,10.0,0.3,7.44,0.00864059135857913,0.10778701186787391,0.14838902222607522
SiC_10deg,10.0,0.3,7.46,0.008661811190072963,0.10299598039044329,0.1496408965763823
SiC_10deg,10.0,0.3,7.48,0.008679136466181838,0.09896836160405544,0.15069172356780283
SiC_10deg,10.0,0.3,7.5,0.008692938714996197,0.09567710882566159,0.15154838440680318
SiC_10deg,10.0,0.3,7.5200000000000005,0.008703721765102437,0.09302022653338708,0.15223746534990437
SiC_10deg,10.0,0.3,7.54,0.00871199996405428,0.09086978717462088,0.15279248541348195
SiC_10deg,10.0,0.3,7.5600000000000005,0.008718209518273873,0.08911933413571484,0.15324155576566212
SiC_10deg,10.0,0.3,7.58,0.008722661697766946,0.08771526752858037,0.15359918787920948
SiC_10deg,10.0,0.3,7.6000000000000005,0.008725537675694594,0.0866638835106475,0.15386440604061935
SiC_10deg,10.0,0.3,7.62,0.008726915699852258,0.08601556809026864,0.1540247898504349
SiC_10deg,10.0,0.3,7.64,0.008726814963445139,0.08583598193035238,0.1540639151710067
SiC_10deg,10.0,0.3,7.66,0.008725240772324186,0.08617606883269784,0.15396913055022476
SiC_10deg,10.0,0.3,7.68,0.008722220501442767,0.08704934456130217,0.1537374618671744
SiC_10deg,10.0,0.3,7.7,0.008717823796795475,0.08842098919943588,0.1533784453320366
SiC_10deg,10.0,0.3,7.72,0.00871216073026072,0.09021171763215453,0.15291309125817404
SiC_10deg,10.0,0.3,7.74,0.008705351515465379,0.09231860052693716,0.15236840529698506
SiC_10deg,10.0,0.3,7.76,0.008697468052436558,0.09465077521667387,0.15176802158301342
SiC_10deg,10.0,0.3,7.78,0.008688464154423264,0.09716886487075468,0.15112189734074508
SiC_10deg,10.0,0.3,7.8,0.008678128775024952,0.0999087473903571,0.150420141399992
SiC_10deg,10.0,0.3,7.82,0.008666097291151439,0.10297291927631873,0.1496353343006263
SiC_10deg,10.0,0.3,7.84,0.008651933258465654,0.1064881481192126,0.14873363741301274
SiC_10deg,10.0,0.3,7.86,0.00863526257347546,0.11054549760327637,0.1476904600375009
SiC_10deg,10.0,0.3,7.88,0.008615923285378734,0.11514608879103709,0.14650459764918775
SiC_10deg,10.0,0.3,7.9,0.008594089072452592,0.12017242148366679,0.14520571983630295
SiC_10deg,10.0,0.3,7.92,0.008570323883771243,0.1253969726814682,0.14385220747449645
SiC_10deg,10.0,0.3,7.94,0.008545532461184158,0.1305294065559623,0.14251900822459726
SiC_10deg,10.0,0.3,7.96,0.008520801210234599,0.13528960388209313,0.14127879950450448
SiC_10deg,10.0,0.3,7.98,0.008497176358473765,0.13947961516684798,0.14018337931301159
SiC_10deg,10.0,0.3,8.0,0.008475469219776688,0.14302440747108403,0.13925306055104897
SiC_15deg,15.0,0.0,3.0,0.004060216205418835,1.6962040683555952,-0.2553606404935684
SiC_15deg,15.0,0.0,3.02,0.004060216205418835,1.6962040683555952,-0.2553606404935684
SiC_15deg,15.0,0.0,3.04,0.004060216205418835,1.6962040683555952,-0.2553606404935684
SiC_15deg,15.0,0.0,3.06,0.004060216205418835,1.6962040683555952,-0.2553606404935684
SiC_15deg,15.0,0.0,3.08,0.004060216205418835,1.6962040683555952,-0.2553606404935684
SiC_15deg,15.0,0.0,3.1,0.004060216205418835,1.6962040683555952,-0.2553606404935684
SiC_15deg,15.0,0.0,3.12,0.004060216205418835,1.6962040683555952,-0.2553606404935684
SiC_15deg,15.0,0.0,3.14,0.004060216205418835,1.6962040683555952,-0.2553606404935684
SiC_15deg,15.0,0.0,3.16,0.004060216205418835,1.6962040683555952,-0.2553606404935684
SiC_15deg,15.0,0.0,3.18,0.004060216205418835,1.6962040683555952,-0.2553606404935684
SiC_15deg,15.0,0.0,3.2,0.004060216205418835,1.6962040683555952,-0.2553606404935684
SiC_15deg,15.0,0.0,3.22,0.004060216205418835,1.6962040683555952,-0.2553606404935684
SiC_15deg,15.0,0.0,3.24,0.004060216205418835,1.6962040683555952,-0.2553606404935684
SiC_15deg,15.0,0.0,3.26,0.004060216205418835,1.6962040683555952,-0.2553606404935684
SiC_15deg,15.0,0.0,3.2800000000000002,0.004060216205418835,1.6962040683555952,-0.2553606404935684
SiC_15deg,15.0,0.0,3.3,0.004060216205418835,1.6962040683555952,-0.2553606404935684
SiC_15deg,15.0,0.0,3.32,0.004060216205418835,1.6962040683555952,-0.2553606404935684
SiC_15deg,15.0,0.0,3.34,0.004060216205418835,1.6962040683555952,-0.2553606404935684
SiC_15deg,15.0,0.0,3.36,0.004060216205418835,1.6962040683555952,-0.2553606404935684
SiC_15deg,15.0,0.0,3.38,0.004060216205418835,1.6962040683555952,-0.2553606404935684
SiC_15deg,15.0,0.0,3.4,0.004060216205418835,1.6962040683555952,-0.2553606404935684
SiC_15deg,15.0,0.0,3.42,0.004060216205418835,1.6962040683555952,-0.2553606404935684
SiC_15deg,15.0,0.0,3.44,0.004060216205418835,1.6962040683555952,-0.2553606404935684
SiC_15deg,15.0,0.0,3.46,0.004060216205418835,1.6962040683555952,-0.2553606404935684
SiC_15deg,15.0,0.0,3.48,0.004060216205418835,1.6962040683555952,-0.2553606404935684
SiC_15deg,15.0,0.0,3.5,0.004060216205418835,1.6962040683555952,-0.2553606404935684
SiC_15deg,15.0,0.0,3.52,0.004060216205418835,1.6962040683555952,-0.2553606404935684
SiC_15deg,15.0,0.0,3.54,0.004060216205418835,1.6962040683555952,-0.2553606404935684
SiC_15deg,15.0,0.0,3.56,0.004060216205418835,1.6962040683555952,-0.2553606404935684
SiC_15deg,15.0,0.0,3.58,0.004060216205418835,1.6962040683555952,-0.2553606404935684
SiC_15deg,15.0,0.0,3.6,0.004060216205418835,1.6962040683555952,-0.2553606404935684
SiC_15deg,15.0,0.0,3.62,0.004060216205418835,1.6962040683555952,-0.2553606404935684
SiC_15deg,15.0,0.0,3.64,0.004060216205418835,1.6962040683555952,-0.2553606404935684
SiC_15deg,15.0,0.0,3.66,0.004060216205418835,1.6962040683555952,-0.2553606404935684
SiC_15deg,15.0,0.0,3.68,0.004060216205418835,1.6962040683555952,-0.2553606404935684
SiC_15deg,15.0,0.0,3.7,0.004060216205418835,1.6962040683555952,-0.2553606404935684
SiC_15deg,15.0,0.0,3.7199999999999998,0.004060216205418835,1.6962040683555952,-0.2553606404935684
SiC_15deg,15.0,0.0,3.74,0.004060216205418835,1.6962040683555952,-0.2553606404935684
SiC_15deg,15.0,0.0,3.76,0.004060216205418835,1.6962040683555952,-0.2553606404935684
SiC_15deg,15.0,0.0,3.7800000000000002,0.004060216205418835,1.6962040683555952,-0.2553606404935684
SiC_15deg,15.0,0.0,3.8,0.004060216205418835,1.6962040683555952,-0.2553606404935684
SiC_15deg,15.0,0.0,3.8200000000000003,0.004060216205418835,1.6962040683555952,-0.2553606404935684
SiC_15deg,15.0,0.0,3.84,0.004060216205418835,1.6962040683555952,-0.2553606404935684
SiC_15deg,15.0,0.0,3.86,0.004060216205418835,1.6962040683555952,-0.2553606404935684
SiC_15deg,15.0,0.0,3.88,0.004060216205418835,1.6962040683555952,-0.2553606404935684
SiC_15deg,15.0,0.0,3.9,0.004060216205418835,1.6962040683555952,-0.2553606404935684
SiC_15deg,15.0,0.0,3.92,0.004060216205418835,1.6962040683555952,-0.2553606404935684
SiC_15deg,15.0,0.0,3.94,0.004060216205418835,1.6962040683555952,-0.2553606404935684
SiC_15deg,15.0,0.0,3.96,0.004060216205418835,1.6962040683555952,-0.2553606404935684
SiC_15deg,15.0,0.0,3.98,0.004060216205418835,1.6962040683555952,-0.2553606404935684
SiC_15deg,15.0,0.0,4.0,0.004060216205418835,1.6962040683555952,-0.2553606404935684
SiC_15deg,15.0,0.0,4.02,0.004060216205418835,1.6962040683555952,-0.2553606404935684
SiC_15deg,15.0,0.0,4.04,0.004060216205418835,1.6962040683555952,-0.2553606404935684
SiC_15deg,15.0,0.0,4.0600000000000005,0.004060216205418835,1.6962040683555952,-0.2553606404935684
SiC_15deg,15.0,0.0,4.08,0.004060216205418835,1.6962040683555952,-0.2553606404935684
SiC_15deg,15.0,0.0,4.1,0.004060216205418835,1.6962040683555952,-0.2553606404935684
SiC_15deg,15.0,0.0,4.12,0.004060216205418835,1.6962040683555952,-0.2553606404935684
SiC_15deg,15.0,0.0,4.140000000000001,0.004060216205418835,1.6962040683555952,-0.2553606404935684
SiC_15deg,15.0,0.0,4.16,0.004060216205418835,1.6962040683555952,-0.2553606404935684
SiC_15deg,15.0,0.0,4.18,0.004060216205418835,1.6962040683555952,-0.2553606404935684
SiC_15deg,15.0,0.0,4.2,0.004060216205418835,1.6962040683555952,-0.2553606404935684
SiC_15deg,15.0,0.0,4.22,0.004060216205418835,1.6962040683555952,-0.2553606404935684
SiC_15deg,15.0,0.0,4.24,0.004060216205418835,1.6962040683555952,-0.2553606404935684
SiC_15deg,15.0,0.0,4.26,0.004060216205418835,1.6962040683555952,-0.2553606404935684
SiC_15deg,15.0,0.0,4.28,0.004060216205418835,1.6962040683555952,-0.2553606404935684
SiC_15deg,15.0,0.0,4.3,0.004060216205418835,1.6962040683555952,-0.2553606404935684
SiC_15deg,15.0,0.0,4.32,0.004060216205418835,1.6962040683555952,-0.2553606404935684
SiC_15deg,15.0,0.0,4.34,0.004060216205418835,1.6962040683555952,-0.2553606404935684
SiC_15deg,15.0,0.0,4.36,0.004060216205418835,1.6962040683555952,-0.2553606404935684
SiC_15deg,15.0,0.0,4.38,0.004060216205418835,1.6962040683555952,-0.2553606404935684
SiC_15deg,15.0,0.0,4.4,0.004060216205418835,1.6962040683555952,-0.2553606404935684
SiC_15deg,15.0,0.0,4.42,0.004060216205418835,1.6962040683555952,-0.2553606404935684
SiC_15deg,15.0,0.0,4.4399999999999995,0.004060216205418835,1.6962040683555952,-0.2553606404935684
SiC_15deg,15.0,0.0,4.46,0.004060216205418835,1.6962040683555952,-0.2553606404935684
SiC_15deg,15.0,0.0,4.48,0.004060216205418835,1.6962040683555952,-0.2553606404935684
SiC_15deg,15.0,0.0,4.5,0.004060216205418835,1.6962040683555952,-0.2553606404935684
SiC_15deg,15.0,0.0,4.52,0.004060216205418835,1.6962040683555952,-0.2553606404935684
SiC_15deg,15.0,0.0,4.54,0.004060216205418835,1.6962040683555952,-0.2553606404935684
SiC_15deg,15.0,0.0,4.5600000000000005,0.004060216205418835,1.6962040683555952,-0.2553606404935684
SiC_15deg,15.0,0.0,4.58,0.004060216205418835,1.6962040683555952,-0.2553606404935684
SiC_15deg,15.0,0.0,4.6,0.004060216205418835,1.6962040683555952,-0.2553606404935684
SiC_15deg,15.0,0.0,4.62,0.004060216205418835,1.6962040683555952,-0.2553606404935684
SiC_15deg,15.0,0.0,4.640000000000001,0.004060216205418835,1.6962040683555952,-0.2553606404935684
SiC_15deg,15.0,0.0,4.66,0.004060216205418835,1.6962040683555952,-0.2553606404935684
SiC_15deg,15.0,0.0,4.68,0.004060216205418835,1.6962040683555952,-0.2553606404935684
SiC_15deg,15.0,0.0,4.7,0.004060216205418835,1.6962040683555952,-0.2553606404935684
SiC_15deg,15.0,0.0,4.72,0.004060216205418835,1.6962040683555952,-0.2553606404935684
SiC_15deg,15.0,0.0,4.74,0.004060216205418835,1.6962040683555952,-0.2553606404935684
SiC_15deg,15.0,0.0,4.76,0.004060216205418835,1.6962040683555952,-0.2553606404935684
SiC_15deg,15.0,0.0,4.78,0.004060216205418835,1.6962040683555952,-0.2553606404935684
SiC_15deg,15.0,0.0,4.8,0.004060216205418835,1.6962040683555952,-0.2553606404935684
SiC_15deg,15.0,0.0,4.82,0.004060216205418835,1.6962040683555952,-0.2553606404935684
SiC_15deg,15.0,0.0,4.84,0.004060216205418835,1.6962040683555952,-0.2553606404935684
SiC_15deg,15.0,0.0,4.86,0.004060216205418835,1.6962040683555952,-0.2553606404935684
SiC_15deg,15.0,0.0,4.88,0.004060216205418835,1.6962040683555952,-0.2553606404935684
SiC_15deg,15.0,0.0,4.9,0.004060216205418835,1.6962040683555952,-0.2553606404935684
SiC_15deg,15.0,0.0,4.92,0.004060216205418835,1.6962040683555952,-0.2553606404935684
SiC_15deg,15.0,0.0,4.9399999999999995,0.004060216205418835,1.6962040683555952,-0.2553606404935684
SiC_15deg,15.0,0.0,4.96,0.004060216205418835,1.6962040683555952,-0.2553606404935684
SiC_15deg,15.0,0.0,4.98,0.004060216205418835,1.6962040683555952,-0.2553606404935684
SiC_15deg,15.0,0.0,5.0,0.004060216205418835,1.6962040683555952,-0.2553606404935684
SiC_15deg,15.0,0.0,5.02,0.004060216205418835,1.6962040683555952,-0.2553606404935684
SiC_15deg,15.0,0.0,5.04,0.004060216205418835,1.6962040683555952,-0.2553606404935684
SiC_15deg,15.0,0.0,5.0600000000000005,0.004060216205418835,1.6962040683555952,-0.2553606404935684
SiC_15deg,15.0,0.0,5.08,0.004060216205418835,1.6962040683555952,-0.2553606404935684
SiC_15deg,15.0,0.0,5.1,0.004060216205418835,1.6962040683555952,-0.2553606404935684
SiC_15deg,15.0,0.0,5.12,0.004060216205418835,1.6962040683555952,-0.2553606404935684
SiC_15deg,15.0,0.0,5.140000000000001,0.004060216205418835,1.6962040683555952,-0.2553606404935684
SiC_15deg,15.0,0.0,5.16,0.004060216205418835,1.6962040683555952,-0.2553606404935684
SiC_15deg,15.0,0.0,5.18,0.004060216205418835,1.6962040683555952,-0.2553606404935684
SiC_15deg,15.0,0.0,5.2,0.004060216205418835,1.6962040683555952,-0.2553606404935684
SiC_15deg,15.0,0.0,5.220000000000001,0.004060216205418835,1.6962040683555952,-0.2553606404935684
SiC_15deg,15.0,0.0,5.24,0.004060216205418835,1.6962040683555952,-0.2553606404935684
SiC_15deg,15.0,0.0,5.26,0.004060216205418835,1.6962040683555952,-0.2553606404935684
SiC_15deg,15.0,0.0,5.28,0.004060216205418835,1.6962040683555952,-0.2553606404935684
SiC_15deg,15.0,0.0,5.300000000000001,0.004060216205418835,1.6962040683555952,-0.2553606404935684
SiC_15deg,15.0,0.0,5.32,0.004060216205418835,1.6962040683555952,-0.2553606404935684
SiC_15deg,15.0,0.0,5.34,0.004060216205418835,1.6962040683555952,-0.2553606404935684
SiC_15deg,15.0,0.0,5.359999999999999,0.004060216205418835,1.6962040683555952,-0.2553606404935684
SiC_15deg,15.0,0.0,5.38,0.004060216205418835,1.6962040683555952,-0.2553606404935684
SiC_15deg,15.0,0.0,5.4,0.004060216205418835,1.6962040683555952,-0.2553606404935684
SiC_15deg,15.0,0.0,5.42,0.004060216205418835,1.6962040683555952,-0.2553606404935684
SiC_15deg,15.0,0.0,5.4399999999999995,0.004060216205418835,1.6962040683555952,-0.2553606404935684
SiC_15deg,15.0,0.0,5.46,0.004060216205418835,1.6962040683555952,-0.2553606404935684
SiC_15deg,15.0,0.0,5.48,0.004060216205418835,1.6962040683555952,-0.2553606404935684
SiC_15deg,15.0,0.0,5.5,0.004060216205418835,1.6962040683555952,-0.2553606404935684
SiC_15deg,15.0,0.0,5.52,0.004060216205418835,1.6962040683555952,-0.2553606404935684
SiC_15deg,15.0,0.0,5.54,0.004060216205418835,1.6962040683555952,-0.2553606404935684
SiC_15deg,15.0,0.0,5.5600000000000005,0.004060216205418835,1.6962040683555952,-0.2553606404935684
SiC_15deg,15.0,0.0,5.58,0.004060216205418835,1.6962040683555952,-0.2553606404935684
SiC_15deg,15.0,0.0,5.6,0.004060216205418835,1.6962040683555952,-0.2553606404935684
SiC_15deg,15.0,0.0,5.62,0.004060216205418835,1.6962040683555952,-0.2553606404935684
SiC_15deg,15.0,0.0,5.640000000000001,0.004060216205418835,1.6962040683555952,-0.2553606404935684
SiC_15deg,15.0,0.0,5.66,0.004060216205418835,1.6962040683555952,-0.2553606404935684
SiC_15deg,15.0,0.0,5.68,0.004060216205418835,1.6962040683555952,-0.2553606404935684
SiC_15deg,15.0,0.0,5.7,0.004060216205418835,1.6962040683555952,-0.2553606404935684
SiC_15deg,15.0,0.0,5.720000000000001,0.004060216205418835,1.6962040683555952,-0.2553606404935684
SiC_15deg,15.0,0.0,5.74,0.004060216205418835,1.6962040683555952,-0.2553606404935684
SiC_15deg,15.0,0.0,5.76,0.004060216205418835,1.6962040683555952,-0.2553606404935684
SiC_15deg,15.0,0.0,5.78,0.004060216205418835,1.6962040683555952,-0.2553606404935684
SiC_15deg,15.0,0.0,5.800000000000001,0.004060216205418835,1.6962040683555952,-0.2553606404935684
SiC_15deg,15.0,0.0,5.82,0.004060216205418835,1.6962040683555952,-0.2553606404935684
SiC_15deg,15.0,0.0,5.84,0.004060216205418835,1.6962040683555952,-0.2553606404935684
SiC_15deg,15.0,0.0,5.859999999999999,0.004060216205418835,1.6962040683555952,-0.2553606404935684
SiC_15deg,15.0,0.0,5.88,0.004060216205418835,1.6962040683555952,-0.2553606404935684
SiC_15deg,15.0,0.0,5.9,0.004060216205418835,1.6962040683555952,-0.2553606404935684
SiC_15deg,15.0,0.0,5.92,0.004060216205418835,1.6962040683555952,-0.2553606404935684
SiC_15deg,15.0,0.0,5.9399999999999995,0.004060216205418835,1.6962040683555952,-0.2553606404935684
SiC_15deg,15.0,0.0,5.96,0.004060216205418835,1.6962040683555952,-0.2553606404935684
SiC_15deg,15.0,0.0,5.98,0.004060216205418835,1.6962040683555952,-0.2553606404935684
SiC_15deg,15.0,0.0,6.0,0.004060216205418835,1.6962040683555952,-0.2553606404935684
SiC_15deg,15.0,0.0,6.02,0.004060216205418835,1.6962040683555952,-0.2553606404935684
SiC_15deg,15.0,0.0,6.04,0.004060216205418835,1.6962040683555952,-0.2553606404935684
SiC_15deg,15.0,0.0,6.0600000000000005,0.004060216205418835,1.6962040683555952,-0.2553606404935684
SiC_15deg,15.0,0.0,6.08,0.004060216205418835,1.6962040683555952,-0.2553606404935684
SiC_15deg,15.0,0.0,6.1,0.004060216205418835,1.6962040683555952,-0.2553606404935684
SiC_15deg,15.0,0.0,6.12,0.004060216205418835,1.6962040683555952,-0.2553606404935684
SiC_15deg,15.0,0.0,6.140000000000001,0.004060216205418835,1.6962040683555952,-0.2553606404935684
SiC_15deg,15.0,0.0,6.16,0.004060216205418835,1.6962040683555952,-0.2553606404935684
SiC_15deg,15.0,0.0,6.18,0.004060216205418835,1.6962040683555952,-0.2553606404935684
SiC_15deg,15.0,0.0,6.2,0.004060216205418835,1.6962040683555952,-0.2553606404935684
SiC_15deg,15.0,0.0,6.220000000000001,0.004060216205418835,1.6962040683555952,-0.2553606404935684
SiC_15deg,15.0,0.0,6.24,0.004060216205418835,1.6962040683555952,-0.2553606404935684
SiC_15deg,15.0,0.0,6.26,0.004060216205418835,1.6962040683555952,-0.2553606404935684
SiC_15deg,15.0,0.0,6.28,0.004060216205418835,1.6962040683555952,-0.2553606404935684
SiC_15deg,15.0,0.0,6.300000000000001,0.004060216205418835,1.6962040683555952,-0.2553606404935684
SiC_15deg,15.0,0.0,6.32,0.004060216205418835,1.6962040683555952,-0.2553606404935684
SiC_15deg,15.0,0.0,6.34,0.004060216205418835,1.6962040683555952,-0.2553606404935684
SiC_15deg,15.0,0.0,6.359999999999999,0.004060216205418835,1.6962040683555952,-0.2553606404935684
SiC_15deg,15.0,0.0,6.38,0.004060216205418835,1.6962040683555952,-0.2553606404935684
SiC_15deg,15.0,0.0,6.4,0.004060216205418835,1.6962040683555952,-0.2553606404935684
SiC_15deg,15.0,0.0,6.42,0.004060216205418835,1.6962040683555952,-0.2553606404935684
SiC_15deg,15.0,0.0,6.4399999999999995,0.004060216205418835,1.6962040683555952,-0.2553606404935684
SiC_15deg,15.0,0.0,6.46,0.004060216205418835,1.6962040683555952,-0.2553606404935684
SiC_15deg,15.0,0.0,6.48,0.004060216205418835,1.6962040683555952,-0.2553606404935684
SiC_15deg,15.0,0.0,6.5,0.004060216205418835,1.6962040683555952,-0.2553606404935684
SiC_15deg,15.0,0.0,6.52,0.004060216205418835,1.6962040683555952,-0.2553606404935684
SiC_15deg,15.0,0.0,6.54,0.004060216205418835,1.6962040683555952,-0.2553606404935684
SiC_15deg,15.0,0.0,6.5600000000000005,0.004060216205418835,1.6962040683555952,-0.2553606404935684
SiC_15deg,15.0,0.0,6.58,0.004060216205418835,1.6962040683555952,-0.2553606404935684
SiC_15deg,15.0,0.0,6.6,0.004060216205418835,1.6962040683555952,-0.2553606404935684
SiC_15deg,15.0,0.0,6.62,0.004060216205418835,1.6962040683555952,-0.2553606404935684
SiC_15deg,15.0,0.0,6.640000000000001,0.004060216205418835,1.6962040683555952,-0.2553606404935684
SiC_15deg,15.0,0.0,6.66,0.004060216205418835,1.6962040683555952,-0.2553606404935684
SiC_15deg,15.0,0.0,6.68,0.004060216205418835,1.6962040683555952,-0.2553606404935684
SiC_15deg,15.0,0.0,6.7,0.004060216205418835,1.6962040683555952,-0.2553606404935684
SiC_15deg,15.0,0.0,6.720000000000001,0.004060216205418835,1.6962040683555952,-0.2553606404935684
SiC_15deg,15.0,0.0,6.74,0.004060216205418835,1.6962040683555952,-0.2553606404935684
SiC_15deg,15.0,0.0,6.76,0.004060216205418835,1.6962040683555952,-0.2553606404935684
SiC_15deg,15.0,0.0,6.78,0.004060216205418835,1.6962040683555952,-0.2553606404935684
SiC_15deg,15.0,0.0,6.800000000000001,0.004060216205418835,1.6962040683555952,-0.2553606404935684
SiC_15deg,15.0,0.0,6.82,0.004060216205418835,1.6962040683555952,-0.2553606404935684
SiC_15deg,15.0,0.0,6.84,0.004060216205418835,1.6962040683555952,-0.2553606404935684
SiC_15deg,15.0,0.0,6.859999999999999,0.004060216205418835,1.6962040683555952,-0.2553606404935684
SiC_15deg,15.0,0.0,6.88,0.004060216205418835,1.6962040683555952,-0.2553606404935684
SiC_15deg,15.0,0.0,6.9,0.004060216205418835,1.6962040683555952,-0.2553606404935684
SiC_15deg,15.0,0.0,6.92,0.004060216205418835,1.6962040683555952,-0.2553606404935684
SiC_15deg,15.0,0.0,6.9399999999999995,0.004060216205418835,1.6962040683555952,-0.2553606404935684
SiC_15deg,15.0,0.0,6.96,0.004060216205418835,1.6962040683555952,-0.2553606404935684
SiC_15deg,15.0,0.0,6.98,0.004060216205418835,1.6962040683555952,-0.2553606404935684
SiC_15deg,15.0,0.0,7.0,0.004060216205418835,1.6962040683555952,-0.2553606404935684
SiC_15deg,15.0,0.0,7.0200000000000005,0.004060216205418835,1.6962040683555952,-0.2553606404935684
SiC_15deg,15.0,0.0,7.04,0.004060216205418835,1.6962040683555952,-0.2553606404935684
SiC_15deg,15.0,0.0,7.0600000000000005,0.004060216205418835,1.6962040683555952,-0.2553606404935684
SiC_15deg,15.0,0.0,7.08,0.004060216205418835,1.6962040683555952,-0.2553606404935684
SiC_15deg,15.0,0.0,7.1,0.004060216205418835,1.6962040683555952,-0.2553606404935684
SiC_15deg,15.0,0.0,7.12,0.004060216205418835,1.6962040683555952,-0.2553606404935684
SiC_15deg,15.0,0.0,7.14,0.004060216205418835,1.6962040683555952,-0.2553606404935684
SiC_15deg,15.0,0.0,7.16,0.004060216205418835,1.6962040683555952,-0.2553606404935684
SiC_15deg,15.0,0.0,7.18,0.004060216205418835,1.6962040683555952,-0.2553606404935684
SiC_15deg,15.0,0.0,7.2,0.004060216205418835,1.6962040683555952,-0.2553606404935684
SiC_15deg,15.0,0.0,7.22,0.004060216205418835,1.6962040683555952,-0.2553606404935684
SiC_15deg,15.0,0.0,7.24,0.004060216205418835,1.6962040683555952,-0.2553606404935684
SiC_15deg,15.0,0.0,7.26,0.004060216205418835,1.6962040683555952,-0.2553606404935684
SiC_15deg,15.0,0.0,7.28,0.004060216205418835,1.6962040683555952,-0.2553606404935684
SiC_15deg,15.0,0.0,7.3,0.004060216205418835,1.6962040683555952,-0.2553606404935684
SiC_15deg,15.0,0.0,7.32,0.004060216205418835,1.6962040683555952,-0.2553606404935684
SiC_15deg,15.0,0.0,7.34,0.004060216205418835,1.6962040683555952,-0.2553606404935684
SiC_15deg,15.0,0.0,7.36,0.004060216205418835,1.6962040683555952,-0.2553606404935684
SiC_15deg,15.0,0.0,7.38,0.004060216205418835,1.6962040683555952,-0.2553606404935684
SiC_15deg,15.0,0.0,7.4,0.004060216205418835,1.6962040683555952,-0.2553606404935684
SiC_15deg,15.0,0.0,7.42,0.004060216205418835,1.6962040683555952,-0.2553606404935684
SiC_15deg,15.0,0.0,7.44,0.004060216205418835,1.6962040683555952,-0.2553606404935684
SiC_15deg,15.0,0.0,7.46,0.004060216205418835,1.6962040683555952,-0.2553606404935684
SiC_15deg,15.0,0.0,7.48,0.004060216205418835,1.6962040683555952,-0.2553606404935684
SiC_15deg,15.0,0.0,7.5,0.004060216205418835,1.6962040683555952,-0.2553606404935684
SiC_15deg,15.0,0.0,7.5200000000000005,0.004060216205418835,1.6962040683555952,-0.2553606404935684
SiC_15deg,15.0,0.0,7.54,0.004060216205418835,1.6962040683555952,-0.2553606404935684
SiC_15deg,15.0,0.0,7.5600000000000005,0.004060216205418835,1.6962040683555952,-0.2553606404935684
SiC_15deg,15.0,0.0,7.58,0.004060216205418835,1.6962040683555952,-0.2553606404935684
SiC_15deg,15.0,0.0,7.6000000000000005,0.004060216205418835,1.6962040683555952,-0.2553606404935684
SiC_15deg,15.0,0.0,7.62,0.004060216205418835,1.6962040683555952,-0.2553606404935684
SiC_15deg,15.0,0.0,7.64,0.004060216205418835,1.6962040683555952,-0.2553606404935684
SiC_15deg,15.0,0.0,7.66,0.004060216205418835,1.6962040683555952,-0.2553606404935684
SiC_15deg,15.0,0.0,7.68,0.004060216205418835,1.6962040683555952,-0.2553606404935684
SiC_15deg,15.0,0.0,7.7,0.004060216205418835,1.6962040683555952,-0.2553606404935684
SiC_15deg,15.0,0.0,7.72,0.004060216205418835,1.6962040683555952,-0.2553606404935684
SiC_15deg,15.0,0.0,7.74,0.004060216205418835,1.6962040683555952,-0.2553606404935684
SiC_15deg,15.0,0.0,7.76,0.004060216205418835,1.6962040683555952,-0.2553606404935684
SiC_15deg,15.0,0.0,7.78,0.004060216205418835,1.6962040683555952,-0.2553606404935684
SiC_15deg,15.0,0.0,7.8,0.004060216205418835,1.6962040683555952,-0.2553606404935684
SiC_15deg,15.0,0.0,7.82,0.004060216205418835,1.6962040683555952,-0.2553606404935684
SiC_15deg,15.0,0.0,7.84,0.004060216205418835,1.6962040683555952,-0.2553606404935684
SiC_15deg,15.0,0.0,7.86,0.004060216205418835,1.6962040683555952,-0.2553606404935684
SiC_15deg,15.0,0.0,7.88,0.004060216205418835,1.6962040683555952,-0.2553606404935684
SiC_15deg,15.0,0.0,7.9,0.004060216205418835,1.6962040683555952,-0.2553606404935684
SiC_15deg,15.0,0.0,7.92,0.004060216205418835,1.6962040683555952,-0.2553606404935684
SiC_15deg,15.0,0.0,7.94,0.004060216205418835,1.6962040683555952,-0.2553606404935684
SiC_15deg,15.0,0.0,7.96,0.004060216205418835,1.6962040683555952,-0.2553606404935684
SiC_15deg,15.0,0.0,7.98,0.004060216205418835,1.6962040683555952,-0.2553606404935684
SiC_15deg,15.0,0.0,8.0,0.004060216205418835,1.6962040683555952,-0.2553606404935684
SiC_15deg,15.0,0.05,3.0,0.006624200335468693,1.1565202922956646,-0.11562480308895687
SiC_15deg,15.0,0.05,3.02,0.006660556448834991,1.1635527249597581,-0.11739541968188429
SiC_15deg,15.0,0.05,3.04,0.006692559005726164,1.1703967043869417,-0.11911845462398789
SiC_15deg,15.0,0.05,3.06,0.006712560265573845,1.1778961003059176,-0.12101849035573595
SiC_15deg,15.0,0.05,3.08,0.006716272966351543,1.1861319696059796,-0.12312132024394461
SiC_15deg,15.0,0.05,3.1,0.006703625947141342,1.1942054567618734,-0.1251973399954492
SiC_15deg,15.0,0.05,3.12,0.006678332790120718,1.2004692958911134,-0.12682126567287788
SiC_15deg,15.0,0.05,3.14,0.006646295968962262,1.2031666741194564,-0.1275374551980615
SiC_15deg,15.0,0.05,3.16,0.006613365524910514,1.2012112918811952,-0.12706200985171995
SiC_15deg,15.0,0.05,3.18,0.0065833902784396625,1.1947099897490034,-0.1254185372616605
SiC_15deg,15.0,0.05,3.2,0.006557469984258835,1.1849497880049162,-0.12293547695830413
SiC_15deg,15.0,0.05,3.22,0.006534636144532854,1.173895553535494,-0.12011670524426397
SiC_15deg,15.0,0.05,3.24,0.006513379404949402,1.163503307892875,-0.11746417073968064
SiC_15deg,15.0,0.05,3.26,0.006493153943234694,1.155162511853154,-0.11533365870074139
SiC_15deg,15.0,0.05,3.2800000000000002,0.006475247806285813,1.1494188059684711,-0.11386305102971006
SiC_15deg,15.0,0.05,3.3,0.00646279051782527,1.1459780734817075,-0.11297349590628847
SiC_15deg,15.0,0.05,3.32,0.006459917926865176,1.143930783623473,-0.11242778969282781
SiC_15deg,15.0,0.05,3.34,0.006470297342115232,1.1421240669006454,-0.1119271458423327
SiC_15deg,15.0,0.05,3.36,0.006495460275631023,1.1395896259160128,-0.11122236971389897
SiC_15deg,15.0,0.05,3.38,0.006533614883364025,1.135899746628725,-0.11020612039000396
SiC_15deg,15.0,0.05,3.4,0.006579548462801911,1.131315541814691,-0.10895093297576909
SiC_15deg,15.0,0.05,3.42,0.006625758974621827,1.126655330322835,-0.10767440893411202
SiC_15deg,15.0,0.05,3.44,0.006664352954083018,1.1229307557269126,-0.10664416562619411
SiC_15deg,15.0,0.05,3.46,0.006688957488249301,1.120901799528299,-0.10606195723027981
SiC_15deg,15.0,0.05,3.48,0.0066960423382367825,1.1207312179584612,-0.10597381999408152
SiC_15deg,15.0,0.05,3.5,0.006685381653437906,1.121875694617367,-0.106241713062499
SiC_15deg,15.0,0.05,3.52,0.006659642136588513,1.1232662138328497,-0.10659010924138686
SiC_15deg,15.0,0.05,3.54,0.006623253888962735,1.1237223128685307,-0.10671314922728904
SiC_15deg,15.0,0.05,3.56,0.006580914856451212,1.1224351378333748,-0.106399692287801
SiC_15deg,15.0,0.05,3.58,0.006536271939679856,1.1193014492117423,-0.10561997651870998
SiC_15deg,15.0,0.05,3.6,0.006491304610642378,1.1149564346514376,-0.10453452287143865
SiC_15deg,15.0,0.05,3.62,0.006446602616132692,1.110513262155851,-0.10342722021321134
SiC_15deg,15.0,0.05,3.64,0.0064022827938373435,1.107157022656827,-0.10260064873354362
SiC_15deg,15.0,0.05,3.66,0.0063590453604955395,1.1057699556465237,-0.10227934565164523
SiC_15deg,15.0,0.05,3.68,0.006318912004853287,1.106701262565571,-0.10255037658533027
SiC_15deg,15.0,0.05,3.7,0.006285365810904082,1.1097155657385922,-0.10335013191803934
SiC_15deg,15.0,0.05,3.7199999999999998,0.0062627891099833995,1.114106596413889,-0.1044939637106624
SiC_15deg,15.0,0.05,3.74,0.006255278328176118,1.1189401476804135,-0.10573936213461163
SiC_15deg,15.0,0.05,3.76,0.006265161749692026,1.1233661066175498,-0.10686700045434949
SiC_15deg,15.0,0.05,3.7800000000000002,0.0062917912234526155,1.1269069198018495,-0.10775551404819671
SiC_15deg,15.0,0.05,3.8,0.00633120612142998,1.1296141834690707,-0.10842185510694335
SiC_15deg,15.0,0.05,3.8200000000000003,0.006376928641810136,1.1320182600984794,-0.10900778271525705
SiC_15deg,15.0,0.05,3.84,0.006421609073132451,1.1348775152718023,-0.10971432852460444
SiC_15deg,15.0,0.05,3.86,0.006458875798179299,1.1388215666521528,-0.11070885228784677
SiC_15deg,15.0,0.05,3.88,0.006484761003729146,1.1440293547506817,-0.1120412506786308
SiC_15deg,15.0,0.05,3.9,0.006498334899761551,1.1500733191315373,-0.11360330890711273
SiC_15deg,15.0,0.05,3.92,0.00650145427919439,1.1560075738805335,-0.11515131144985587
SiC_15deg,15.0,0.05,3.94,0.006497744085159493,1.160691657350327,-0.116389720038969
SiC_15deg,15.0,0.05,3.96,0.006491147317409801,1.163235601226412,-0.11708640233485167
SiC_15deg,15.0,0.05,3.98,0.006484581880876668,1.1633729838234774,-0.1171694349788363
SiC_15deg,15.0,0.05,4.0,0.006479253431393275,1.161584544661436,-0.11675953622838482
SiC_15deg,15.0,0.05,4.02,0.0064748654997694235,1.158920505620541,-0.11612457149008881
SiC_15deg,15.0,0.05,4.04,0.006470508581834342,1.1566222247325,-0.11558201389991093
SiC_15deg,15.0,0.05,4.0600000000000005,0.006465724575645742,1.155716945702765,-0.11539425933316834
SiC_15deg,15.0,0.05,4.08,0.006461266819920001,1.1567287924513328,-0.11569389843119034
SiC_15deg,15.0,0.05,4.1,0.0064592746761537555,1.1595732743179634,-0.11645648184347099
SiC_15deg,15.0,0.05,4.12,0.006462785640152173,1.1636410938820219,-0.11752238947515416
SiC_15deg,15.0,0.05,4.140000000000001,0.006474687656567758,1.1680400771756076,-0.11865975810948258
SiC_15deg,15.0,0.05,4.16,0.006496417555670013,1.1719300741446435,-0.11965151139675362
SiC_15deg,15.0,0.05,4.18,0.0065269025772660815,1.1748456733967887,-0.12037909603543989
SiC_15deg,15.0,0.05,4.2,0.006562257040849426,1.1768806549547044,-0.12087012520782915
SiC_15deg,15.0,0.05,4.22,0.00659646285787016,1.178643290727745,-0.1212863651186134
SiC_15deg,15.0,0.05,4.24,0.00662280786627111,1.1809850415116514,-0.12185285281272154
SiC_15deg,15.0,0.05,4.26,0.006635539954431902,1.1846082202699302,-0.12275568403055984
SiC_15deg,15.0,0.05,4.28,0.006631194590618389,1.1897128179276601,-0.1240500990968201
SiC_15deg,15.0,0.05,4.3,0.006609261304545798,1.1958296098366994,-0.12561698810164737
SiC_15deg,15.0,0.05,4.32,0.0065720712144530895,1.2019213082195388,-0.12718893510262272
SiC_15deg,15.0,0.05,4.34,0.006523956807225504,1.206733638784324,-0.1284410660417561
SiC_15deg,15.0,0.05,4.36,0.006469929703419623,1.2092646879955133,-0.1291126251128683
SiC_15deg,15.0,0.05,4.38,0.006414341454182786,1.2091459693958584,-0.12910583562413946
SiC_15deg,15.0,0.05,4.4,0.00636006529096401,1.2067586529901186,-0.1285163215192586
SiC_15deg,15.0,0.05,4.42,0.006308507116625296,1.2030458868332754,-0.1275848908114965
SiC_15deg,15.0,0.05,4.4399999999999995,0.0062603283232675255,1.1991342978699964,-0.12659985804506127
SiC_15deg,15.0,0.05,4.46,0.006216438607283231,1.1959417135645813,-0.12579569682436642
SiC_15deg,15.0,0.05,4.48,0.006178765700303656,1.193909494534844,-0.125283887174949
SiC_15deg,15.0,0.05,4.5,0.006150457794431534,1.1929187609144607,-0.12503138432244823
SiC_15deg,15.0,0.05,4.52,0.006135383142610499,1.1923870680956052,-0.12488587521515712
SiC_15deg,15.0,0.05,4.54,0.006137017703231643,1.1915047959774423,-0.12463726472910158
SiC_15deg,15.0,0.05,4.5600000000000005,0.0061570686509035384,1.1895410706441945,-0.12409712844402014
SiC_15deg,15.0,0.05,4.58,0.006194393594866582,1.186121582825893,-0.12317071796012478
SiC_15deg,15.0,0.05,4.6,0.006244758220832663,1.1813748818987009,-0.12189464485177444
SiC_15deg,15.0,0.05,4.62,0.006301629732965758,1.1758834347356066,-0.12042376298575971
SiC_15deg,15.0,0.05,4.640000000000001,0.006357708851415334,1.1704550703440608,-0.11897142472845787
SiC_15deg,15.0,0.05,4.66,0.006406597123185603,1.1658082359189152,-0.11772746772106858
SiC_15deg,15.0,0.05,4.68,0.006444041385032259,1.1622983197260137,-0.11678698590047454
SiC_15deg,15.0,0.05,4.7,0.006468461959859257,1.1597917831970554,-0.11611752747862268
SiC_15deg,15.0,0.05,4.72,0.006480739137419204,1.1577373041835872,-0.11557740607508059
SiC_15deg,15.0,0.05,4.74,0.006483417288402884,1.1554092414524586,-0.11497869259978549
SiC_15deg,15.0,0.05,4.76,0.006479619072888597,1.1522273178991636,-0.11417001640045019
SiC_15deg,15.0,0.05,4.78,0.006472050585404058,1.1480166023102996,-0.11310402156998697
SiC_15deg,15.0,0.05,4.8,0.006462448389668589,1.1430950383522105,-0.11186029266858168
SiC_15deg,15.0,0.05,4.82,0.0064516219657855195,1.1381596889588617,-0.11061623113619097
SiC_15deg,15.0,0.05,4.84,0.006439968407511289,1.1340369790953633,-0.10958269908585513
SiC_15deg,15.0,0.05,4.86,0.006428147387632966,1.131408696822462,-0.10893330756158043
SiC_15deg,15.0,0.05,4.88,0.006417586469159771,1.1306107354552042,-0.10875246151306835
SiC_15deg,15.0,0.05,4.9,0.006410589627015895,1.1315561045078344,-0.1090155519388765
SiC_15deg,15.0,0.05,4.92,0.00640996171163249,1.1337914406866108,-0.10960373782915851
SiC_15deg,15.0,0.05,4.9399999999999995,0.006418210794710539,1.136666370578755,-0.11034798480424127
SiC_15deg,15.0,0.05,4.96,0.006436555299198455,1.1395691453953807,-0.1110902545275181
SiC_15deg,15.0,0.05,4.98,0.006464104051431728,1.1421563162705073,-0.11174305493214784
SiC_15deg,15.0,0.05,5.0,0.006497589004354654,1.144492159207205,-0.11232544659684716
SiC_15deg,15.0,0.05,5.02,0.006531837917236461,1.14703478946284,-0.11295916148709294
SiC_15deg,15.0,0.05,5.04,0.006560855710104307,1.1504625569880327,-0.11382324126029764
SiC_15deg,15.0,0.05,5.0600000000000005,0.006579137498117031,1.1554008489585714,-0.11508287332439603
SiC_15deg,15.0,0.05,5.08,0.0065827993718437046,1.1621515767495925,-0.11681899442863321
SiC_15deg,15.0,0.05,5.1,0.0065702437632441865,1.170529052507138,-0.11898554087536466
SiC_15deg,15.0,0.05,5.12,0.006542243892092261,1.1798716278435715,-0.12141229087016966
SiC_15deg,15.0,0.05,5.140000000000001,0.00650146747488946,1.1892387666596087,-0.12385578948875844
SiC_15deg,15.0,0.05,5.16,0.00645158788955459,1.1977293441753005,-0.12608175003390207
SiC_15deg,15.0,0.05,5.18,0.006396270673628752,1.2047947957808867,-0.12794624449486977
SiC_15deg,15.0,0.05,5.2,0.006338403689612344,1.2104113360752968,-0.12944052991817923
SiC_15deg,15.0,0.05,5.220000000000001,0.006279854170040112,1.2150394043170232,-0.13068085385032704
SiC_15deg,15.0,0.05,5.24,0.006221787758542279,1.2194015567242318,-0.1318512364225015
SiC_15deg,15.0,0.05,5.26,0.0061653203170662285,1.224185843496664,-0.13312688458166738
SiC_15deg,15.0,0.05,5.28,0.006112143728848346,1.229792708683809,-0.1346088057855519
SiC_15deg,15.0,0.05,5.300000000000001,0.0060647992880579395,1.2362054914843554,-0.1362904107153809
SiC_15deg,15.0,0.05,5.32,0.006026404890413119,1.24301449797801,-0.13806392414019047
SiC_15deg,15.0,0.05,5.34,0.005999830598028251,1.2495815153451224,-0.1397632194151594
SiC_15deg,15.0,0.05,5.359999999999999,0.005986550372478797,1.255293381892283,-0.14122971606580856
SiC_15deg,15.0,0.05,5.38,0.005985617669765679,1.2598184120292168,-0.1423789118576956
SiC_15deg,15.0,0.05,5.4,0.00599327287439172,1.2632637268660558,-0.14324104789142264
SiC_15deg,15.0,0.05,5.42,0.006003473005630195,1.2661573081549231,-0.1439561524828319
SiC_15deg,15.0,0.05,5.4399999999999995,0.006009224324186702,1.2692472106283086,-0.1447215805791079
SiC_15deg,15.0,0.05,5.46,0.006004263093612186,1.2731898623583326,-0.1457108100625944
SiC_15deg,15.0,0.05,5.48,0.005984563020434369,1.2782476426309581,-0.1469947319750335
SiC_15deg,15.0,0.05,5.5,0.005949301175422153,1.284113497016911,-0.14849596951076474
SiC_15deg,15.0,0.05,5.52,0.005901111758911739,1.2899351121658205,-0.14999498511425904
SiC_15deg,15.0,0.05,5.54,0.005845608405814797,1.2945395231898864,-0.15118817099693807
SiC_15deg,15.0,0.05,5.5600000000000005,0.00579030274967023,1.2967785099100362,-0.15177729731851458
SiC_15deg,15.0,0.05,5.58,0.005743232013437733,1.295855815874094,-0.15155435443491394
SiC_15deg,15.0,0.05,5.6,0.0057117470405169245,1.2914984699221217,-0.15044613438722057
SiC_15deg,15.0,0.05,5.62,0.005701845608222484,1.2839091488313794,-0.14850218846141636
SiC_15deg,15.0,0.05,5.640000000000001,0.005718129756290515,1.2735434121923055,-0.14583744976124602
SiC_15deg,15.0,0.05,5.66,0.00576410471933552,1.2608283797814497,-0.1425596585526813
SiC_15deg,15.0,0.05,5.68,0.005842367904757502,1.2459446739455986,-0.13871312860317694
SiC_15deg,15.0,0.05,5.7,0.0059543540060254035,1.228749286468845,-0.13425898761883506
SiC_15deg,15.0,0.05,5.720000000000001,0.006099614917445336,1.2088598992846085,-0.12909722633063872
SiC_15deg,15.0,0.05,5.74,0.006274945695269539,1.185871530327638,-0.12312299318947352
SiC_15deg,15.0,0.05,5.76,0.006473847621853409,1.1596369941584157,-0.11629932751307803
SiC_15deg,15.0,0.05,5.78,0.0066867327434823,1.1305172046184686,-0.10872191415795174
SiC_15deg,15.0,0.05,5.800000000000001,0.006901943193537899,1.0995095533487842,-0.10065205417895313
SiC_15deg,15.0,0.05,5.82,0.007107269530151139,1.0682033179352755,-0.0925046761658825
SiC_15deg,15.0,0.05,5.84,0.007291442318520387,1.0385777383932167,-0.0847955615326267
SiC_15deg,15.0,0.05,5.859999999999999,0.007445146591379526,1.0127154869151087,-0.07806675891839372
SiC_15deg,15.0,0.05,5.88,0.007561377616658003,0.992520927026988,-0.07281342543484662
SiC_15deg,15.0,0.05,5.9,0.007635231573522112,0.9795086168034787,-0.06942904395726801
SiC_15deg,15.0,0.05,5.92,0.007663373971067022,0.9746885350309933,-0.06817580370736133
SiC_15deg,15.0,0.05,5.9399999999999995,0.007643434983530192,0.9785450064968557,-0.06917927100752756
SiC_15deg,15.0,0.05,5.96,0.007573503667382783,0.9910915388596546,-0.07244267701922347
SiC_15deg,15.0,0.05,5.98,0.007451802798740687,1.011974778680588,-0.07787386077956272
SiC_15deg,15.0,0.05,6.0,0.007276567609955665,1.040591165794327,-0.08531545135305994
SiC_15deg,15.0,0.05,6.02,0.007046137590844838,1.0761747990191217,-0.09456757991272717
SiC_15deg,15.0,0.05,6.04,0.006759288590005386,1.1178241544067038,-0.10539477533509116
SiC_15deg,15.0,0.05,6.0600000000000005,0.0064158586357945255,1.1644600010038322,-0.11751508570590553
SiC_15deg,15.0,0.05,6.08,0.006017733323991292,1.21473767577486,-0.13057744540458413
SiC_15deg,15.0,0.05,6.1,0.005570245269158197,1.266961667326885,-0.1441397298124289
SiC_15deg,15.0,0.05,6.12,0.005084011588545322,1.3190608282665088,-0.15766262204710718
SiC_15deg,15.0,0.05,6.140000000000001,0.0045771939092248345,1.368672743214271,-0.17053185448492855
SiC_15deg,15.0,0.05,6.16,0.004078071335475893,1.413351690546964,-0.1821125074612724
SiC_15deg,15.0,0.05,6.18,0.0036273377145529585,1.4508606429536484,-0.19182500566711866
SiC_15deg,15.0,0.05,6.2,0.0032776677130267337,1.4794560789442905,-0.19921904574933852
SiC_15deg,15.0,0.05,6.220000000000001,0.0030843023628370474,1.4980600893659453,-0.20401803187658646
SiC_15deg,15.0,0.05,6.24,0.0030817967059749737,1.5062590223506338,-0.20611829133548917
SiC_15deg,15.0,0.05,6.26,0.003262031167450477,1.5041539125670873,-0.20554972245058095
SiC_15deg,15.0,0.05,6.28,0.0035805703926382725,1.4921639163796956,-0.20242425389295016
SiC_15deg,15.0,0.05,6.300000000000001,0.00398345174638661,1.470902570517948,-0.19690328974078122
SiC_15deg,15.0,0.05,6.32,0.0044253862696694525,1.4411967055771562,-0.1892023111278087
SiC_15deg,15.0,0.05,6.34,0.0048733368941197884,1.4042266121642233,-0.1796271216005405
SiC_15deg,15.0,0.05,6.359999999999999,0.005304062575809724,1.3616826103906396,-0.16861456792660323
SiC_15deg,15.0,0.05,6.38,0.00570138431481095,1.3158068618921521,-0.1567437098245132
SiC_15deg,15.0,0.05,6.4,0.006054548158018853,1.2692422391503166,-0.14469708796514894
SiC_15deg,15.0,0.05,6.42,0.0063573542023695525,1.2247132671071117,-0.133178448352705
SiC_15deg,15.0,0.05,6.4399999999999995,0.006607503883984768,1.1846496233048713,-0.12281544814278234
SiC_15deg,15.0,0.05,6.46,0.006805875001259184,1.1508777787588704,-0.11407984830481847
SiC_15deg,15.0,0.05,6.48,0.0069557068430109855,1.1244566176473072,-0.10724488525125483
SiC_15deg,15.0,0.05,6.5,0.007061801624344523,1.1056664349581644,-0.10238234009491659
SiC_15deg,15.0,0.05,6.52,0.007129831513722021,1.094118802602812,-0.09939096029686685
SiC_15deg,15.0,0.05,6.54,0.007165768527736059,1.0889440485976836,-0.09804506636065431
SiC_15deg,15.0,0.05,6.5600000000000005,0.007175407383526475,1.0890159673896584,-0.0980528716729178
SiC_15deg,15.0,0.05,6.58,0.007163962303929706,1.0931730780316884,-0.09911392467381239
SiC_15deg,15.0,0.05,6.6,0.007135770007456087,1.100391459685931,-0.10096395567215943
SiC_15deg,15.0,0.05,6.62,0.007094172140756659,1.109868615175588,-0.10339657328042477
SiC_15deg,15.0,0.05,6.640000000000001,0.007041634395707866,1.121001932453821,-0.10625754591476877
SiC_15deg,15.0,0.05,6.66,0.006980080976298169,1.1332846100382623,-0.10941762538448807
SiC_15deg,15.0,0.05,6.68,0.006911323813727366,1.1461775028716965,-0.11273910662873028
SiC_15deg,15.0,0.05,6.7,0.006837403024051905,1.159028084037596,-0.11605460792038652
SiC_15deg,15.0,0.05,6.720000000000001,0.006760665889271963,1.171089835611519,-0.11917190503457828
SiC_15deg,15.0,0.05,6.74,0.0066835043737266085,1.1816516986262993,-0.12190732875327484
SiC_15deg,15.0,0.05,6.76,0.0066078247972695,1.190232893051798,-0.12413616776126513
SiC_15deg,15.0,0.05,6.78,0.00653447688805583,1.1967579383748312,-0.1258380331053631
SiC_15deg,15.0,0.05,6.800000000000001,0.006462930589321733,1.2016255202048125,-0.12711481611017736
SiC_15deg,15.0,0.05,6.82,0.006391397165532353,1.205629659989473,-0.1281704499522027
SiC_15deg,15.0,0.05,6.84,0.00631738971731827,1.2097579510128946,-0.12925884085859307
SiC_15deg,15.0,0.05,6.859999999999999,0.006238534020152779,1.214939848087642,-0.13061883370610486
SiC_15deg,15.0,0.05,6.88,0.006153371768442435,1.2218258545236553,-0.13241714115157632
SiC_15deg,15.0,0.05,6.9,0.0060619392610504275,1.2306543070877374,-0.1347139418523916
SiC_15deg,15.0,0.05,6.92,0.00596598624230183,1.241228952394151,-0.13745718510458485
SiC_15deg,15.0,0.05,6.9399999999999995,0.005868775991632961,1.2530020895443903,-0.14050426387824316
SiC_15deg,15.0,0.05,6.96,0.005774489007011085,1.2652353330336836,-0.143663801663125
SiC_15deg,15.0,0.05,6.98,0.00568736583468269,1.2771900644657188,-0.14674509133015579
SiC_15deg,15.0,0.05,7.0,0.005610850908904414,1.2882869519392135,-0.14959942792794678
SiC_15deg,15.0,0.05,7.0200000000000005,0.005547054591154532,1.2981800946712958,-0.15213920006385934
SiC_15deg,15.0,0.05,7.04,0.005496749176201463,1.3067227556395582,-0.15432878317981216
SiC_15deg,15.0,0.05,7.0600000000000005,0.005459869528936714,1.3138483332939426,-0.15615341045656744
SiC_15deg,15.0,0.05,7.08,0.005436233490652679,1.3194294273343938,-0.1575823635892873
SiC_15deg,15.0,0.05,7.1,0.005426084618156362,1.3231894791742982,-0.15854582191931796
SiC_15deg,15.0,0.05,7.12,0.00543015112403419,1.3247198037315109,-0.15893907510316074
SiC_15deg,15.0,0.05,7.14,0.00544916197208858,1.3236083466231774,-0.15865575431473752
SiC_15deg,15.0,0.05,7.16,0.0054830517909684046,1.3196329068836812,-0.15763785626851803
SiC_15deg,15.0,0.05,7.18,0.005530278220207777,1.3129344113294033,-0.15592070732037408
SiC_15deg,15.0,0.05,7.2,0.005587645228665264,1.3040869166651126,-0.15365127630630582
SiC_15deg,15.0,0.05,7.22,0.0056507688940445775,1.2940246956969181,-0.15106952736803614
SiC_15deg,15.0,0.05,7.24,0.005714998235795793,1.2838501940024942,-0.148458914680929
SiC_15deg,15.0,0.05,7.26,0.0057764197087502205,1.2745934882755827,-0.14608426528825563
SiC_15deg,15.0,0.05,7.28,0.005832604838898155,1.267002494275796,-0.14413756226005867
SiC_15deg,15.0,0.05,7.3,0.0058829182334302664,1.2614198720671659,-0.14270613993428635
SiC_15deg,15.0,0.05,7.32,0.005928361313582044,1.2577685342526905,-0.14176900014043037
SiC_15deg,15.0,0.05,7.34,0.005971031746215202,1.2556382471894687,-0.14121932760877434
SiC_15deg,15.0,0.05,7.36,0.006013348558028952,1.2544435683150714,-0.14090549130934465
SiC_15deg,15.0,0.05,7.38,0.0060572527987619515,1.2536060031333713,-0.14067829244444266
SiC_15deg,15.0,0.05,7.4,0.006103623507027046,1.252703826396324,-0.14042976345729402
SiC_15deg,15.0,0.05,7.42,0.006152098562346627,1.2515404027891335,-0.14011075339041826
SiC_15deg,15.0,0.05,7.44,0.00620134335546819,1.2501109254860763,-0.13972210528665144
SiC_15deg,15.0,0.05,7.46,0.006249627089638204,1.2484894634521218,-0.13928513846362572
SiC_15deg,15.0,0.05,7.48,0.006295446730233689,1.2466932198180471,-0.13880622992215974
SiC_15deg,15.0,0.05,7.5,0.006337940995306086,1.2445914103332034,-0.1382529983749508
SiC_15deg,15.0,0.05,7.5200000000000005,0.006376944600578783,1.2419073718353493,-0.13755470343709006
SiC_15deg,15.0,0.05,7.54,0.006412688118055201,1.2383220676402378,-0.13662898269260232
SiC_15deg,15.0,0.05,7.5600000000000005,0.006445293671988611,1.2336402827546327,-0.13542490404110277
SiC_15deg,15.0,0.05,7.58,0.006474301685592767,1.2279472199573147,-0.13396360843580954
SiC_15deg,15.0,0.05,7.6000000000000005,0.006498448753068754,1.221681586643347,-0.13235738504832437
SiC_15deg,15.0,0.05,7.62,0.006515799074386047,1.2155865346593973,-0.1307971387467452
SiC_15deg,15.0,0.05,7.64,0.006524171949641436,1.2105540123674723,-0.1295122392265925
SiC_15deg,15.0,0.05,7.66,0.006521695248795265,1.2074203774234005,-0.12871770645527764
SiC_15deg,15.0,0.05,7.68,0.006507297302753045,1.2067815867517584,-0.12856642491754242
SiC_15deg,15.0,0.05,7.7,0.006481003661651186,1.2088786676776713,-0.12911954169483722
SiC_15deg,15.0,0.05,7.72,0.006443976102288681,1.2135759281744867,-0.13034089513372668
SiC_15deg,15.0,0.05,7.74,0.006398288819534614,1.2204288385462494,-0.1321146965474479
SiC_15deg,15.0,0.05,7.76,0.0063464880937042605,1.2288182089082769,-0.13428040051355952
SiC_15deg,15.0,0.05,7.78,0.006291042578945631,1.2381104107209073,-0.13667430124055893
SiC_15deg,15.0,0.05,7.8,0.006233850590210741,1.2477929160694594,-0.139164668481959
SiC_15deg,15.0,0.05,7.82,0.006175985267916533,1.2575389170226572,-0.1416684137772158
SiC_15deg,15.0,0.05,7.84,0.006117789516753345,1.267179639733606,-0.1441437494200447
SiC_15deg,15.0,0.05,7.86,0.006059292201680055,1.2766013203105682,-0.14656327058364463
SiC_15deg,15.0,0.05,7.88,0.0060007720312495174,1.2856179807066224,-0.14888075606937837
SiC_15deg,15.0,0.05,7.9,0.005943219556110311,1.2938841267826888,-0.1510083370110104
SiC_15deg,15.0,0.05,7.92,0.005888474577608523,1.3008968847289495,-0.15281688103255278
SiC_15deg,15.0,0.05,7.94,0.005838936720955958,1.3061000945492762,-0.15416284452438175
SiC_15deg,15.0,0.05,7.96,0.005796925540580832,1.3090568713622908,-0.15493292768878822
SiC_15deg,15.0,0.05,7.98,0.005763940357468662,1.309621224251912,-0.1550885627175237
SiC_15deg,15.0,0.05,8.0,0.005740148517367807,1.3080329501079047,-0.1546906046835627
SiC_15deg,15.0,0.15,3.0,0.009141560545265257,0.2945881584312405,0.10786542608549582
SiC_15deg,15.0,0.15,3.02,0.009200834464464146,0.28274380462784515,0.11098353732939509
SiC_15deg,15.0,0.15,3.04,0.009252759755237346,0.27176838601087994,0.1138713426315164
SiC_15deg,15.0,0.15,3.06,0.0092920264006379,0.2634399789604527,0.11606401422450292
SiC_15deg,15.0,0.15,3.08,0.009315675930171834,0.25892391672704157,0.11725751497047522
SiC_15deg,15.0,0.15,3.1,0.009322706645949327,0.25862508783141935,0.117346123628678
SiC_15deg,15.0,0.15,3.12,0.009313592805969644,0.2621914937761549,0.11642085527216472
SiC_15deg,15.0,0.15,3.14,0.009289990439779593,0.268660672876661,0.1147313411567981
SiC_15deg,15.0,0.15,3.16,0.009254537396091967,0.276766210081015,0.112606676839789
SiC_15deg,15.0,0.15,3.18,0.009210537998008902,0.28533644607519776,0.1103524659504921
SiC_15deg,15.0,0.15,3.2,0.009161501842567237,0.29360573634856724,0.10817022486877317
SiC_15deg,15.0,0.15,3.22,0.009110744234867064,0.30128354085822456,0.10613916690746363
SiC_15deg,15.0,0.15,3.24,0.00906126682750114,0.3083877873537798,0.10425893450598077
SiC_15deg,15.0,0.15,3.26,0.00901592983065641,0.31497723003589395,0.1025186085874284
SiC_15deg,15.0,0.15,3.2800000000000002,0.00897772098182973,0.3209210042992694,0.10095619549297469
SiC_15deg,15.0,0.15,3.3,0.008949841755859753,0.3257861796314584,0.09968747438062736
SiC_15deg,15.0,0.15,3.32,0.008935361258271482,0.32888335440674665,0.0988936428970599
SiC_15deg,15.0,0.15,3.34,0.008936355150433575,0.3294832833030771,0.09876440664204382
SiC_15deg,15.0,0.15,3.36,0.008952792748044692,0.3271569444725573,0.09940918207398507
SiC_15deg,15.0,0.15,3.38,0.008981804886622554,0.3220939043509296,0.1007745649967475
SiC_15deg,15.0,0.15,3.4,0.009017946380630769,0.31520812175258955,0.1026178222708859
SiC_15deg,15.0,0.15,3.42,0.009054462805733073,0.3079412200937931,0.10455937480470659
SiC_15deg,15.0,0.15,3.44,0.009084880121949204,0.3018627659948789,0.10618766983610967
SiC_15deg,15.0,0.15,3.46,0.009104151811056133,0.29826641554153766,0.10716430924573424
SiC_15deg,15.0,0.15,3.48,0.009109103409048257,0.2979004803446091,0.10729355123083882
SiC_15deg,15.0,0.15,3.5,0.009098402980343772,0.30086146441939904,0.10654925854525096
SiC_15deg,15.0,0.15,3.52,0.00907237672590767,0.3066340912154005,0.10506408105027133
SiC_15deg,15.0,0.15,3.54,0.009032786562494512,0.3142722085439156,0.1030826067582571
SiC_15deg,15.0,0.15,3.56,0.008982491248795462,0.32269994391894496,0.10088375601703076
SiC_15deg,15.0,0.15,3.58,0.008924931799197256,0.3310402232689688,0.09869612719173906
SiC_15deg,15.0,0.15,3.6,0.008863577806996184,0.3388238277879719,0.09664395872110547
SiC_15deg,15.0,0.15,3.62,0.008801598236111624,0.34598551219840207,0.09474783486321389
SiC_15deg,15.0,0.15,3.64,0.008741910795976962,0.3526805648315092,0.0929717041333656
SiC_15deg,15.0,0.15,3.66,0.00868752448063431,0.35903771643189203,0.09128644649386444
SiC_15deg,15.0,0.15,3.68,0.008641917256757553,0.36495609246100597,0.08972217102343356
SiC_15deg,15.0,0.15,3.7,0.00860914214329,0.3700079077507532,0.08839315223034973
SiC_15deg,15.0,0.15,3.7199999999999998,0.008593399175879646,0.37347864752372506,0.08748702579705796
SiC_15deg,15.0,0.15,3.74,0.008597982834117179,0.37455763365619427,0.08721486538827697
SiC_15deg,15.0,0.15,3.76,0.008623881101890364,0.3726460819243182,0.0877308516115359
SiC_15deg,15.0,0.15,3.7800000000000002,0.008668728873484558,0.3676690091561863,0.08905133616979198
SiC_15deg,15.0,0.15,3.8,0.0087268751972786,0.3602252537849715,0.09101650332035084
SiC_15deg,15.0,0.15,3.8200000000000003,0.008790725007770974,0.3514707527879799,0.09332166185878543
SiC_15deg,15.0,0.15,3.84,0.008852684209570283,0.3427859442946613,0.09560448696270422
SiC_15deg,15.0,0.15,3.86,0.008906757519504671,0.3353941362968742,0.09754451223723141
SiC_15deg,15.0,0.15,3.88,0.008949290215613387,0.330082779782569,0.0989354075498205
SiC_15deg,15.0,0.15,3.9,0.008978944229040197,0.3270876230662446,0.0997147553406973
SiC_15deg,15.0,0.15,3.92,0.008996256784844454,0.3261315574455255,0.09995378182987975
SiC_15deg,15.0,0.15,3.94,0.009003051546021225,0.32659049374441235,0.09981438788309707
SiC_15deg,15.0,0.15,3.96,0.009001823461471789,0.3277432911640022,0.09948455168782792
SiC_15deg,15.0,0.15,3.98,0.008995177657490592,0.3290237500521543,0.09911312369137057
SiC_15deg,15.0,0.15,4.0,0.008985442179150175,0.3301684923014262,0.09877134788712263
SiC_15deg,15.0,0.15,4.02,0.00897455994771622,0.33119863824045626,0.09845723312871134
SiC_15deg,15.0,0.15,4.04,0.0089642476781774,0.33226531090443784,0.09813519410284206
SiC_15deg,15.0,0.15,4.0600000000000005,0.00895627996658696,0.3334503935299466,0.09778743612090772
SiC_15deg,15.0,0.15,4.08,0.008952706513706858,0.33460920653488996,0.09745461805293361
SiC_15deg,15.0,0.15,4.1,0.008955832051228525,0.3353072007593605,0.09725214331830666
SiC_15deg,15.0,0.15,4.12,0.008967847090763568,0.3348792172874694,0.09735451429658094
SiC_15deg,15.0,0.15,4.140000000000001,0.008990117145846648,0.332622495778971,0.0979448090184341
SiC_15deg,15.0,0.15,4.16,0.009022355038450449,0.32809020803497463,0.0991380695352466
SiC_15deg,15.0,0.15,4.18,0.009062119520547933,0.3213756694321238,0.10090743698611275
SiC_15deg,15.0,0.15,4.2,0.009105048258369637,0.31323126164954246,0.1030537542607955
SiC_15deg,15.0,0.15,4.22,0.00914581863989848,0.3049305655379104,0.10524226550610868
SiC_15deg,15.0,0.15,4.24,0.009179347593992153,0.29793338242783335,0.10709046400057504
SiC_15deg,15.0,0.15,4.26,0.009201662287115733,0.29351561795092973,0.10826461338934355
SiC_15deg,15.0,0.15,4.28,0.009210227894822426,0.292497660361689,0.10855017062343475
SiC_15deg,15.0,0.15,4.3,0.009203901494771405,0.2951125913673839,0.10788562499939243
SiC_15deg,15.0,0.15,4.32,0.009182784025597725,0.30100373091380084,0.10636281915663001
SiC_15deg,15.0,0.15,4.34,0.009148098287428609,0.30934561392885707,0.10419551208101854
SiC_15deg,15.0,0.15,4.36,0.009102037452534682,0.31908168205370174,0.10165793811802473
SiC_15deg,15.0,0.15,4.38,0.009047483495396903,0.3292208838963553,0.09900816690853052
SiC_15deg,15.0,0.15,4.4,0.00898761888264799,0.33907430128223637,0.09642685667246328
SiC_15deg,15.0,0.15,4.42,0.008925602491711647,0.34832503464560427,0.09399898850339292
SiC_15deg,15.0,0.15,4.4399999999999995,0.008864478411913804,0.35691949964709874,0.09174174446183955
SiC_15deg,15.0,0.15,4.46,0.008807329518349106,0.36486145053368196,0.08965759417741598
SiC_15deg,15.0,0.15,4.48,0.008757514204953647,0.3720142855861868,0.08778527865201294
SiC_15deg,15.0,0.15,4.5,0.008718735868349271,0.37798933414644365,0.0862284843242336
SiC_15deg,15.0,0.15,4.52,0.008694709705742976,0.3821641018626235,0.08515071306874893
SiC_15deg,15.0,0.15,4.54,0.008688332256855776,0.3838449548659343,0.08473259443121962
SiC_15deg,15.0,0.15,4.5600000000000005,0.008700555133689666,0.38254063702176244,0.08510052887960667
SiC_15deg,15.0,0.15,4.58,0.008729505979036488,0.378241577932198,0.08625419588736755
SiC_15deg,15.0,0.15,4.6,0.008770468169981543,0.3715565386504063,0.08803161717159116
SiC_15deg,15.0,0.15,4.62,0.008816898636731605,0.3636109959383872,0.09013642927702392
SiC_15deg,15.0,0.15,4.640000000000001,0.00886201227346327,0.35574661940127095,0.09221672952968728
SiC_15deg,15.0,0.15,4.66,0.008900183978654294,0.3491670213714056,0.0939574461596488
SiC_15deg,15.0,0.15,4.68,0.008927706556553533,0.3446702051866454,0.09514973006870692
SiC_15deg,15.0,0.15,4.7,0.008942912099408267,0.3425304911279898,0.09572130320975225
SiC_15deg,15.0,0.15,4.72,0.008945906542510196,0.34252717779883957,0.09572877605875646
SiC_15deg,15.0,0.15,4.74,0.008938135542173018,0.34409207212621845,0.09531934763509473
SiC_15deg,15.0,0.15,4.76,0.008921885747677947,0.3465326556876222,0.09467308705046901
SiC_15deg,15.0,0.15,4.78,0.008899786532799289,0.3492595133000851,0.09394413417728072
SiC_15deg,15.0,0.15,4.8,0.008874413857225002,0.35193079194042237,0.0932232521737979
SiC_15deg,15.0,0.15,4.82,0.008848106457844656,0.35445992504813534,0.09253561795842451
SiC_15deg,15.0,0.15,4.84,0.00882302296615276,0.35690328444235614,0.09186962918822
SiC_15deg,15.0,0.15,4.86,0.008801348136260372,0.3592970263541101,0.09121890598760708
SiC_15deg,15.0,0.15,4.88,0.008785480857451199,0.36151691850087303,0.09061841279466465
SiC_15deg,15.0,0.15,4.9,0.00877802978715648,0.3632110213620129,0.090161724680286
SiC_15deg,15.0,0.15,4.92,0.008781490059720025,0.3638324580229264,0.08999229752305962
SiC_15deg,15.0,0.15,4.9399999999999995,0.008797587188621083,0.362780823964929,0.09026650121720964
SiC_15deg,15.0,0.15,4.96,0.008826469606513917,0.3596276876352925,0.0910948729230857
SiC_15deg,15.0,0.15,4.98,0.008866135236027202,0.35434918822180456,0.09248173824257461
SiC_15deg,15.0,0.15,5.0,0.008912492295982994,0.3474523129897377,0.09429275481311848
SiC_15deg,15.0,0.15,5.02,0.008960149274656644,0.3399130979800693,0.09627152904331178
SiC_15deg,15.0,0.15,5.04,0.009003590490737868,0.3329434578112228,0.09810071870386626
SiC_15deg,15.0,0.15,5.0600000000000005,0.009038206765456566,0.3276917832914774,0.09948007861756937
SiC_15deg,15.0,0.15,5.08,0.00906085308427459,0.32499140530208387,0.10019176236284032
SiC_15deg,15.0,0.15,5.1,0.009069948339250627,0.32521698267149013,0.1001374208437329
SiC_15deg,15.0,0.15,5.12,0.009065318335846896,0.32825770249402914,0.09934500094162473
SiC_15deg,15.0,0.15,5.140000000000001,0.009047951771326328,0.33359881747166326,0.0979475967137334
SiC_15deg,15.0,0.15,5.16,0.009019720495647783,0.340495588156306,0.09613849943433464
SiC_15deg,15.0,0.15,5.18,0.00898305473128052,0.3481955449967912,0.09411375634421205
SiC_15deg,15.0,0.15,5.2,0.00894060459928531,0.3561284981942834,0.09202296890281415
SiC_15deg,15.0,0.15,5.220000000000001,0.008894987726743285,0.36398503358754597,0.08994881157666938
SiC_15deg,15.0,0.15,5.24,0.0088487167673908,0.37166017493058356,0.08792138302763892
SiC_15deg,15.0,0.15,5.26,0.00880430453817305,0.37910755781951205,0.0859557518955628
SiC_15deg,15.0,0.15,5.28,0.008764430272554483,0.386181618098107,0.0840926599774867
SiC_15deg,15.0,0.15,5.300000000000001,0.008731984874298469,0.3925373773977603,0.08242429902877851
SiC_15deg,15.0,0.15,5.32,0.008709818571083149,0.3976352197568686,0.08109278442953209
SiC_15deg,15.0,0.15,5.34,0.008700111005237997,0.4008723273807473,0.08025567124639822
SiC_15deg,15.0,0.15,5.359999999999999,0.008703494260602816,0.40181975847144225,0.08002406098777229
SiC_15deg,15.0,0.15,5.38,0.008718317017170494,0.40047987350241454,0.08039564447482841
SiC_15deg,15.0,0.15,5.4,0.008740525382119337,0.39743188177282224,0.08121718185506173
SiC_15deg,15.0,0.15,5.42,0.008764364132394876,0.3937645893247369,0.08220258092865575
SiC_15deg,15.0,0.15,5.4399999999999995,0.008783620924240069,0.3908070721038643,0.083003510796806
SiC_15deg,15.0,0.15,5.46,0.008792871115173276,0.38977317945076345,0.08330214050410732
SiC_15deg,15.0,0.15,5.48,0.00878833940003703,0.391452864058864,0.08289135201123969
SiC_15deg,15.0,0.15,5.5,0.008768338264998546,0.39602861123873945,0.08172223366621355
SiC_15deg,15.0,0.15,5.52,0.008733429444054232,0.4030412550805012,0.07991279458332791
SiC_15deg,15.0,0.15,5.54,0.008686396567573813,0.41150696952028115,0.07771762770599258
SiC_15deg,15.0,0.15,5.5600000000000005,0.00863197912369572,0.42016556134110844,0.07546370435588493
SiC_15deg,15.0,0.15,5.58,0.00857630354963494,0.4277899832985753,0.07347033618993334
SiC_15deg,15.0,0.15,5.6,0.008526103136336336,0.43343748871596427,0.07198411784570836
SiC_15deg,15.0,0.15,5.62,0.008487978666991764,0.4365369750438741,0.07115609501944754
SiC_15deg,15.0,0.15,5.640000000000001,0.00846791430430775,0.4367954735688635,0.07106563398992907
SiC_15deg,15.0,0.15,5.66,0.008471032256477632,0.43400250427335263,0.0717707128446094
SiC_15deg,15.0,0.15,5.68,0.008501348567837389,0.4278478362650599,0.07335476040192167
SiC_15deg,15.0,0.15,5.7,0.00856126261444191,0.4178452953486244,0.07594602168453568
SiC_15deg,15.0,0.15,5.720000000000001,0.008650709795468668,0.4034089909238944,0.07969740418296925
SiC_15deg,15.0,0.15,5.74,0.008766249393489666,0.3840768432047566,0.08472818313550659
SiC_15deg,15.0,0.15,5.76,0.008900665222495564,0.3598148739435213,0.09104498299718383
SiC_15deg,15.0,0.15,5.78,0.00904365148281315,0.3312755311946066,0.0984750962054939
SiC_15deg,15.0,0.15,5.800000000000001,0.00918367040344717,0.2998734238914518,0.10664762092917239
SiC_15deg,15.0,0.15,5.82,0.009310343268613299,0.2676244569824525,0.1150361970775564
SiC_15deg,15.0,0.15,5.84,0.009416355619247033,0.2368289894393795,0.12304201609819171
SiC_15deg,15.0,0.15,5.859999999999999,0.009498152412718758,0.20975496676499739,0.1300763235723699
SiC_15deg,15.0,0.15,5.88,0.009555366157944372,0.18843055726488048,0.13561394486885298
SiC_15deg,15.0,0.15,5.9,0.009589413592130105,0.17454391386876392,0.13921862416448688
SiC_15deg,15.0,0.15,5.92,0.009601812745113524,0.16937409539436454,0.14056014089100113
SiC_15deg,15.0,0.15,5.9399999999999995,0.009592691305145597,0.1736925341674151,0.13943918117068668
SiC_15deg,15.0,0.15,5.96,0.009559865944796927,0.18765164097732728,0.1358158864537615
SiC_15deg,15.0,0.15,5.98,0.009498747219530713,0.2107429544737037,0.12982084583959452
SiC_15deg,15.0,0.15,6.0,0.009403073651451823,0.24189508601215542,0.12173027203800381
SiC_15deg,15.0,0.15,6.02,0.00926618723497656,0.2796921235400597,0.11191013687296437
SiC_15deg,15.0,0.15,6.04,0.009082467090763288,0.322604341590238,0.10075700745977839
SiC_15deg,15.0,0.15,6.0600000000000005,0.008848730544704449,0.3691133538052243,0.08866594806817958
SiC_15deg,15.0,0.15,6.08,0.0085657000626973,0.4176837167296438,0.07603789384647826
SiC_15deg,15.0,0.15,6.1,0.008239733367636677,0.4666242780337903,0.06331531067793228
SiC_15deg,15.0,0.15,6.12,0.007884755955959537,0.5139469669815465,0.05101823901235457
SiC_15deg,15.0,0.15,6.140000000000001,0.007523723515124625,0.5573504229619629,0.03974769523169801
SiC_15deg,15.0,0.15,6.16,0.007188201932553701,0.5944180407230867,0.030133292388578762
SiC_15deg,15.0,0.15,6.18,0.006914408153310529,0.623013581648424,0.02272971942294631
SiC_15deg,15.0,0.15,6.2,0.0067352805604060095,0.6417167820187941,0.01790333576790486
SiC_15deg,15.0,0.15,6.220000000000001,0.0066711236404355095,0.6500696990947206,0.015768613498459445
SiC_15deg,15.0,0.15,6.24,0.006723902638590276,0.648492760039377,0.01621092315926952
SiC_15deg,15.0,0.15,6.26,0.006878687291301862,0.6379327780823992,0.018979108137315938
SiC_15deg,15.0,0.15,6.28,0.007110513682210095,0.6194626405394256,0.023790423010616884
SiC_15deg,15.0,0.15,6.300000000000001,0.00739172988448082,0.5940528053092554,0.03039051051304231
SiC_15deg,15.0,0.15,6.32,0.007696560438111259,0.562606624460309,0.03854453016309344
SiC_15deg,15.0,0.15,6.34,0.008002913439569824,0.5261913165149843,0.04797715714464813
SiC_15deg,15.0,0.15,6.359999999999999,0.00829296125279624,0.48628379723632065,0.05830834985797187
SiC_15deg,15.0,0.15,6.38,0.00855359320159289,0.4448390509051512,0.06903481775688865
SiC_15deg,15.0,0.15,6.4,0.008776825897858127,0.4040973379691312,0.07957910114335388
SiC_15deg,15.0,0.15,6.42,0.008959719006610507,0.36621448564074066,0.08938472935845677
SiC_15deg,15.0,0.15,6.4399999999999995,0.009103521946946417,0.3329012851497464,0.09800945144538697
SiC_15deg,15.0,0.15,6.46,0.009212261243826753,0.30522154674661905,0.1051777632816125
SiC_15deg,15.0,0.15,6.48,0.009291255442351728,0.2835794356698601,0.11078460158228574
SiC_15deg,15.0,0.15,6.5,0.009345961818083328,0.26783344647609963,0.11486621735878771
SiC_15deg,15.0,0.15,6.52,0.009381299877441442,0.25745635067966294,0.1175589879322372
SiC_15deg,15.0,0.15,6.54,0.009401379135246796,0.25169323389758363,0.11905852580434198
SiC_15deg,15.0,0.15,6.5600000000000005,0.009409466680826971,0.24970666167451613,0.119581947490792
SiC_15deg,15.0,0.15,6.58,0.009408043139508136,0.250710293559811,0.11933303711561113
SiC_15deg,15.0,0.15,6.6,0.009398864524083209,0.25407924123520353,0.11847344638633737
SiC_15deg,15.0,0.15,6.62,0.009383023956906508,0.2594088383386955,0.11710736792932484
SiC_15deg,15.0,0.15,6.640000000000001,0.009361050302680186,0.26649790371291626,0.11528590952472985
SiC_15deg,15.0,0.15,6.66,0.009333073948629951,0.2752609283839016,0.11302997608075306
SiC_15deg,15.0,0.15,6.68,0.00929905209670791,0.28560478824307356,0.11036236329787834
SiC_15deg,15.0,0.15,6.7,0.009259008287628028,0.2973196058941551,0.10733616758986161
SiC_15deg,15.0,0.15,6.720000000000001,0.009213218798029188,0.3100284668865242,0.1040479396872959
SiC_15deg,15.0,0.15,6.74,0.009162275778091155,0.3232226370499476,0.10062870242273071
SiC_15deg,15.0,0.15,6.76,0.009106985283674311,0.3363780827553263,0.09721391387195051
SiC_15deg,15.0,0.15,6.78,0.009048128408170404,0.34910890885069606,0.09390382529277225
SiC_15deg,15.0,0.15,6.800000000000001,0.008986199684272797,0.3612850983995756,0.09073298938333732
SiC_15deg,15.0,0.15,6.82,0.008921274057010396,0.37305299904419303,0.08766485436992037
SiC_15deg,15.0,0.15,6.84,0.008853100938947629,0.38474661096180596,0.08461458798799726
SiC_15deg,15.0,0.15,6.859999999999999,0.008781416958031519,0.39672977614564064,0.08148981197081201
SiC_15deg,15.0,0.15,6.88,0.008706380755085539,0.40923009244822317,0.07823352138932128
SiC_15deg,15.0,0.15,6.9,0.008628993380851406,0.42221559362831845,0.07485593779463587
SiC_15deg,15.0,0.15,6.92,0.008551353844279371,0.4353474534863152,0.07144661641275142
SiC_15deg,15.0,0.15,6.9399999999999995,0.008476597365533117,0.4480284743379523,0.06816163946831742
SiC_15deg,15.0,0.15,6.96,0.008408413682478728,0.4595490492138323,0.06518547689138934
SiC_15deg,15.0,0.15,6.98,0.008350202031580718,0.46929659045408045,0.06267643409461467
SiC_15deg,15.0,0.15,7.0,0.008304158268719265,0.47695031090374035,0.06071608081446575
SiC_15deg,15.0,0.15,7.0200000000000005,0.008270732586633302,0.48256795829522836,0.05928695750053281
SiC_15deg,15.0,0.15,7.04,0.008248759296860869,0.4865148485569896,0.0582913783922204
SiC_15deg,15.0,0.15,7.0600000000000005,0.008236190231999493,0.48926814510647176,0.057602632023837044
SiC_15deg,15.0,0.15,7.08,0.008231040574239989,0.4911919766280859,0.05712365381906051
SiC_15deg,15.0,0.15,7.1,0.008232099106552792,0.49238425119622836,0.05682698381482648
SiC_15deg,15.0,0.15,7.12,0.008239131183728836,0.4926557020375578,0.056760363242033006
SiC_15deg,15.0,0.15,7.14,0.008252554135469783,0.491645843807578,0.0570168059703495
SiC_15deg,15.0,0.15,7.16,0.00827278617078311,0.4890263504943796,0.05768195788326274
SiC_15deg,15.0,0.15,7.18,0.008299608422147038,0.48470191971073345,0.05878198611790747
SiC_15deg,15.0,0.15,7.2,0.008331870014888958,0.47891406315155166,0.060256459109250905
SiC_15deg,15.0,0.15,7.22,0.008367678171113346,0.47219939591271615,0.06196881019751548
SiC_15deg,15.0,0.15,7.24,0.008404951702371662,0.4652280247734866,0.06374786881227616
SiC_15deg,15.0,0.15,7.26,0.00844205642191049,0.4585993163506433,0.06544054311183493
SiC_15deg,15.0,0.15,7.28,0.008478264226196996,0.452673420921248,0.06695537387375627
SiC_15deg,15.0,0.15,7.3,0.008513904086258467,0.44748449229797965,0.06828499975724293
SiC_15deg,15.0,0.15,7.32,0.008550186112776649,0.44274919644690824,0.0695039224874141
SiC_15deg,15.0,0.15,7.34,0.008588744847350302,0.43796571815312146,0.07074275216458915
SiC_15deg,15.0,0.15,7.36,0.008631006291848972,0.43258367227922656,0.07214401941437473
SiC_15deg,15.0,0.15,7.38,0.008677564708043338,0.42620125057623215,0.07381095646134357
SiC_15deg,15.0,0.15,7.4,0.008727811390801057,0.41872026600245177,0.07576733173865793
SiC_15deg,15.0,0.15,7.42,0.008779993744901874,0.41039079287478436,0.07794609993529791
SiC_15deg,15.0,0.15,7.44,0.008831682758755786,0.40172259286422446,0.08021272597860328
SiC_15deg,15.0,0.15,7.46,0.008880420053193247,0.3933070345843012,0.08241171801060035
SiC_15deg,15.0,0.15,7.48,0.00892425963582642,0.3856328461935789,0.08441464678282908
SiC_15deg,15.0,0.15,7.5,0.008962030626530606,0.37896907653233514,0.08615059842950656
SiC_15deg,15.0,0.15,7.5200000000000005,0.008993307976591659,0.3733481992410023,0.08761056711373331
SiC_15deg,15.0,0.15,7.54,0.009018182714504068,0.3686410357940595,0.08882800402741693
SiC_15deg,15.0,0.15,7.5600000000000005,0.009036955388307519,0.36468545632848887,0.08984540834636873
SiC_15deg,15.0,0.15,7.58,0.00904986725410463,0.36141372449254,0.09068124004583639
SiC_15deg,15.0,0.15,7.6000000000000005,0.009056951862634582,0.3589246294747194,0.0913111014844163
SiC_15deg,15.0,0.15,7.62,0.009058037462239314,0.3574722491842225,0.09167050323317022
SiC_15deg,15.0,0.15,7.64,0.0090528728089801,0.35738275815084597,0.09167630025471128
SiC_15deg,15.0,0.15,7.66,0.009041313992987493,0.3589391820654879,0.09125649285009069
SiC_15deg,15.0,0.15,7.68,0.009023509595145137,0.36227664273061705,0.09037736368836372
SiC_15deg,15.0,0.15,7.7,0.00900003750257889,0.36731620728046654,0.08906062268723348
SiC_15deg,15.0,0.15,7.72,0.008971954131319465,0.3737517631145879,0.08738676469456183
SiC_15deg,15.0,0.15,7.74,0.008940713779381172,0.381097806146392,0.0854825556606334
SiC_15deg,15.0,0.15,7.76,0.008907928223885957,0.3887979316979721,0.0834927096355978
SiC_15deg,15.0,0.15,7.78,0.008874993375751128,0.3963731949282234,0.08154122543092489
SiC_15deg,15.0,0.15,7.8,0.008842701580019095,0.40356050079245875,0.07969540723673446
SiC_15deg,15.0,0.15,7.82,0.008811018597907392,0.4103776170684293,0.07794908169808615
SiC_15deg,15.0,0.15,7.84,0.008779160139599103,0.41707576242709316,0.0762351207036639
SiC_15deg,15.0,0.15,7.86,0.008745962258469015,0.423994672250712,0.07446331036910901
SiC_15deg,15.0,0.15,7.88,0.008710400780012595,0.4313819996923451,0.07256742546602098
SiC_15deg,15.0,0.15,7.9,0.008672062975867109,0.4392510563465138,0.07054228275000675
SiC_15deg,15.0,0.15,7.92,0.008631408481021351,0.44733141149258127,0.06845666824428702
SiC_15deg,15.0,0.15,7.94,0.008589729614091214,0.4551328038923231,0.06643688313536569
SiC_15deg,15.0,0.15,7.96,0.008548814324788661,0.46210299662259474,0.06462593769816571
SiC_15deg,15.0,0.15,7.98,0.00851042909040822,0.46782005741890187,0.06313377579501397
SiC_15deg,15.0,0.15,8.0,0.00847583706148065,0.47213695722915383,0.061999752609615
SiC_15deg,15.0,0.3,3.0,0.009637588782533357,0.07810128238274316,0.16405687165597665
SiC_15deg,15.0,0.3,3.02,0.009670665978262842,0.06893450370663264,0.1664685994921034
SiC_15deg,15.0,0.3,3.04,0.00969762775868895,0.06042484433748299,0.168703488395854
SiC_15deg,15.0,0.3,3.06,0.009716921362530702,0.053569678826648905,0.17050119747859416
SiC_15deg,15.0,0.3,3.08,0.009728491877112218,0.049092183285550636,0.17167443011513064
SiC_15deg,15.0,0.3,3.1,0.009732898816866986,0.04742143686990119,0.1721129111762592
SiC_15deg,15.0,0.3,3.12,0.009730572525855758,0.04866893929270927,0.1717884642862026
SiC_15deg,15.0,0.3,3.14,0.00972154116059126,0.0525915676141087,0.17076418943698957
SiC_15deg,15.0,0.3,3.16,0.0097056904108329,0.05860478903542541,0.16919130187284648
SiC_15deg,15.0,0.3,3.18,0.009683317565187359,0.06590517772103015,0.16727807984855378
SiC_15deg,15.0,0.3,3.2,0.009655563130074953,0.07367293889285248,0.16523802040576843
SiC_15deg,15.0,0.3,3.22,0.009624445198920395,0.08124755217595205,0.1632445214043583
SiC_15deg,15.0,0.3,3.24,0.009592561727973788,0.08818997111030336,0.161414519609519
SiC_15deg,15.0,0.3,3.26,0.009562718026544648,0.09423050393259456,0.15982156314160256
SiC_15deg,15.0,0.3,3.2800000000000002,0.009537653202854117,0.09916327633426322,0.15852272994966643
SiC_15deg,15.0,0.3,3.3,0.009519840100650179,0.10275676325335731,0.15758137262171315
SiC_15deg,15.0,0.3,3.32,0.009511209034221016,0.1047326700481606,0.1570720129901269
SiC_15deg,15.0,0.3,3.34,0.009512691297813671,0.1048403098158071,0.15706032864901265
SiC_15deg,15.0,0.3,3.36,0.009523700443423534,0.10300913723384507,0.15756300899122985
SiC_15deg,15.0,0.3,3.38,0.00954191907481616,0.09949804870560619,0.1585091051660276
SiC_15deg,15.0,0.3,3.4,0.00956372315080979,0.0949303956085802,0.15973196040679014
SiC_15deg,15.0,0.3,3.42,0.009585132890688446,0.090169706815615,0.1610029803069797
SiC_15deg,15.0,0.3,3.44,0.009602744966514181,0.08610865220613588,0.1620875498985915
SiC_15deg,15.0,0.3,3.46,0.009614168936784052,0.08348805890286173,0.16279222612333266
SiC_15deg,15.0,0.3,3.48,0.009617937244868886,0.08280081436387632,0.16298910145395865
SiC_15deg,15.0,0.3,3.5,0.009613190768431328,0.0842589754219473,0.16262347310606734
SiC_15deg,15.0,0.3,3.52,0.009599458995420838,0.08778776777908227,0.16171472065968143
SiC_15deg,15.0,0.3,3.54,0.009576679500322118,0.09304520536394585,0.16035101014506278
SiC_15deg,15.0,0.3,3.56,0.009545392487707352,0.09949345479585646,0.15867110205293872
SiC_15deg,15.0,0.3,3.58,0.009506914330780724,0.10652759805771732,0.15683158316975865
SiC_15deg,15.0,0.3,3.6,0.00946332607534634,0.11361584114573477,0.1549710529960665
SiC_15deg,15.0,0.3,3.62,0.009417282392899264,0.12038235412318356,0.1531888186711969
SiC_15deg,15.0,0.3,3.64,0.009371786891194589,0.12659886770737327,0.15154687782223192
SiC_15deg,15.0,0.3,3.66,0.009330062122051086,0.13210628835134774,0.1500898676528919
SiC_15deg,15.0,0.3,3.68,0.009295505673499542,0.1367161008140532,0.14887023373380534
SiC_15deg,15.0,0.3,3.7,0.009271583265073827,0.14014019584300821,0.14796601275295268
SiC_15deg,15.0,0.3,3.7199999999999998,0.009261451860401044,0.14198793387208508,0.1474810751618953
SiC_15deg,15.0,0.3,3.74,0.009267201481516128,0.14185506051481703,0.1475214194226173
SiC_15deg,15.0,0.3,3.76,0.009288902431495303,0.1394930193619256,0.14815068602716797
SiC_15deg,15.0,0.3,3.7800000000000002,0.009324010159987753,0.13498509262480124,0.1493443750273242
SiC_15deg,15.0,0.3,3.8,0.009367707832991347,0.12881586382524893,0.15097249720943737
SiC_15deg,15.0,0.3,3.8200000000000003,0.009414199858471212,0.12176992985636241,0.15282706944909993
SiC_15deg,15.0,0.3,3.84,0.009458260075018132,0.11471410527877661,0.15467973794477852
SiC_15deg,15.0,0.3,3.86,0.009496234964027937,0.10838791378471217,0.15633661967025902
SiC_15deg,15.0,0.3,3.88,0.009526236103490564,0.10328783155680031,0.15766815874974968
SiC_15deg,15.0,0.3,3.9,0.009547789615626938,0.09964708812363968,0.15861386999689953
SiC_15deg,15.0,0.3,3.92,0.009561341946193009,0.09746949721765848,0.15917310832668216
SiC_15deg,15.0,0.3,3.94,0.009567866981177982,0.09658404523975253,0.15939069195548206
SiC_15deg,15.0,0.3,3.96,0.009568630963649028,0.09670946643025644,0.1593401852225116
SiC_15deg,15.0,0.3,3.98,0.009565069331251912,0.09752433728011686,0.15910588138861245
SiC_15deg,15.0,0.3,4.0,0.00955871550567356,0.09872807719363261,0.15876711647951366
SiC_15deg,15.0,0.3,4.02,0.009551151882673735,0.10007214489775909,0.15839018996426651
SiC_15deg,15.0,0.3,4.04,0.00954397899775162,0.10135200778916564,0.1580303477763704
SiC_15deg,15.0,0.3,4.0600000000000005,0.009538795014642805,0.1023702431429053,0.15774120456824461
SiC_15deg,15.0,0.3,4.08,0.009537151964853907,0.10289417843514634,0.15758556086306874
SiC_15deg,15.0,0.3,4.1,0.0095404318270475,0.10263491432764837,0.15764060718686695
SiC_15deg,15.0,0.3,4.12,0.00954959328372366,0.10127280206060015,0.15799093883497617
SiC_15deg,15.0,0.3,4.140000000000001,0.009564809689778062,0.0985440321181272,0.15870558358703937
SiC_15deg,15.0,0.3,4.16,0.009585151598686332,0.09437263672810431,0.15980330307834384
SiC_15deg,15.0,0.3,4.18,0.0096085678273197,0.08898625149076203,0.16122250861074663
SiC_15deg,15.0,0.3,4.2,0.009632318719559519,0.08293428839816795,0.16281712966343867
SiC_15deg,15.0,0.3,4.22,0.009653698732801978,0.07697785306153121,0.16438619610081223
SiC_15deg,15.0,0.3,4.24,0.009670642405316308,0.07191027766506679,0.16572130130330093
SiC_15deg,15.0,0.3,4.26,0.009681912763355845,0.06840302406072586,0.16664690971894386
SiC_15deg,15.0,0.3,4.28,0.009686897655565869,0.06692356849022593,0.16704140101185327
SiC_15deg,15.0,0.3,4.3,0.009685261613116785,0.06770673117771488,0.16684396842273005
SiC_15deg,15.0,0.3,4.32,0.00967670408892902,0.07074377626998221,0.16605696925051058
SiC_15deg,15.0,0.3,4.34,0.009660954110432551,0.0757822657013441,0.16474576411238837
SiC_15deg,15.0,0.3,4.36,0.00963798161777468,0.08236063513529956,0.16302988040677752
SiC_15deg,15.0,0.3,4.38,0.00960828072385119,0.08989667934461482,0.16106041095489704
SiC_15deg,15.0,0.3,4.4,0.009573046664985502,0.09780887081023801,0.1589888947837877
SiC_15deg,15.0,0.3,4.42,0.009534161013129311,0.10561545759421186,0.15694177150327765
SiC_15deg,15.0,0.3,4.4399999999999995,0.009494039738828343,0.1129662905176689,0.15501205314703687
SiC_15deg,15.0,0.3,4.46,0.009455457458327968,0.11960511289719317,0.15326888318535253
SiC_15deg,15.0,0.3,4.48,0.009421401138363606,0.12529639521750333,0.15177622650349026
SiC_15deg,15.0,0.3,4.5,0.009394896258222143,0.1297623132317462,0.15060886812300212
SiC_15deg,15.0,0.3,4.52,0.009378679260296726,0.13267033039828072,0.14985517695237371
SiC_15deg,15.0,0.3,4.54,0.009374633943601617,0.1336968305802255,0.14960003903535096
SiC_15deg,15.0,0.3,4.5600000000000005,0.00938310030100747,0.13265986094051208,0.14988993224178618
SiC_15deg,15.0,0.3,4.58,0.009402413660374623,0.12966334207487173,0.1506954197024691
SiC_15deg,15.0,0.3,4.6,0.009429079499751095,0.12516101085795803,0.15189509619655828
SiC_15deg,15.0,0.3,4.62,0.009458644487868095,0.11988168930532059,0.1532959880249246
SiC_15deg,15.0,0.3,4.640000000000001,0.009486832426351894,0.11464874096161451,0.15468136442914585
SiC_15deg,15.0,0.3,4.66,0.009510373436640766,0.11019045197561468,0.15586039413817743
SiC_15deg,15.0,0.3,4.68,0.009527271786923308,0.10701792448714195,0.15669970205210798
SiC_15deg,15.0,0.3,4.7,0.009536650565664722,0.10538335102475911,0.1571337509265056
SiC_15deg,15.0,0.3,4.72,0.009538456204134139,0.10529274893503432,0.15716110260614935
SiC_15deg,15.0,0.3,4.74,0.00953321963258102,0.10654983524526995,0.15683281719274206
SiC_15deg,15.0,0.3,4.76,0.00952192209572973,0.10882309911263127,0.15623509318757414
SiC_15deg,15.0,0.3,4.78,0.009505919060372913,0.11172877564578056,0.15546794420848853
SiC_15deg,15.0,0.3,4.8,0.009486865266513897,0.1149087106424197,0.1546251982712333
SiC_15deg,15.0,0.3,4.82,0.009466626410367154,0.11807540721537783,0.15378288112774746
SiC_15deg,15.0,0.3,4.84,0.00944719914648915,0.12101032103130313,0.15299957725604926
SiC_15deg,15.0,0.3,4.86,0.009430653595572722,0.12352521601380843,0.15232628117551034
SiC_15deg,15.0,0.3,4.88,0.009419071081568307,0.1254121400348322,0.1518191643240029
SiC_15deg,15.0,0.3,4.9,0.009414409575644852,0.1264107274130816,0.1515478138487186
SiC_15deg,15.0,0.3,4.92,0.009418225295542138,0.1262177640262143,0.1515924438132356
SiC_15deg,15.0,0.3,4.9399999999999995,0.00943124264132978,0.12455397914935287,0.1520262008855969
SiC_15deg,15.0,0.3,4.96,0.009452904479360683,0.12127923010354168,0.1528849655504168
SiC_15deg,15.0,0.3,4.98,0.009481174811358795,0.1165097447236967,0.15413687637577833
SiC_15deg,15.0,0.3,5.0,0.009512837120899429,0.11066681494745804,0.1556700528251947
SiC_15deg,15.0,0.3,5.02,0.009544250057613052,0.10441296634175623,0.15730984034386858
SiC_15deg,15.0,0.3,5.04,0.009572194787685192,0.09850227937182539,0.15885832400329128
SiC_15deg,15.0,0.3,5.0600000000000005,0.0095944036968394,0.09362190400362347,0.16013579315286916
SiC_15deg,15.0,0.3,5.08,0.009609628163283793,0.09028623436723089,0.16100812792117197
SiC_15deg,15.0,0.3,5.1,0.009617396553272498,0.08879285378979958,0.16139790747080374
SiC_15deg,15.0,0.3,5.12,0.009617711319732217,0.08921672236401759,0.16128558481821273
SiC_15deg,15.0,0.3,5.140000000000001,0.009610858208963248,0.09142417490191038,0.1607056887177646
SiC_15deg,15.0,0.3,5.16,0.00959737063828478,0.09510831369324371,0.15973770287725078
SiC_15deg,15.0,0.3,5.18,0.009578089914280268,0.09985294938720472,0.1584897047569249
SiC_15deg,15.0,0.3,5.2,0.009554224649661758,0.10521537614922963,0.15707713844201046
SiC_15deg,15.0,0.3,5.220000000000001,0.009527346012141209,0.11079810336955677,0.15560433503465554
SiC_15deg,15.0,0.3,5.24,0.009499320494589144,0.11628035925750449,0.15415630587203127
SiC_15deg,15.0,0.3,5.26,0.009472217833452696,0.12140287354002377,0.15280253752131795
SiC_15deg,15.0,0.3,5.28,0.009448211477501476,0.1259246543302747,0.1516079935451913
SiC_15deg,15.0,0.3,5.300000000000001,0.009429437585227,0.12958340885267594,0.15064312312985853
SiC_15deg,15.0,0.3,5.32,0.009417744469946653,0.13209166314956974,0.14998452548851532
SiC_15deg,15.0,0.3,5.34,0.009414294502207174,0.13319049947269687,0.14970057224963504
SiC_15deg,15.0,0.3,5.359999999999999,0.009419097669723922,0.13275738766651857,0.14982300346464755
SiC_15deg,15.0,0.3,5.38,0.009430706625374057,0.13092429158068442,0.1503160967039328
SiC_15deg,15.0,0.3,5.4,0.0094463309610618,0.12813307121578435,0.1510625595772155
SiC_15deg,15.0,0.3,5.42,0.009462415675373245,0.1250765175834224,0.15187951778482606
SiC_15deg,15.0,0.3,5.4399999999999995,0.009475416011810388,0.12254282851725501,0.15255964298899627
SiC_15deg,15.0,0.3,5.46,0.009482400049896755,0.12123673160835416,0.15291803901967446
SiC_15deg,15.0,0.3,5.48,0.009481313549811122,0.1216427331771985,0.15282775658426323
SiC_15deg,15.0,0.3,5.5,0.009471015076334402,0.12395001649455901,0.15223902084196803
SiC_15deg,15.0,0.3,5.52,0.009451292633262703,0.1280294153681774,0.15118492172390766
SiC_15deg,15.0,0.3,5.54,0.009422980368485772,0.13345701132846288,0.14977518479648771
SiC_15deg,15.0,0.3,5.5600000000000005,0.0093881234853107,0.13958965195186532,0.1481767027133197
SiC_15deg,15.0,0.3,5.58,0.009350028008689674,0.14568623561838823,0.14658232486432904
SiC_15deg,15.0,0.3,5.6,0.009313062463980578,0.15103827071828596,0.14517719038970617
SiC_15deg,15.0,0.3,5.62,0.00928221825316236,0.15505704768002543,0.14411612328211518
SiC_15deg,15.0,0.3,5.640000000000001,0.00926254882494534,0.1572862142338137,0.14352016458556116
SiC_15deg,15.0,0.3,5.66,0.009258592125050489,0.1573522655373342,0.14348906877322531
SiC_15deg,15.0,0.3,5.68,0.00927377581082726,0.15489798281318395,0.14411815697202607
SiC_15deg,15.0,0.3,5.7,0.00930973998248389,0.14955026044507708,0.14550620823464397
SiC_15deg,15.0,0.3,5.720000000000001,0.009365588910723432,0.14096010890561309,0.14774459785465002
SiC_15deg,15.0,0.3,5.74,0.00943730452518522,0.12892428202990533,0.15088531772115457
SiC_15deg,15.0,0.3,5.76,0.009517783277411537,0.11355365416476822,0.15489713998644142
SiC_15deg,15.0,0.3,5.78,0.009597923821421134,0.09540594732314851,0.15963155774453128
SiC_15deg,15.0,0.3,5.800000000000001,0.00966870620705335,0.07549210242520292,0.1648220966904645
SiC_15deg,15.0,0.3,5.82,0.00972351405626458,0.05513197221290382,0.17012298766876358
SiC_15deg,15.0,0.3,5.84,0.009759685825417086,0.03573749900172308,0.17516635816188747
SiC_15deg,15.0,0.3,5.859999999999999,0.009778727146976848,0.01864268062629943,0.17960658319934544
SiC_15deg,15.0,0.3,5.88,0.009785307461313729,0.005038429232058624,0.18313671158913564
SiC_15deg,15.0,0.3,5.9,0.00978549564296401,-0.004026991320056708,0.18548743798072448
SiC_15deg,15.0,0.3,5.92,0.009784640218455595,-0.007666952994750073,0.18643099256349152
SiC_15deg,15.0,0.3,5.9399999999999995,0.009785271620761524,-0.0052474150712334185,0.1858038621464617
SiC_15deg,15.0,0.3,5.96,0.009785581973872845,0.0034750725049488185,0.18354214934380447
SiC_15deg,15.0,0.3,5.98,0.009779129808728288,0.018255591711349498,0.17970712645103726
SiC_15deg,15.0,0.3,6.0,0.009756043842264073,0.03838422568489595,0.17447996511801242
SiC_15deg,15.0,0.3,6.02,0.009705292639470047,0.06283443761620139,0.16812433045647354
SiC_15deg,15.0,0.3,6.04,0.00961716016955532,0.09045638137935132,0.160937191380907
SiC_15deg,15.0,0.3,6.0600000000000005,0.009485288067421516,0.12011334279184965,0.1532139754447994
SiC_15deg,15.0,0.3,6.08,0.009308214095090712,0.15070628143517653,0.145242296598187
SiC_15deg,15.0,0.3,6.1,0.009090688215674938,0.18110160400828593,0.13732040555768005
SiC_15deg,15.0,0.3,6.12,0.008844876134071008,0.21003148427474758,0.1297824270404753
SiC_15deg,15.0,0.3,6.140000000000001,0.008590923417433045,0.23606042569678462,0.12300606446789128
SiC_15deg,15.0,0.3,6.16,0.008355651846862624,0.2576954833651734,0.11738274671423869
SiC_15deg,15.0,0.3,6.18,0.008168196879190279,0.2736444398035232,0.11324940788122392
SiC_15deg,15.0,0.3,6.2,0.008052967313293179,0.2831136119880537,0.1108105439143317
SiC_15deg,15.0,0.3,6.220000000000001,0.008022837328355549,0.285970357874936,0.11009637091117123
SiC_15deg,15.0,0.3,6.24,0.008076374204591456,0.2826625655044331,0.1109849634922398
SiC_15deg,15.0,0.3,6.26,0.008200362727397199,0.27395264414403486,0.11327287074023573
SiC_15deg,15.0,0.3,6.28,0.008375227200085314,0.26064000134640986,0.11674842729754727
SiC_15deg,15.0,0.3,6.300000000000001,0.008579959927228212,0.24342397755000028,0.1212280212546253
SiC_15deg,15.0,0.3,6.32,0.008795016303988917,0.22294576436324492,0.12654534114685873
SiC_15deg,15.0,0.3,6.34,0.009003659485050344,0.1999368926058072,0.1325125066062605
SiC_15deg,15.0,0.3,6.359999999999999,0.00919278947889189,0.17534826391651806,0.1388858770442187
SiC_15deg,15.0,0.3,6.38,0.009353699295685665,0.15035431690695011,0.1453640308987518
SiC_15deg,15.0,0.3,6.4,0.00948248478010122,0.12621103677922949,0.15162370638515288
SiC_15deg,15.0,0.3,6.42,0.009579677067833624,0.10404211636876239,0.1573747281689148
SiC_15deg,15.0,0.3,6.4399999999999995,0.009649059941856967,0.08466469104955353,0.1624051606339462
SiC_15deg,15.0,0.3,6.46,0.009696092908720333,0.06852380611007547,0.16659865230253254
SiC_15deg,15.0,0.3,6.48,0.009726480855298082,0.05573130601089112,0.16992485646744446
SiC_15deg,15.0,0.3,6.5,0.009745221538821005,0.0461591661300667,0.17241568395054083
SiC_15deg,15.0,0.3,6.52,0.009756175403425438,0.039535935708683835,0.17414059879179267
SiC_15deg,15.0,0.3,6.54,0.009762025958366808,0.035518642067842915,0.1751881107149062
SiC_15deg,15.0,0.3,6.5600000000000005,0.009764457513073987,0.03373797424641337,0.17565404782885707
SiC_15deg,15.0,0.3,6.58,0.009764409728541016,0.03382928579167445,0.17563338488390895
SiC_15deg,15.0,0.3,6.6,0.00976231828737891,0.03546208310784756,0.17521238683584342
SiC_15deg,15.0,0.3,6.62,0.009758295215825987,0.038369318318518086,0.17446079480908908
SiC_15deg,15.0,0.3,6.640000000000001,0.009752239478897277,0.04236575725231881,0.17342690664204555
SiC_15deg,15.0,0.3,6.66,0.009743896772471452,0.04734339510763407,0.17213870178885313
SiC_15deg,15.0,0.3,6.68,0.009732900422001745,0.05324205852499283,0.1706114759282496
SiC_15deg,15.0,0.3,6.7,0.009718820732104566,0.06000568632079518,0.16885923107431297
SiC_15deg,15.0,0.3,6.720000000000001,0.009701233357767921,0.0675417334996912,0.1669052825452615
SiC_15deg,15.0,0.3,6.74,0.009679796007177105,0.0757013335109775,0.16478751567543215
SiC_15deg,15.0,0.3,6.76,0.009654306123850952,0.08429109170557252,0.16255547429914075
SiC_15deg,15.0,0.3,6.78,0.009624712416347412,0.09311326918379921,0.1602600955638006
SiC_15deg,15.0,0.3,6.800000000000001,0.00959107735055981,0.10201475493388712,0.1579411270176022
SiC_15deg,15.0,0.3,6.82,0.009553523808290797,0.1109180774057683,0.15561912715931286
SiC_15deg,15.0,0.3,6.84,0.009512219688132586,0.11981668648259523,0.15329666103883585
SiC_15deg,15.0,0.3,6.859999999999999,0.009467442549902902,0.12873508973319492,0.15096857321613402
SiC_15deg,15.0,0.3,6.88,0.009419730234196805,0.13766910730353513,0.14863740726210303
SiC_15deg,15.0,0.3,6.9,0.00937007885978873,0.14652716308765207,0.14632853968378282
SiC_15deg,15.0,0.3,6.92,0.009320104084419405,0.15509425518707484,0.14409937365395156
SiC_15deg,15.0,0.3,6.9399999999999995,0.009272044477195682,0.16303944485147265,0.14203714505205328
SiC_15deg,15.0,0.3,6.96,0.009228493378326362,0.16998021944615552,0.14024188673431562
SiC_15deg,15.0,0.3,6.98,0.009191850322564912,0.17559404851724356,0.13879716569439546
SiC_15deg,15.0,0.3,7.0,0.009163677206408606,0.17973306700868705,0.13774019278979757
SiC_15deg,15.0,0.3,7.0200000000000005,0.009144288130360988,0.18247940487400788,0.1370476308143588
SiC_15deg,15.0,0.3,7.04,0.009132819301533576,0.18410390324584572,0.13664671911721055
SiC_15deg,15.0,0.3,7.0600000000000005,0.009127736130000666,0.18494816591424476,0.13644634978918413
SiC_15deg,15.0,0.3,7.08,0.009127483304839354,0.18529225298110613,0.13637175170352744
SiC_15deg,15.0,0.3,7.1,0.00913096144056828,0.18526853477140007,0.13638703241608388
SiC_15deg,15.0,0.3,7.12,0.009137672005596537,0.18485027288295677,0.13649822746175097
SiC_15deg,15.0,0.3,7.14,0.009147553847417436,0.18390908434673361,0.13673844231814256
SiC_15deg,15.0,0.3,7.16,0.009160653401734704,0.18231075103621835,0.13714301456393282
SiC_15deg,15.0,0.3,7.18,0.009176814922662806,0.18000564661567775,0.13772599150278605
SiC_15deg,15.0,0.3,7.2,0.009195543643708259,0.17707340715565764,0.13846836219307743
SiC_15deg,15.0,0.3,7.22,0.009216091393675687,0.1737045564900609,0.13932256294934686
SiC_15deg,15.0,0.3,7.24,0.009237695320694043,0.17013320346310987,0.14022968371319763
SiC_15deg,15.0,0.3,7.26,0.009259839290306443,0.16655427020964633,0.14114077431242644
SiC_15deg,15.0,0.3,7.28,0.009282425751033233,0.16305699621515654,0.14203403022782535
SiC_15deg,15.0,0.3,7.3,0.009305801674520768,0.15959297795440272,0.14292307216553604
SiC_15deg,15.0,0.3,7.32,0.009330628564356012,0.15598544236097062,0.1438545101320835
SiC_15deg,15.0,0.3,7.34,0.009357617461360481,0.15198041395620163,0.14489457501224765
SiC_15deg,15.0,0.3,7.36,0.009387189466614708,0.147332916268414,0.14610661406815234
SiC_15deg,15.0,0.3,7.38,0.009419178189828462,0.14190577329300602,0.1475253576168428
SiC_15deg,15.0,0.3,7.4,0.009452719088638924,0.13574166222648953,0.14913827718205414
SiC_15deg,15.0,0.3,7.42,0.009486407410515848,0.12907080237066446,0.15088384010181993
SiC_15deg,15.0,0.3,7.44,0.009518659382342982,0.12224787501463404,0.1526682426218833
SiC_15deg,15.0,0.3,7.46,0.009548094323188656,0.11565229385024103,0.15439161063556392
SiC_15deg,15.0,0.3,7.48,0.009573770822956098,0.10960145698195037,0.15597067205330659
SiC_15deg,15.0,0.3,7.5,0.009595227283113628,0.10430815650336706,0.15734980195976786
SiC_15deg,15.0,0.3,7.5200000000000005,0.009612383571853433,0.09988317081720063,0.15850024349309252
SiC_15deg,15.0,0.3,7.54,0.009625392799060252,0.09636532476255433,0.15941217789844736
SiC_15deg,15.0,0.3,7.5600000000000005,0.009634508067139745,0.09375836535424015,0.1600850460296233
SiC_15deg,15.0,0.3,7.58,0.009639991793801848,0.09205970354657259,0.1605200116637383
SiC_15deg,15.0,0.3,7.6000000000000005,0.009642069492284005,0.09127394627869963,0.16071640091152664
SiC_15deg,15.0,0.3,7.62,0.009640919145290933,0.09141123267546263,0.16067211298375111
SiC_15deg,15.0,0.3,7.64,0.009636686345692622,0.0924749229254607,0.16038682196411772
SiC_15deg,15.0,0.3,7.66,0.009629518255137267,0.09444422138708995,0.1598665156878863
SiC_15deg,15.0,0.3,7.68,0.009619611230013201,0.0972560848824678,0.15912822689934478
SiC_15deg,15.0,0.3,7.7,0.009607264034874137,0.10079015066202579,0.15820396186159366
SiC_15deg,15.0,0.3,7.72,0.00959291960335971,0.10486230910782365,0.15714233596943503
SiC_15deg,15.0,0.3,7.74,0.009577166981781125,0.10923560301769472,0.15600563926944278
SiC_15deg,15.0,0.3,7.76,0.009560672909594592,0.11365645116592886,0.15486025949655935
SiC_15deg,15.0,0.3,7.78,0.009544035131066402,0.11791429539294315,0.15376100620107494
SiC_15deg,15.0,0.3,7.8,0.009527599007659544,0.12190488305851803,0.1527345614230802
SiC_15deg,15.0,0.3,7.82,0.009511324367153481,0.1256647094865913,0.15177056175397693
SiC_15deg,15.0,0.3,7.84,0.00949478355869666,0.12935250936662343,0.1508265678952164
SiC_15deg,15.0,0.3,7.86,0.009477306228694927,0.13318150289382788,0.14984587450458686
SiC_15deg,15.0,0.3,7.88,0.009458212669594129,0.13733173068768523,0.148780447344778
SiC_15deg,15.0,0.3,7.9,0.00943704882898079,0.14187756353350736,0.14760984233702223
SiC_15deg,15.0,0.3,7.92,0.009413752003102826,0.1467544978989521,0.1463498801395279
SiC_15deg,15.0,0.3,7.94,0.00938870505585673,0.1517740616745882,0.1450488394180815
SiC_15deg,15.0,0.3,7.96,0.009362665115849983,0.15668105884493658,0.14377268776713883
SiC_15deg,15.0,0.3,7.98,0.009336589652063066,0.16123255187214697,0.142584666857992
SiC_15deg,15.0,0.3,8.0,0.009311427390804266,0.16526705177319248,0.1415273598889745
